video_id,subset,action_label,gloss,feature_path
9016136408981892-ASK_flip,train,0,HOSPITAL,/content/drive/MyDrive/Kophos_Features_MVP_34/features_mp/train/9016136408981892-ASK_flip.npy
6361233197473107-ASK_flip,train,0,HOSPITAL,/content/drive/MyDrive/Kophos_Features_MVP_34/features_mp/train/6361233197473107-ASK_flip.npy
5976950094284144-ASK,train,0,HOSPITAL,/content/drive/MyDrive/Kophos_Features_MVP_34/features_mp/train/5976950094284144-ASK.npy
9119980641597214-ASK_flip,train,0,HOSPITAL,/content/drive/MyDrive/Kophos_Features_MVP_34/features_mp/train/9119980641597214-ASK_flip.npy
8288754770279061-ASK_flip,train,0,HOSPITAL,/content/drive/MyDrive/Kophos_Features_MVP_34/features_mp/train/8288754770279061-ASK_flip.npy
9638840077181248-ASK_flip,train,0,HOSPITAL,/content/drive/MyDrive/Kophos_Features_MVP_34/features_mp/train/9638840077181248-ASK_flip.npy
4229331784858039-ASK,train,0,HOSPITAL,/content/drive/MyDrive/Kophos_Features_MVP_34/features_mp/train/4229331784858039-ASK.npy
7016774114845865-ASK,train,0,HOSPITAL,/content/drive/MyDrive/Kophos_Features_MVP_34/features_mp/train/7016774114845865-ASK.npy
8888684132386102-ASK,train,0,HOSPITAL,/content/drive/MyDrive/Kophos_Features_MVP_34/features_mp/train/8888684132386102-ASK.npy
7414475346730574-ASK,train,0,HOSPITAL,/content/drive/MyDrive/Kophos_Features_MVP_34/features_mp/train/7414475346730574-ASK.npy
5144137925821732-ASK_flip,train,0,HOSPITAL,/content/drive/MyDrive/Kophos_Features_MVP_34/features_mp/train/5144137925821732-ASK_flip.npy
9468049272199688-ASK,train,0,HOSPITAL,/content/drive/MyDrive/Kophos_Features_MVP_34/features_mp/train/9468049272199688-ASK.npy
7289630318591162-ASK_flip,train,0,HOSPITAL,/content/drive/MyDrive/Kophos_Features_MVP_34/features_mp/train/7289630318591162-ASK_flip.npy
6191228365161472-ASK_flip,train,0,HOSPITAL,/content/drive/MyDrive/Kophos_Features_MVP_34/features_mp/train/6191228365161472-ASK_flip.npy
7494006086659246-ASK_flip,train,0,HOSPITAL,/content/drive/MyDrive/Kophos_Features_MVP_34/features_mp/train/7494006086659246-ASK_flip.npy
8089826726180184-ASK_flip,train,0,HOSPITAL,/content/drive/MyDrive/Kophos_Features_MVP_34/features_mp/train/8089826726180184-ASK_flip.npy
5187180924403598-ASK,train,0,HOSPITAL,/content/drive/MyDrive/Kophos_Features_MVP_34/features_mp/train/5187180924403598-ASK.npy
2723076774517803-ASK_flip,train,0,HOSPITAL,/content/drive/MyDrive/Kophos_Features_MVP_34/features_mp/train/2723076774517803-ASK_flip.npy
7136787726533871-ASK_flip,train,0,HOSPITAL,/content/drive/MyDrive/Kophos_Features_MVP_34/features_mp/train/7136787726533871-ASK_flip.npy
1707437489789738-ASK_flip,train,0,HOSPITAL,/content/drive/MyDrive/Kophos_Features_MVP_34/features_mp/train/1707437489789738-ASK_flip.npy
5540811057971774-ASK_flip,train,0,HOSPITAL,/content/drive/MyDrive/Kophos_Features_MVP_34/features_mp/train/5540811057971774-ASK_flip.npy
4729968738581152-ASK_flip,train,0,HOSPITAL,/content/drive/MyDrive/Kophos_Features_MVP_34/features_mp/train/4729968738581152-ASK_flip.npy
9150611387804977-ASK_flip,train,0,HOSPITAL,/content/drive/MyDrive/Kophos_Features_MVP_34/features_mp/train/9150611387804977-ASK_flip.npy
1815054149521116-ASK_flip,train,0,HOSPITAL,/content/drive/MyDrive/Kophos_Features_MVP_34/features_mp/train/1815054149521116-ASK_flip.npy
9984673314288812-ASK,train,0,HOSPITAL,/content/drive/MyDrive/Kophos_Features_MVP_34/features_mp/train/9984673314288812-ASK.npy
6638391594735852-ASK_flip,train,0,HOSPITAL,/content/drive/MyDrive/Kophos_Features_MVP_34/features_mp/train/6638391594735852-ASK_flip.npy
3793385805812627-ASK_flip,train,0,HOSPITAL,/content/drive/MyDrive/Kophos_Features_MVP_34/features_mp/train/3793385805812627-ASK_flip.npy
2085616004060087-ASK_flip,train,0,HOSPITAL,/content/drive/MyDrive/Kophos_Features_MVP_34/features_mp/train/2085616004060087-ASK_flip.npy
5128330579647445-ASK_flip,train,0,HOSPITAL,/content/drive/MyDrive/Kophos_Features_MVP_34/features_mp/train/5128330579647445-ASK_flip.npy
9909223756526533-ASK_flip,train,0,HOSPITAL,/content/drive/MyDrive/Kophos_Features_MVP_34/features_mp/train/9909223756526533-ASK_flip.npy
2435804188501464-ASK_flip,train,0,HOSPITAL,/content/drive/MyDrive/Kophos_Features_MVP_34/features_mp/train/2435804188501464-ASK_flip.npy
4106603456013403-ASK_flip,train,0,HOSPITAL,/content/drive/MyDrive/Kophos_Features_MVP_34/features_mp/train/4106603456013403-ASK_flip.npy
9813145306665568-ASK_flip,train,0,HOSPITAL,/content/drive/MyDrive/Kophos_Features_MVP_34/features_mp/train/9813145306665568-ASK_flip.npy
7823304444192017-ASK_flip,train,0,HOSPITAL,/content/drive/MyDrive/Kophos_Features_MVP_34/features_mp/train/7823304444192017-ASK_flip.npy
6306966617125181-ASK_flip,train,0,HOSPITAL,/content/drive/MyDrive/Kophos_Features_MVP_34/features_mp/train/6306966617125181-ASK_flip.npy
9809215875477292-ASK_flip,train,0,HOSPITAL,/content/drive/MyDrive/Kophos_Features_MVP_34/features_mp/train/9809215875477292-ASK_flip.npy
2490150449515618-ASK,train,0,HOSPITAL,/content/drive/MyDrive/Kophos_Features_MVP_34/features_mp/train/2490150449515618-ASK.npy
6754054426478515-ASK,train,0,HOSPITAL,/content/drive/MyDrive/Kophos_Features_MVP_34/features_mp/train/6754054426478515-ASK.npy
4859811375387353-ASK_flip,train,0,HOSPITAL,/content/drive/MyDrive/Kophos_Features_MVP_34/features_mp/train/4859811375387353-ASK_flip.npy
8926729576160704-ASK,train,0,HOSPITAL,/content/drive/MyDrive/Kophos_Features_MVP_34/features_mp/train/8926729576160704-ASK.npy
4655254822674189-ASK_flip,train,0,HOSPITAL,/content/drive/MyDrive/Kophos_Features_MVP_34/features_mp/train/4655254822674189-ASK_flip.npy
8299925998065008-ASK_flip,train,0,HOSPITAL,/content/drive/MyDrive/Kophos_Features_MVP_34/features_mp/train/8299925998065008-ASK_flip.npy
7072821167111014-ASK,train,0,HOSPITAL,/content/drive/MyDrive/Kophos_Features_MVP_34/features_mp/train/7072821167111014-ASK.npy
8433879172074253-ASK_flip,train,0,HOSPITAL,/content/drive/MyDrive/Kophos_Features_MVP_34/features_mp/train/8433879172074253-ASK_flip.npy
375964197411883-ASK,train,0,HOSPITAL,/content/drive/MyDrive/Kophos_Features_MVP_34/features_mp/train/375964197411883-ASK.npy
17597114212490883-ASK,train,0,HOSPITAL,/content/drive/MyDrive/Kophos_Features_MVP_34/features_mp/train/17597114212490883-ASK.npy
6334898883962793-ASK_flip,train,0,HOSPITAL,/content/drive/MyDrive/Kophos_Features_MVP_34/features_mp/train/6334898883962793-ASK_flip.npy
9839009299513174-ASK_flip,train,0,HOSPITAL,/content/drive/MyDrive/Kophos_Features_MVP_34/features_mp/train/9839009299513174-ASK_flip.npy
0773952609683628-ASK,train,0,HOSPITAL,/content/drive/MyDrive/Kophos_Features_MVP_34/features_mp/train/0773952609683628-ASK.npy
3562588551318042-ASK_flip,train,0,HOSPITAL,/content/drive/MyDrive/Kophos_Features_MVP_34/features_mp/train/3562588551318042-ASK_flip.npy
7989597695584512-ASK,train,0,HOSPITAL,/content/drive/MyDrive/Kophos_Features_MVP_34/features_mp/train/7989597695584512-ASK.npy
6370702900476413-ASK,train,0,HOSPITAL,/content/drive/MyDrive/Kophos_Features_MVP_34/features_mp/train/6370702900476413-ASK.npy
4741008504153732-ASK_flip,train,0,HOSPITAL,/content/drive/MyDrive/Kophos_Features_MVP_34/features_mp/train/4741008504153732-ASK_flip.npy
1640964124112129-ASK_flip,train,0,HOSPITAL,/content/drive/MyDrive/Kophos_Features_MVP_34/features_mp/train/1640964124112129-ASK_flip.npy
8024768302900454-ASK_flip,train,0,HOSPITAL,/content/drive/MyDrive/Kophos_Features_MVP_34/features_mp/train/8024768302900454-ASK_flip.npy
5662653500807588-ASK,train,0,HOSPITAL,/content/drive/MyDrive/Kophos_Features_MVP_34/features_mp/train/5662653500807588-ASK.npy
8377113553977625-ASK_flip,train,0,HOSPITAL,/content/drive/MyDrive/Kophos_Features_MVP_34/features_mp/train/8377113553977625-ASK_flip.npy
6099192272966338-ASK,train,0,HOSPITAL,/content/drive/MyDrive/Kophos_Features_MVP_34/features_mp/train/6099192272966338-ASK.npy
6455677348837485-ASK,train,0,HOSPITAL,/content/drive/MyDrive/Kophos_Features_MVP_34/features_mp/train/6455677348837485-ASK.npy
8067254699002225-ASK_flip,train,0,HOSPITAL,/content/drive/MyDrive/Kophos_Features_MVP_34/features_mp/train/8067254699002225-ASK_flip.npy
7915175073049511-ASK_flip,train,0,HOSPITAL,/content/drive/MyDrive/Kophos_Features_MVP_34/features_mp/train/7915175073049511-ASK_flip.npy
7961573818928449-ASK_flip,train,0,HOSPITAL,/content/drive/MyDrive/Kophos_Features_MVP_34/features_mp/train/7961573818928449-ASK_flip.npy
8861528384936051-ASK_flip,train,0,HOSPITAL,/content/drive/MyDrive/Kophos_Features_MVP_34/features_mp/train/8861528384936051-ASK_flip.npy
1527364783857171-ASK_flip,train,0,HOSPITAL,/content/drive/MyDrive/Kophos_Features_MVP_34/features_mp/train/1527364783857171-ASK_flip.npy
5819760248292317-ASK_flip,train,0,HOSPITAL,/content/drive/MyDrive/Kophos_Features_MVP_34/features_mp/train/5819760248292317-ASK_flip.npy
9274333053677249-ASK_flip,train,0,HOSPITAL,/content/drive/MyDrive/Kophos_Features_MVP_34/features_mp/train/9274333053677249-ASK_flip.npy
1152765814978693-ASK_flip,train,0,HOSPITAL,/content/drive/MyDrive/Kophos_Features_MVP_34/features_mp/train/1152765814978693-ASK_flip.npy
6083933418393961-ASK_flip,train,0,HOSPITAL,/content/drive/MyDrive/Kophos_Features_MVP_34/features_mp/train/6083933418393961-ASK_flip.npy
1498393104042600-ASK_flip,train,0,HOSPITAL,/content/drive/MyDrive/Kophos_Features_MVP_34/features_mp/train/1498393104042600-ASK_flip.npy
8639942892233525-ASK_flip,train,0,HOSPITAL,/content/drive/MyDrive/Kophos_Features_MVP_34/features_mp/train/8639942892233525-ASK_flip.npy
5955353769367979-ASK_flip,train,0,HOSPITAL,/content/drive/MyDrive/Kophos_Features_MVP_34/features_mp/train/5955353769367979-ASK_flip.npy
1937161006507052-ASK_flip,train,0,HOSPITAL,/content/drive/MyDrive/Kophos_Features_MVP_34/features_mp/train/1937161006507052-ASK_flip.npy
3689239589362408-ASK_flip,val,0,HOSPITAL,/content/drive/MyDrive/Kophos_Features_MVP_34/features_mp/val/3689239589362408-ASK_flip.npy
6706457733210773-ASK,val,0,HOSPITAL,/content/drive/MyDrive/Kophos_Features_MVP_34/features_mp/val/6706457733210773-ASK.npy
8702889283080875-ASK,val,0,HOSPITAL,/content/drive/MyDrive/Kophos_Features_MVP_34/features_mp/val/8702889283080875-ASK.npy
07578464379765082-ASK,val,0,HOSPITAL,/content/drive/MyDrive/Kophos_Features_MVP_34/features_mp/val/07578464379765082-ASK.npy
5894896318824426-ASK_flip,val,0,HOSPITAL,/content/drive/MyDrive/Kophos_Features_MVP_34/features_mp/val/5894896318824426-ASK_flip.npy
3656809640602726-ASK_flip,val,0,HOSPITAL,/content/drive/MyDrive/Kophos_Features_MVP_34/features_mp/val/3656809640602726-ASK_flip.npy
2596475703241050-ASK_flip,val,0,HOSPITAL,/content/drive/MyDrive/Kophos_Features_MVP_34/features_mp/val/2596475703241050-ASK_flip.npy
6763157955886321-ASK,val,0,HOSPITAL,/content/drive/MyDrive/Kophos_Features_MVP_34/features_mp/val/6763157955886321-ASK.npy
7199026702252793-ASK_flip,val,0,HOSPITAL,/content/drive/MyDrive/Kophos_Features_MVP_34/features_mp/val/7199026702252793-ASK_flip.npy
32589649401310283-ASK,test,0,HOSPITAL,/content/drive/MyDrive/Kophos_Features_MVP_34/features_mp/test/32589649401310283-ASK.npy
4350117815065837-ASK,test,0,HOSPITAL,/content/drive/MyDrive/Kophos_Features_MVP_34/features_mp/test/4350117815065837-ASK.npy
2648523943595757-ASK_flip,test,0,HOSPITAL,/content/drive/MyDrive/Kophos_Features_MVP_34/features_mp/test/2648523943595757-ASK_flip.npy
4583600445399818-ASK_flip,test,0,HOSPITAL,/content/drive/MyDrive/Kophos_Features_MVP_34/features_mp/test/4583600445399818-ASK_flip.npy
12427744708858346-ASK,test,0,HOSPITAL,/content/drive/MyDrive/Kophos_Features_MVP_34/features_mp/test/12427744708858346-ASK.npy
7602860108620950-ASK_flip,test,0,HOSPITAL,/content/drive/MyDrive/Kophos_Features_MVP_34/features_mp/test/7602860108620950-ASK_flip.npy
2629108059091052-ASK,test,0,HOSPITAL,/content/drive/MyDrive/Kophos_Features_MVP_34/features_mp/test/2629108059091052-ASK.npy
656039289068084-ASK,test,0,HOSPITAL,/content/drive/MyDrive/Kophos_Features_MVP_34/features_mp/test/656039289068084-ASK.npy
2295384916053822-ASK,test,0,HOSPITAL,/content/drive/MyDrive/Kophos_Features_MVP_34/features_mp/test/2295384916053822-ASK.npy
9289458691981397-BAD_flip,train,1,LAUGH,/content/drive/MyDrive/Kophos_Features_MVP_34/features_mp/train/9289458691981397-BAD_flip.npy
24751730661041682-BAD,train,1,LAUGH,/content/drive/MyDrive/Kophos_Features_MVP_34/features_mp/train/24751730661041682-BAD.npy
9701304221413551-BAD,train,1,LAUGH,/content/drive/MyDrive/Kophos_Features_MVP_34/features_mp/train/9701304221413551-BAD.npy
9411549614200669-BAD,train,1,LAUGH,/content/drive/MyDrive/Kophos_Features_MVP_34/features_mp/train/9411549614200669-BAD.npy
7598609196216594-BAD_flip,train,1,LAUGH,/content/drive/MyDrive/Kophos_Features_MVP_34/features_mp/train/7598609196216594-BAD_flip.npy
008134541577476506-BAD,train,1,LAUGH,/content/drive/MyDrive/Kophos_Features_MVP_34/features_mp/train/008134541577476506-BAD.npy
8996105965425733-BAD_flip,train,1,LAUGH,/content/drive/MyDrive/Kophos_Features_MVP_34/features_mp/train/8996105965425733-BAD_flip.npy
2870308797378995-BAD_flip,train,1,LAUGH,/content/drive/MyDrive/Kophos_Features_MVP_34/features_mp/train/2870308797378995-BAD_flip.npy
4646688155898039-BAD_flip,train,1,LAUGH,/content/drive/MyDrive/Kophos_Features_MVP_34/features_mp/train/4646688155898039-BAD_flip.npy
2507302256262631-BAD,train,1,LAUGH,/content/drive/MyDrive/Kophos_Features_MVP_34/features_mp/train/2507302256262631-BAD.npy
6800925380820816-BAD_flip,train,1,LAUGH,/content/drive/MyDrive/Kophos_Features_MVP_34/features_mp/train/6800925380820816-BAD_flip.npy
26378912740269156-BAD,train,1,LAUGH,/content/drive/MyDrive/Kophos_Features_MVP_34/features_mp/train/26378912740269156-BAD.npy
1742221468356997-BAD_flip,train,1,LAUGH,/content/drive/MyDrive/Kophos_Features_MVP_34/features_mp/train/1742221468356997-BAD_flip.npy
09145990846220031-BAD,train,1,LAUGH,/content/drive/MyDrive/Kophos_Features_MVP_34/features_mp/train/09145990846220031-BAD.npy
16659435197682293-BAD,train,1,LAUGH,/content/drive/MyDrive/Kophos_Features_MVP_34/features_mp/train/16659435197682293-BAD.npy
1583686602856138-BAD,train,1,LAUGH,/content/drive/MyDrive/Kophos_Features_MVP_34/features_mp/train/1583686602856138-BAD.npy
1627401353896475-BAD_flip,train,1,LAUGH,/content/drive/MyDrive/Kophos_Features_MVP_34/features_mp/train/1627401353896475-BAD_flip.npy
2010323158059879-BAD_flip,train,1,LAUGH,/content/drive/MyDrive/Kophos_Features_MVP_34/features_mp/train/2010323158059879-BAD_flip.npy
3482356283643987-BAD_flip,train,1,LAUGH,/content/drive/MyDrive/Kophos_Features_MVP_34/features_mp/train/3482356283643987-BAD_flip.npy
7628262965013866-BAD,train,1,LAUGH,/content/drive/MyDrive/Kophos_Features_MVP_34/features_mp/train/7628262965013866-BAD.npy
5659676128784526-BAD_flip,train,1,LAUGH,/content/drive/MyDrive/Kophos_Features_MVP_34/features_mp/train/5659676128784526-BAD_flip.npy
4720037702546913-BAD,train,1,LAUGH,/content/drive/MyDrive/Kophos_Features_MVP_34/features_mp/train/4720037702546913-BAD.npy
9257839947967759-BAD_flip,train,1,LAUGH,/content/drive/MyDrive/Kophos_Features_MVP_34/features_mp/train/9257839947967759-BAD_flip.npy
9739528719901436-BAD,train,1,LAUGH,/content/drive/MyDrive/Kophos_Features_MVP_34/features_mp/train/9739528719901436-BAD.npy
21076084261461991-BAD,train,1,LAUGH,/content/drive/MyDrive/Kophos_Features_MVP_34/features_mp/train/21076084261461991-BAD.npy
34169036359301463-BAD,train,1,LAUGH,/content/drive/MyDrive/Kophos_Features_MVP_34/features_mp/train/34169036359301463-BAD.npy
5711091952474189-BAD_flip,train,1,LAUGH,/content/drive/MyDrive/Kophos_Features_MVP_34/features_mp/train/5711091952474189-BAD_flip.npy
2934196279833269-BAD_flip,train,1,LAUGH,/content/drive/MyDrive/Kophos_Features_MVP_34/features_mp/train/2934196279833269-BAD_flip.npy
6380653189641455-BAD_flip,train,1,LAUGH,/content/drive/MyDrive/Kophos_Features_MVP_34/features_mp/train/6380653189641455-BAD_flip.npy
06213765949527894-BAD,train,1,LAUGH,/content/drive/MyDrive/Kophos_Features_MVP_34/features_mp/train/06213765949527894-BAD.npy
3337116269983160-BAD_flip,train,1,LAUGH,/content/drive/MyDrive/Kophos_Features_MVP_34/features_mp/train/3337116269983160-BAD_flip.npy
5971513744254144-BAD,train,1,LAUGH,/content/drive/MyDrive/Kophos_Features_MVP_34/features_mp/train/5971513744254144-BAD.npy
06939945586940688-BAD,train,1,LAUGH,/content/drive/MyDrive/Kophos_Features_MVP_34/features_mp/train/06939945586940688-BAD.npy
2625999508953624-BAD_flip,train,1,LAUGH,/content/drive/MyDrive/Kophos_Features_MVP_34/features_mp/train/2625999508953624-BAD_flip.npy
3902066565270767-BAD_flip,train,1,LAUGH,/content/drive/MyDrive/Kophos_Features_MVP_34/features_mp/train/3902066565270767-BAD_flip.npy
41399470555461226-BAD,train,1,LAUGH,/content/drive/MyDrive/Kophos_Features_MVP_34/features_mp/train/41399470555461226-BAD.npy
5185020870574255-BAD_flip,train,1,LAUGH,/content/drive/MyDrive/Kophos_Features_MVP_34/features_mp/train/5185020870574255-BAD_flip.npy
8500068040222597-BAD,train,1,LAUGH,/content/drive/MyDrive/Kophos_Features_MVP_34/features_mp/train/8500068040222597-BAD.npy
2098915627664743-BAD_flip,train,1,LAUGH,/content/drive/MyDrive/Kophos_Features_MVP_34/features_mp/train/2098915627664743-BAD_flip.npy
3763434553768781-BAD,train,1,LAUGH,/content/drive/MyDrive/Kophos_Features_MVP_34/features_mp/train/3763434553768781-BAD.npy
026903804811550636-BAD,val,1,LAUGH,/content/drive/MyDrive/Kophos_Features_MVP_34/features_mp/val/026903804811550636-BAD.npy
25163871214803346-BAD,val,1,LAUGH,/content/drive/MyDrive/Kophos_Features_MVP_34/features_mp/val/25163871214803346-BAD.npy
4887398528782518-BAD_flip,val,1,LAUGH,/content/drive/MyDrive/Kophos_Features_MVP_34/features_mp/val/4887398528782518-BAD_flip.npy
2344316606272553-BAD_flip,val,1,LAUGH,/content/drive/MyDrive/Kophos_Features_MVP_34/features_mp/val/2344316606272553-BAD_flip.npy
8721969275151971-BAD_flip,val,1,LAUGH,/content/drive/MyDrive/Kophos_Features_MVP_34/features_mp/val/8721969275151971-BAD_flip.npy
5312089456577771-BAD,val,1,LAUGH,/content/drive/MyDrive/Kophos_Features_MVP_34/features_mp/val/5312089456577771-BAD.npy
4757581442741833-BAD_flip,val,1,LAUGH,/content/drive/MyDrive/Kophos_Features_MVP_34/features_mp/val/4757581442741833-BAD_flip.npy
019466731254031755-BAD,val,1,LAUGH,/content/drive/MyDrive/Kophos_Features_MVP_34/features_mp/val/019466731254031755-BAD.npy
7504815823586848-BAD_flip,test,1,LAUGH,/content/drive/MyDrive/Kophos_Features_MVP_34/features_mp/test/7504815823586848-BAD_flip.npy
1530765105159461-BAD_flip,test,1,LAUGH,/content/drive/MyDrive/Kophos_Features_MVP_34/features_mp/test/1530765105159461-BAD_flip.npy
300065378201829-BAD,test,1,LAUGH,/content/drive/MyDrive/Kophos_Features_MVP_34/features_mp/test/300065378201829-BAD.npy
2782800129121342-BAD_flip,test,1,LAUGH,/content/drive/MyDrive/Kophos_Features_MVP_34/features_mp/test/2782800129121342-BAD_flip.npy
1343904905486834-BAD_flip,test,1,LAUGH,/content/drive/MyDrive/Kophos_Features_MVP_34/features_mp/test/1343904905486834-BAD_flip.npy
8834295053246077-BAD,test,1,LAUGH,/content/drive/MyDrive/Kophos_Features_MVP_34/features_mp/test/8834295053246077-BAD.npy
27067652476321635-BAD,test,1,LAUGH,/content/drive/MyDrive/Kophos_Features_MVP_34/features_mp/test/27067652476321635-BAD.npy
5332230941059487-BAD_flip,test,1,LAUGH,/content/drive/MyDrive/Kophos_Features_MVP_34/features_mp/test/5332230941059487-BAD_flip.npy
9781465154800835-BAD,test,1,LAUGH,/content/drive/MyDrive/Kophos_Features_MVP_34/features_mp/test/9781465154800835-BAD.npy
6558607659620332-BAD,test,1,LAUGH,/content/drive/MyDrive/Kophos_Features_MVP_34/features_mp/test/6558607659620332-BAD.npy
7794736489964396-BECOME_flip,train,2,MAKE,/content/drive/MyDrive/Kophos_Features_MVP_34/features_mp/train/7794736489964396-BECOME_flip.npy
7218773108417039-BECOME_flip,train,2,MAKE,/content/drive/MyDrive/Kophos_Features_MVP_34/features_mp/train/7218773108417039-BECOME_flip.npy
6206277359819543-BECOME,train,2,MAKE,/content/drive/MyDrive/Kophos_Features_MVP_34/features_mp/train/6206277359819543-BECOME.npy
9743014426842327-BECOME,train,2,MAKE,/content/drive/MyDrive/Kophos_Features_MVP_34/features_mp/train/9743014426842327-BECOME.npy
9206093416692862-BECOME,train,2,MAKE,/content/drive/MyDrive/Kophos_Features_MVP_34/features_mp/train/9206093416692862-BECOME.npy
34318091362618364-BECOME,train,2,MAKE,/content/drive/MyDrive/Kophos_Features_MVP_34/features_mp/train/34318091362618364-BECOME.npy
9101031723871930-BECOME_flip,train,2,MAKE,/content/drive/MyDrive/Kophos_Features_MVP_34/features_mp/train/9101031723871930-BECOME_flip.npy
2856248903045638-BECOME_flip,train,2,MAKE,/content/drive/MyDrive/Kophos_Features_MVP_34/features_mp/train/2856248903045638-BECOME_flip.npy
6385261422852019-BECOME_flip,train,2,MAKE,/content/drive/MyDrive/Kophos_Features_MVP_34/features_mp/train/6385261422852019-BECOME_flip.npy
7075821552490879-BECOME_flip,train,2,MAKE,/content/drive/MyDrive/Kophos_Features_MVP_34/features_mp/train/7075821552490879-BECOME_flip.npy
595659331701432-BECOME,train,2,MAKE,/content/drive/MyDrive/Kophos_Features_MVP_34/features_mp/train/595659331701432-BECOME.npy
3667435454593918-BECOME_flip,train,2,MAKE,/content/drive/MyDrive/Kophos_Features_MVP_34/features_mp/train/3667435454593918-BECOME_flip.npy
9937921981224223-BECOME,train,2,MAKE,/content/drive/MyDrive/Kophos_Features_MVP_34/features_mp/train/9937921981224223-BECOME.npy
6924925097714949-BECOME,train,2,MAKE,/content/drive/MyDrive/Kophos_Features_MVP_34/features_mp/train/6924925097714949-BECOME.npy
9341457156133180-BECOME_flip,train,2,MAKE,/content/drive/MyDrive/Kophos_Features_MVP_34/features_mp/train/9341457156133180-BECOME_flip.npy
4988206881747582-BECOME_flip,train,2,MAKE,/content/drive/MyDrive/Kophos_Features_MVP_34/features_mp/train/4988206881747582-BECOME_flip.npy
5628743417976216-BECOME,train,2,MAKE,/content/drive/MyDrive/Kophos_Features_MVP_34/features_mp/train/5628743417976216-BECOME.npy
707214880283084-BECOME,train,2,MAKE,/content/drive/MyDrive/Kophos_Features_MVP_34/features_mp/train/707214880283084-BECOME.npy
2707573393358112-BECOME_flip,train,2,MAKE,/content/drive/MyDrive/Kophos_Features_MVP_34/features_mp/train/2707573393358112-BECOME_flip.npy
5186725152134284-BECOME,train,2,MAKE,/content/drive/MyDrive/Kophos_Features_MVP_34/features_mp/train/5186725152134284-BECOME.npy
5230761187354000-BECOME_flip,train,2,MAKE,/content/drive/MyDrive/Kophos_Features_MVP_34/features_mp/train/5230761187354000-BECOME_flip.npy
14729951997994695-BECOME,train,2,MAKE,/content/drive/MyDrive/Kophos_Features_MVP_34/features_mp/train/14729951997994695-BECOME.npy
6302669099548736-BECOME_flip,train,2,MAKE,/content/drive/MyDrive/Kophos_Features_MVP_34/features_mp/train/6302669099548736-BECOME_flip.npy
5454726092885495-BECOME_flip,train,2,MAKE,/content/drive/MyDrive/Kophos_Features_MVP_34/features_mp/train/5454726092885495-BECOME_flip.npy
22125015427661077-BECOME,train,2,MAKE,/content/drive/MyDrive/Kophos_Features_MVP_34/features_mp/train/22125015427661077-BECOME.npy
6949892800366266-BECOME,train,2,MAKE,/content/drive/MyDrive/Kophos_Features_MVP_34/features_mp/train/6949892800366266-BECOME.npy
2115342426438702-BECOME_flip,train,2,MAKE,/content/drive/MyDrive/Kophos_Features_MVP_34/features_mp/train/2115342426438702-BECOME_flip.npy
7592469306073191-BECOME,train,2,MAKE,/content/drive/MyDrive/Kophos_Features_MVP_34/features_mp/train/7592469306073191-BECOME.npy
6459252267958286-BECOME,train,2,MAKE,/content/drive/MyDrive/Kophos_Features_MVP_34/features_mp/train/6459252267958286-BECOME.npy
2058682931186115-BECOME_flip,train,2,MAKE,/content/drive/MyDrive/Kophos_Features_MVP_34/features_mp/train/2058682931186115-BECOME_flip.npy
6671886864603201-BECOME_flip,train,2,MAKE,/content/drive/MyDrive/Kophos_Features_MVP_34/features_mp/train/6671886864603201-BECOME_flip.npy
5801873008829825-BECOME,train,2,MAKE,/content/drive/MyDrive/Kophos_Features_MVP_34/features_mp/train/5801873008829825-BECOME.npy
6791411458327655-BECOME_flip,train,2,MAKE,/content/drive/MyDrive/Kophos_Features_MVP_34/features_mp/train/6791411458327655-BECOME_flip.npy
6018850425855893-BECOME,train,2,MAKE,/content/drive/MyDrive/Kophos_Features_MVP_34/features_mp/train/6018850425855893-BECOME.npy
3549339626765174-BECOME_flip,train,2,MAKE,/content/drive/MyDrive/Kophos_Features_MVP_34/features_mp/train/3549339626765174-BECOME_flip.npy
44032563676770886-BECOME,train,2,MAKE,/content/drive/MyDrive/Kophos_Features_MVP_34/features_mp/train/44032563676770886-BECOME.npy
5024365915510717-BECOME_flip,train,2,MAKE,/content/drive/MyDrive/Kophos_Features_MVP_34/features_mp/train/5024365915510717-BECOME_flip.npy
8952526788990092-BECOME,train,2,MAKE,/content/drive/MyDrive/Kophos_Features_MVP_34/features_mp/train/8952526788990092-BECOME.npy
7538916021306142-BECOME_flip,train,2,MAKE,/content/drive/MyDrive/Kophos_Features_MVP_34/features_mp/train/7538916021306142-BECOME_flip.npy
49490238825192145-BECOME,train,2,MAKE,/content/drive/MyDrive/Kophos_Features_MVP_34/features_mp/train/49490238825192145-BECOME.npy
9986283065806037-BECOME_flip,val,2,MAKE,/content/drive/MyDrive/Kophos_Features_MVP_34/features_mp/val/9986283065806037-BECOME_flip.npy
634731085380404-BECOME,val,2,MAKE,/content/drive/MyDrive/Kophos_Features_MVP_34/features_mp/val/634731085380404-BECOME.npy
5103978180681919-BECOME_flip,val,2,MAKE,/content/drive/MyDrive/Kophos_Features_MVP_34/features_mp/val/5103978180681919-BECOME_flip.npy
8373552589107214-BECOME,val,2,MAKE,/content/drive/MyDrive/Kophos_Features_MVP_34/features_mp/val/8373552589107214-BECOME.npy
7799560195972228-BECOME,val,2,MAKE,/content/drive/MyDrive/Kophos_Features_MVP_34/features_mp/val/7799560195972228-BECOME.npy
6362588132689482-BECOME,val,2,MAKE,/content/drive/MyDrive/Kophos_Features_MVP_34/features_mp/val/6362588132689482-BECOME.npy
2188520905451559-BECOME_flip,val,2,MAKE,/content/drive/MyDrive/Kophos_Features_MVP_34/features_mp/val/2188520905451559-BECOME_flip.npy
1103817570250459-BECOME_flip,val,2,MAKE,/content/drive/MyDrive/Kophos_Features_MVP_34/features_mp/val/1103817570250459-BECOME_flip.npy
3451178768043378-BECOME_flip,test,2,MAKE,/content/drive/MyDrive/Kophos_Features_MVP_34/features_mp/test/3451178768043378-BECOME_flip.npy
8043703157845828-BECOME_flip,test,2,MAKE,/content/drive/MyDrive/Kophos_Features_MVP_34/features_mp/test/8043703157845828-BECOME_flip.npy
5764019978486654-BECOME,test,2,MAKE,/content/drive/MyDrive/Kophos_Features_MVP_34/features_mp/test/5764019978486654-BECOME.npy
7190084164689139-BECOME_flip,test,2,MAKE,/content/drive/MyDrive/Kophos_Features_MVP_34/features_mp/test/7190084164689139-BECOME_flip.npy
8393599520449615-BECOME_flip,test,2,MAKE,/content/drive/MyDrive/Kophos_Features_MVP_34/features_mp/test/8393599520449615-BECOME_flip.npy
5576735775385298-BECOME,test,2,MAKE,/content/drive/MyDrive/Kophos_Features_MVP_34/features_mp/test/5576735775385298-BECOME.npy
3165039617233412-BECOME_flip,test,2,MAKE,/content/drive/MyDrive/Kophos_Features_MVP_34/features_mp/test/3165039617233412-BECOME_flip.npy
7327261352671983-BECOME,test,2,MAKE,/content/drive/MyDrive/Kophos_Features_MVP_34/features_mp/test/7327261352671983-BECOME.npy
0799259173630189-BECOME,test,2,MAKE,/content/drive/MyDrive/Kophos_Features_MVP_34/features_mp/test/0799259173630189-BECOME.npy
13928219593266067-BECOME,test,2,MAKE,/content/drive/MyDrive/Kophos_Features_MVP_34/features_mp/test/13928219593266067-BECOME.npy
8099741275826155-CHAT_flip,train,3,ME,/content/drive/MyDrive/Kophos_Features_MVP_34/features_mp/train/8099741275826155-CHAT_flip.npy
492749637374871-CHAT,train,3,ME,/content/drive/MyDrive/Kophos_Features_MVP_34/features_mp/train/492749637374871-CHAT.npy
2091614854932030-CHAT_flip,train,3,ME,/content/drive/MyDrive/Kophos_Features_MVP_34/features_mp/train/2091614854932030-CHAT_flip.npy
9167507471696655-CHAT_flip,train,3,ME,/content/drive/MyDrive/Kophos_Features_MVP_34/features_mp/train/9167507471696655-CHAT_flip.npy
22658155182419404-CHAT,train,3,ME,/content/drive/MyDrive/Kophos_Features_MVP_34/features_mp/train/22658155182419404-CHAT.npy
5689158016427659-CHAT_flip,train,3,ME,/content/drive/MyDrive/Kophos_Features_MVP_34/features_mp/train/5689158016427659-CHAT_flip.npy
7130028016357557-CHAT_flip,train,3,ME,/content/drive/MyDrive/Kophos_Features_MVP_34/features_mp/train/7130028016357557-CHAT_flip.npy
5510475091806509-CHAT_flip,train,3,ME,/content/drive/MyDrive/Kophos_Features_MVP_34/features_mp/train/5510475091806509-CHAT_flip.npy
6596876334479347-CHAT_flip,train,3,ME,/content/drive/MyDrive/Kophos_Features_MVP_34/features_mp/train/6596876334479347-CHAT_flip.npy
4219056746937983-CHAT_flip,train,3,ME,/content/drive/MyDrive/Kophos_Features_MVP_34/features_mp/train/4219056746937983-CHAT_flip.npy
6071246016614555-CHAT_flip,train,3,ME,/content/drive/MyDrive/Kophos_Features_MVP_34/features_mp/train/6071246016614555-CHAT_flip.npy
7053835445736946-CHAT_flip,train,3,ME,/content/drive/MyDrive/Kophos_Features_MVP_34/features_mp/train/7053835445736946-CHAT_flip.npy
07094516766363768-CHAT,train,3,ME,/content/drive/MyDrive/Kophos_Features_MVP_34/features_mp/train/07094516766363768-CHAT.npy
3589141143290859-CHAT_flip,train,3,ME,/content/drive/MyDrive/Kophos_Features_MVP_34/features_mp/train/3589141143290859-CHAT_flip.npy
24943512943400026-CHAT,train,3,ME,/content/drive/MyDrive/Kophos_Features_MVP_34/features_mp/train/24943512943400026-CHAT.npy
5658418700996344-CHAT_flip,train,3,ME,/content/drive/MyDrive/Kophos_Features_MVP_34/features_mp/train/5658418700996344-CHAT_flip.npy
9589263512274243-CHAT_flip,train,3,ME,/content/drive/MyDrive/Kophos_Features_MVP_34/features_mp/train/9589263512274243-CHAT_flip.npy
7190258033822221-CHAT_flip,train,3,ME,/content/drive/MyDrive/Kophos_Features_MVP_34/features_mp/train/7190258033822221-CHAT_flip.npy
5436476797724698-CHAT_flip,train,3,ME,/content/drive/MyDrive/Kophos_Features_MVP_34/features_mp/train/5436476797724698-CHAT_flip.npy
7911765283274581-CHAT,train,3,ME,/content/drive/MyDrive/Kophos_Features_MVP_34/features_mp/train/7911765283274581-CHAT.npy
305903385171685-CHAT,train,3,ME,/content/drive/MyDrive/Kophos_Features_MVP_34/features_mp/train/305903385171685-CHAT.npy
42196644942006656-CHAT,train,3,ME,/content/drive/MyDrive/Kophos_Features_MVP_34/features_mp/train/42196644942006656-CHAT.npy
8656462546954591-CHAT_flip,train,3,ME,/content/drive/MyDrive/Kophos_Features_MVP_34/features_mp/train/8656462546954591-CHAT_flip.npy
4554659491367862-CHAT_flip,train,3,ME,/content/drive/MyDrive/Kophos_Features_MVP_34/features_mp/train/4554659491367862-CHAT_flip.npy
9627487831273644-CHAT,train,3,ME,/content/drive/MyDrive/Kophos_Features_MVP_34/features_mp/train/9627487831273644-CHAT.npy
9575581174966816-CHAT,train,3,ME,/content/drive/MyDrive/Kophos_Features_MVP_34/features_mp/train/9575581174966816-CHAT.npy
46489292197110443-CHAT,train,3,ME,/content/drive/MyDrive/Kophos_Features_MVP_34/features_mp/train/46489292197110443-CHAT.npy
41454511751296286-CHAT,train,3,ME,/content/drive/MyDrive/Kophos_Features_MVP_34/features_mp/train/41454511751296286-CHAT.npy
2796670244730564-CHAT_flip,train,3,ME,/content/drive/MyDrive/Kophos_Features_MVP_34/features_mp/train/2796670244730564-CHAT_flip.npy
5337562560747700-CHAT_flip,train,3,ME,/content/drive/MyDrive/Kophos_Features_MVP_34/features_mp/train/5337562560747700-CHAT_flip.npy
4880330069801269-CHAT_flip,train,3,ME,/content/drive/MyDrive/Kophos_Features_MVP_34/features_mp/train/4880330069801269-CHAT_flip.npy
2531343282618387-CHAT_flip,train,3,ME,/content/drive/MyDrive/Kophos_Features_MVP_34/features_mp/train/2531343282618387-CHAT_flip.npy
9387814096380781-CHAT_flip,train,3,ME,/content/drive/MyDrive/Kophos_Features_MVP_34/features_mp/train/9387814096380781-CHAT_flip.npy
2173367373086013-CHAT_flip,train,3,ME,/content/drive/MyDrive/Kophos_Features_MVP_34/features_mp/train/2173367373086013-CHAT_flip.npy
2120905044253354-CHAT,train,3,ME,/content/drive/MyDrive/Kophos_Features_MVP_34/features_mp/train/2120905044253354-CHAT.npy
3803751887241664-CHAT_flip,train,3,ME,/content/drive/MyDrive/Kophos_Features_MVP_34/features_mp/train/3803751887241664-CHAT_flip.npy
5551792707533665-CHAT_flip,train,3,ME,/content/drive/MyDrive/Kophos_Features_MVP_34/features_mp/train/5551792707533665-CHAT_flip.npy
3920060851659722-CHAT_flip,train,3,ME,/content/drive/MyDrive/Kophos_Features_MVP_34/features_mp/train/3920060851659722-CHAT_flip.npy
5568991002117255-CHAT_flip,train,3,ME,/content/drive/MyDrive/Kophos_Features_MVP_34/features_mp/train/5568991002117255-CHAT_flip.npy
8910063522706955-CHAT_flip,train,3,ME,/content/drive/MyDrive/Kophos_Features_MVP_34/features_mp/train/8910063522706955-CHAT_flip.npy
33290398349755-CHAT,train,3,ME,/content/drive/MyDrive/Kophos_Features_MVP_34/features_mp/train/33290398349755-CHAT.npy
5368221538234546-CHAT_flip,train,3,ME,/content/drive/MyDrive/Kophos_Features_MVP_34/features_mp/train/5368221538234546-CHAT_flip.npy
3370538223376553-CHAT_flip,train,3,ME,/content/drive/MyDrive/Kophos_Features_MVP_34/features_mp/train/3370538223376553-CHAT_flip.npy
5862955350790241-CHAT_flip,train,3,ME,/content/drive/MyDrive/Kophos_Features_MVP_34/features_mp/train/5862955350790241-CHAT_flip.npy
5558130278402247-CHAT,train,3,ME,/content/drive/MyDrive/Kophos_Features_MVP_34/features_mp/train/5558130278402247-CHAT.npy
01980446684797932-CHAT,train,3,ME,/content/drive/MyDrive/Kophos_Features_MVP_34/features_mp/train/01980446684797932-CHAT.npy
43409115263906783-CHAT,train,3,ME,/content/drive/MyDrive/Kophos_Features_MVP_34/features_mp/train/43409115263906783-CHAT.npy
4592314572482079-CHAT,train,3,ME,/content/drive/MyDrive/Kophos_Features_MVP_34/features_mp/train/4592314572482079-CHAT.npy
6671579734534058-CHAT_flip,train,3,ME,/content/drive/MyDrive/Kophos_Features_MVP_34/features_mp/train/6671579734534058-CHAT_flip.npy
8769903035355264-CHAT_flip,train,3,ME,/content/drive/MyDrive/Kophos_Features_MVP_34/features_mp/train/8769903035355264-CHAT_flip.npy
4079481962338005-CHAT,train,3,ME,/content/drive/MyDrive/Kophos_Features_MVP_34/features_mp/train/4079481962338005-CHAT.npy
5822824387315931-CHAT_flip,train,3,ME,/content/drive/MyDrive/Kophos_Features_MVP_34/features_mp/train/5822824387315931-CHAT_flip.npy
9862410139376343-CHAT_flip,train,3,ME,/content/drive/MyDrive/Kophos_Features_MVP_34/features_mp/train/9862410139376343-CHAT_flip.npy
13559231337993038-CHAT,train,3,ME,/content/drive/MyDrive/Kophos_Features_MVP_34/features_mp/train/13559231337993038-CHAT.npy
6443439462133033-CHAT_flip,train,3,ME,/content/drive/MyDrive/Kophos_Features_MVP_34/features_mp/train/6443439462133033-CHAT_flip.npy
2854459839718205-CHAT_flip,train,3,ME,/content/drive/MyDrive/Kophos_Features_MVP_34/features_mp/train/2854459839718205-CHAT_flip.npy
1183524587393894-CHAT_flip,train,3,ME,/content/drive/MyDrive/Kophos_Features_MVP_34/features_mp/train/1183524587393894-CHAT_flip.npy
8909422325956762-CHAT_flip,train,3,ME,/content/drive/MyDrive/Kophos_Features_MVP_34/features_mp/train/8909422325956762-CHAT_flip.npy
2072614954488894-CHAT_flip,train,3,ME,/content/drive/MyDrive/Kophos_Features_MVP_34/features_mp/train/2072614954488894-CHAT_flip.npy
8931310357356126-CHAT_flip,train,3,ME,/content/drive/MyDrive/Kophos_Features_MVP_34/features_mp/train/8931310357356126-CHAT_flip.npy
9100001849327300-CHAT_flip,train,3,ME,/content/drive/MyDrive/Kophos_Features_MVP_34/features_mp/train/9100001849327300-CHAT_flip.npy
7187730322813689-CHAT_flip,train,3,ME,/content/drive/MyDrive/Kophos_Features_MVP_34/features_mp/train/7187730322813689-CHAT_flip.npy
434814466410546-CHAT,train,3,ME,/content/drive/MyDrive/Kophos_Features_MVP_34/features_mp/train/434814466410546-CHAT.npy
4534364669759403-CHAT_flip,train,3,ME,/content/drive/MyDrive/Kophos_Features_MVP_34/features_mp/train/4534364669759403-CHAT_flip.npy
2201582702211033-CHAT_flip,train,3,ME,/content/drive/MyDrive/Kophos_Features_MVP_34/features_mp/train/2201582702211033-CHAT_flip.npy
3008408917727042-CHAT_flip,train,3,ME,/content/drive/MyDrive/Kophos_Features_MVP_34/features_mp/train/3008408917727042-CHAT_flip.npy
3011003326324557-CHAT_flip,train,3,ME,/content/drive/MyDrive/Kophos_Features_MVP_34/features_mp/train/3011003326324557-CHAT_flip.npy
5422877389994409-CHAT_flip,train,3,ME,/content/drive/MyDrive/Kophos_Features_MVP_34/features_mp/train/5422877389994409-CHAT_flip.npy
7354297272945004-CHAT_flip,train,3,ME,/content/drive/MyDrive/Kophos_Features_MVP_34/features_mp/train/7354297272945004-CHAT_flip.npy
4706530811196592-CHAT_flip,train,3,ME,/content/drive/MyDrive/Kophos_Features_MVP_34/features_mp/train/4706530811196592-CHAT_flip.npy
9237884471589851-CHAT_flip,train,3,ME,/content/drive/MyDrive/Kophos_Features_MVP_34/features_mp/train/9237884471589851-CHAT_flip.npy
4019834695201107-CHAT_flip,train,3,ME,/content/drive/MyDrive/Kophos_Features_MVP_34/features_mp/train/4019834695201107-CHAT_flip.npy
4302015209968231-CHAT,val,3,ME,/content/drive/MyDrive/Kophos_Features_MVP_34/features_mp/val/4302015209968231-CHAT.npy
1792283266238079-CHAT_flip,val,3,ME,/content/drive/MyDrive/Kophos_Features_MVP_34/features_mp/val/1792283266238079-CHAT_flip.npy
6781066189032285-CHAT_flip,val,3,ME,/content/drive/MyDrive/Kophos_Features_MVP_34/features_mp/val/6781066189032285-CHAT_flip.npy
9323785780362803-CHAT,val,3,ME,/content/drive/MyDrive/Kophos_Features_MVP_34/features_mp/val/9323785780362803-CHAT.npy
5307710538589347-CHAT_flip,val,3,ME,/content/drive/MyDrive/Kophos_Features_MVP_34/features_mp/val/5307710538589347-CHAT_flip.npy
4107827740548095-CHAT_flip,val,3,ME,/content/drive/MyDrive/Kophos_Features_MVP_34/features_mp/val/4107827740548095-CHAT_flip.npy
8192361055565429-CHAT,val,3,ME,/content/drive/MyDrive/Kophos_Features_MVP_34/features_mp/val/8192361055565429-CHAT.npy
3139324283312164-CHAT,val,3,ME,/content/drive/MyDrive/Kophos_Features_MVP_34/features_mp/val/3139324283312164-CHAT.npy
40022437688416335-CHAT,val,3,ME,/content/drive/MyDrive/Kophos_Features_MVP_34/features_mp/val/40022437688416335-CHAT.npy
23934658436274092-CHAT,test,3,ME,/content/drive/MyDrive/Kophos_Features_MVP_34/features_mp/test/23934658436274092-CHAT.npy
2032340333948967-CHAT_flip,test,3,ME,/content/drive/MyDrive/Kophos_Features_MVP_34/features_mp/test/2032340333948967-CHAT_flip.npy
9911464787639062-CHAT,test,3,ME,/content/drive/MyDrive/Kophos_Features_MVP_34/features_mp/test/9911464787639062-CHAT.npy
2017759055806748-CHAT_flip,test,3,ME,/content/drive/MyDrive/Kophos_Features_MVP_34/features_mp/test/2017759055806748-CHAT_flip.npy
046644995711657256-CHAT,test,3,ME,/content/drive/MyDrive/Kophos_Features_MVP_34/features_mp/test/046644995711657256-CHAT.npy
44556805375053976-CHAT,test,3,ME,/content/drive/MyDrive/Kophos_Features_MVP_34/features_mp/test/44556805375053976-CHAT.npy
8338821540100565-CHAT,test,3,ME,/content/drive/MyDrive/Kophos_Features_MVP_34/features_mp/test/8338821540100565-CHAT.npy
6947192211894430-CHAT_flip,test,3,ME,/content/drive/MyDrive/Kophos_Features_MVP_34/features_mp/test/6947192211894430-CHAT_flip.npy
6840680820710141-CHAT_flip,test,3,ME,/content/drive/MyDrive/Kophos_Features_MVP_34/features_mp/test/6840680820710141-CHAT_flip.npy
6423314669919308-FIND_flip,train,4,NEED,/content/drive/MyDrive/Kophos_Features_MVP_34/features_mp/train/6423314669919308-FIND_flip.npy
9655398147759528-FIND_flip,train,4,NEED,/content/drive/MyDrive/Kophos_Features_MVP_34/features_mp/train/9655398147759528-FIND_flip.npy
8959507250689972-FIND_flip,train,4,NEED,/content/drive/MyDrive/Kophos_Features_MVP_34/features_mp/train/8959507250689972-FIND_flip.npy
5625620613097017-FIND_flip,train,4,NEED,/content/drive/MyDrive/Kophos_Features_MVP_34/features_mp/train/5625620613097017-FIND_flip.npy
1953172921231262-FIND_flip,train,4,NEED,/content/drive/MyDrive/Kophos_Features_MVP_34/features_mp/train/1953172921231262-FIND_flip.npy
4101459223303385-FIND_flip,train,4,NEED,/content/drive/MyDrive/Kophos_Features_MVP_34/features_mp/train/4101459223303385-FIND_flip.npy
6437184113185346-FIND_flip,train,4,NEED,/content/drive/MyDrive/Kophos_Features_MVP_34/features_mp/train/6437184113185346-FIND_flip.npy
1393692078751690-FIND_flip,train,4,NEED,/content/drive/MyDrive/Kophos_Features_MVP_34/features_mp/train/1393692078751690-FIND_flip.npy
7370704811877179-FIND_flip,train,4,NEED,/content/drive/MyDrive/Kophos_Features_MVP_34/features_mp/train/7370704811877179-FIND_flip.npy
6087294130758363-FIND,train,4,NEED,/content/drive/MyDrive/Kophos_Features_MVP_34/features_mp/train/6087294130758363-FIND.npy
4072329706028195-FIND,train,4,NEED,/content/drive/MyDrive/Kophos_Features_MVP_34/features_mp/train/4072329706028195-FIND.npy
7636741302290102-FIND,train,4,NEED,/content/drive/MyDrive/Kophos_Features_MVP_34/features_mp/train/7636741302290102-FIND.npy
8174002874239146-FIND_flip,train,4,NEED,/content/drive/MyDrive/Kophos_Features_MVP_34/features_mp/train/8174002874239146-FIND_flip.npy
3481637699143123-FIND,train,4,NEED,/content/drive/MyDrive/Kophos_Features_MVP_34/features_mp/train/3481637699143123-FIND.npy
864714217171799-FIND,train,4,NEED,/content/drive/MyDrive/Kophos_Features_MVP_34/features_mp/train/864714217171799-FIND.npy
4038499389870576-FIND_flip,train,4,NEED,/content/drive/MyDrive/Kophos_Features_MVP_34/features_mp/train/4038499389870576-FIND_flip.npy
610712221951559-FIND,train,4,NEED,/content/drive/MyDrive/Kophos_Features_MVP_34/features_mp/train/610712221951559-FIND.npy
48170822654446366-FIND,train,4,NEED,/content/drive/MyDrive/Kophos_Features_MVP_34/features_mp/train/48170822654446366-FIND.npy
7150470429214671-FIND_flip,train,4,NEED,/content/drive/MyDrive/Kophos_Features_MVP_34/features_mp/train/7150470429214671-FIND_flip.npy
3204407663915092-FIND,train,4,NEED,/content/drive/MyDrive/Kophos_Features_MVP_34/features_mp/train/3204407663915092-FIND.npy
8618961603650133-FIND,train,4,NEED,/content/drive/MyDrive/Kophos_Features_MVP_34/features_mp/train/8618961603650133-FIND.npy
2100339572807054-FIND_flip,train,4,NEED,/content/drive/MyDrive/Kophos_Features_MVP_34/features_mp/train/2100339572807054-FIND_flip.npy
8459305392664235-FIND_flip,train,4,NEED,/content/drive/MyDrive/Kophos_Features_MVP_34/features_mp/train/8459305392664235-FIND_flip.npy
8489945786773696-FIND,train,4,NEED,/content/drive/MyDrive/Kophos_Features_MVP_34/features_mp/train/8489945786773696-FIND.npy
2719316644791642-FIND_flip,train,4,NEED,/content/drive/MyDrive/Kophos_Features_MVP_34/features_mp/train/2719316644791642-FIND_flip.npy
3405705753083321-FIND_flip,train,4,NEED,/content/drive/MyDrive/Kophos_Features_MVP_34/features_mp/train/3405705753083321-FIND_flip.npy
2752076870765569-FIND_flip,train,4,NEED,/content/drive/MyDrive/Kophos_Features_MVP_34/features_mp/train/2752076870765569-FIND_flip.npy
9116037004762269-FIND_flip,train,4,NEED,/content/drive/MyDrive/Kophos_Features_MVP_34/features_mp/train/9116037004762269-FIND_flip.npy
5006604001320117-FIND_flip,train,4,NEED,/content/drive/MyDrive/Kophos_Features_MVP_34/features_mp/train/5006604001320117-FIND_flip.npy
1808392057144570-FIND_flip,train,4,NEED,/content/drive/MyDrive/Kophos_Features_MVP_34/features_mp/train/1808392057144570-FIND_flip.npy
8015144804189644-FIND_flip,train,4,NEED,/content/drive/MyDrive/Kophos_Features_MVP_34/features_mp/train/8015144804189644-FIND_flip.npy
6594860647323505-FIND_flip,train,4,NEED,/content/drive/MyDrive/Kophos_Features_MVP_34/features_mp/train/6594860647323505-FIND_flip.npy
5881013337563121-FIND_flip,train,4,NEED,/content/drive/MyDrive/Kophos_Features_MVP_34/features_mp/train/5881013337563121-FIND_flip.npy
6141306350989004-FIND_flip,train,4,NEED,/content/drive/MyDrive/Kophos_Features_MVP_34/features_mp/train/6141306350989004-FIND_flip.npy
28527056597748013-FIND,train,4,NEED,/content/drive/MyDrive/Kophos_Features_MVP_34/features_mp/train/28527056597748013-FIND.npy
6217978933947010-FIND_flip,train,4,NEED,/content/drive/MyDrive/Kophos_Features_MVP_34/features_mp/train/6217978933947010-FIND_flip.npy
7176494790662472-FIND_flip,train,4,NEED,/content/drive/MyDrive/Kophos_Features_MVP_34/features_mp/train/7176494790662472-FIND_flip.npy
1312122089616554-FIND_flip,train,4,NEED,/content/drive/MyDrive/Kophos_Features_MVP_34/features_mp/train/1312122089616554-FIND_flip.npy
4779894578298766-FIND_flip,train,4,NEED,/content/drive/MyDrive/Kophos_Features_MVP_34/features_mp/train/4779894578298766-FIND_flip.npy
6659313057669575-FIND_flip,train,4,NEED,/content/drive/MyDrive/Kophos_Features_MVP_34/features_mp/train/6659313057669575-FIND_flip.npy
8127260527741236-FIND,train,4,NEED,/content/drive/MyDrive/Kophos_Features_MVP_34/features_mp/train/8127260527741236-FIND.npy
6529832351299454-FIND_flip,train,4,NEED,/content/drive/MyDrive/Kophos_Features_MVP_34/features_mp/train/6529832351299454-FIND_flip.npy
9952746480983969-FIND,train,4,NEED,/content/drive/MyDrive/Kophos_Features_MVP_34/features_mp/train/9952746480983969-FIND.npy
5415932329936183-FIND_flip,train,4,NEED,/content/drive/MyDrive/Kophos_Features_MVP_34/features_mp/train/5415932329936183-FIND_flip.npy
7686495998498704-FIND,train,4,NEED,/content/drive/MyDrive/Kophos_Features_MVP_34/features_mp/train/7686495998498704-FIND.npy
4786264395420870-FIND_flip,train,4,NEED,/content/drive/MyDrive/Kophos_Features_MVP_34/features_mp/train/4786264395420870-FIND_flip.npy
6404909824432215-FIND_flip,train,4,NEED,/content/drive/MyDrive/Kophos_Features_MVP_34/features_mp/train/6404909824432215-FIND_flip.npy
1484186619960186-FIND,train,4,NEED,/content/drive/MyDrive/Kophos_Features_MVP_34/features_mp/train/1484186619960186-FIND.npy
5371599219675290-FIND_flip,train,4,NEED,/content/drive/MyDrive/Kophos_Features_MVP_34/features_mp/train/5371599219675290-FIND_flip.npy
5815725484534673-FIND_flip,train,4,NEED,/content/drive/MyDrive/Kophos_Features_MVP_34/features_mp/train/5815725484534673-FIND_flip.npy
4293452148440745-FIND_flip,train,4,NEED,/content/drive/MyDrive/Kophos_Features_MVP_34/features_mp/train/4293452148440745-FIND_flip.npy
1399707719976564-FIND_flip,train,4,NEED,/content/drive/MyDrive/Kophos_Features_MVP_34/features_mp/train/1399707719976564-FIND_flip.npy
7395203049518955-FIND_flip,train,4,NEED,/content/drive/MyDrive/Kophos_Features_MVP_34/features_mp/train/7395203049518955-FIND_flip.npy
5983459406831033-FIND,train,4,NEED,/content/drive/MyDrive/Kophos_Features_MVP_34/features_mp/train/5983459406831033-FIND.npy
9241439752430930-FIND_flip,train,4,NEED,/content/drive/MyDrive/Kophos_Features_MVP_34/features_mp/train/9241439752430930-FIND_flip.npy
4657940595892315-FIND_flip,train,4,NEED,/content/drive/MyDrive/Kophos_Features_MVP_34/features_mp/train/4657940595892315-FIND_flip.npy
3089021859642739-FIND_flip,train,4,NEED,/content/drive/MyDrive/Kophos_Features_MVP_34/features_mp/train/3089021859642739-FIND_flip.npy
2008852528566687-FIND_flip,train,4,NEED,/content/drive/MyDrive/Kophos_Features_MVP_34/features_mp/train/2008852528566687-FIND_flip.npy
07916829935948999-FIND,train,4,NEED,/content/drive/MyDrive/Kophos_Features_MVP_34/features_mp/train/07916829935948999-FIND.npy
8803520054362076-FIND_flip,train,4,NEED,/content/drive/MyDrive/Kophos_Features_MVP_34/features_mp/train/8803520054362076-FIND_flip.npy
7756996898026975-FIND_flip,train,4,NEED,/content/drive/MyDrive/Kophos_Features_MVP_34/features_mp/train/7756996898026975-FIND_flip.npy
9245651953075247-FIND_flip,train,4,NEED,/content/drive/MyDrive/Kophos_Features_MVP_34/features_mp/train/9245651953075247-FIND_flip.npy
5240887216596288-FIND,train,4,NEED,/content/drive/MyDrive/Kophos_Features_MVP_34/features_mp/train/5240887216596288-FIND.npy
8519652076405666-FIND_flip,train,4,NEED,/content/drive/MyDrive/Kophos_Features_MVP_34/features_mp/train/8519652076405666-FIND_flip.npy
2450624847020626-FIND,train,4,NEED,/content/drive/MyDrive/Kophos_Features_MVP_34/features_mp/train/2450624847020626-FIND.npy
8303185695739115-FIND,train,4,NEED,/content/drive/MyDrive/Kophos_Features_MVP_34/features_mp/train/8303185695739115-FIND.npy
7895867872901537-FIND_flip,train,4,NEED,/content/drive/MyDrive/Kophos_Features_MVP_34/features_mp/train/7895867872901537-FIND_flip.npy
1458072516674704-FIND_flip,train,4,NEED,/content/drive/MyDrive/Kophos_Features_MVP_34/features_mp/train/1458072516674704-FIND_flip.npy
9785239951245142-FIND,train,4,NEED,/content/drive/MyDrive/Kophos_Features_MVP_34/features_mp/train/9785239951245142-FIND.npy
8263380015738402-FIND_flip,train,4,NEED,/content/drive/MyDrive/Kophos_Features_MVP_34/features_mp/train/8263380015738402-FIND_flip.npy
1286823439294365-FIND_flip,train,4,NEED,/content/drive/MyDrive/Kophos_Features_MVP_34/features_mp/train/1286823439294365-FIND_flip.npy
4447983267711185-FIND_flip,train,4,NEED,/content/drive/MyDrive/Kophos_Features_MVP_34/features_mp/train/4447983267711185-FIND_flip.npy
9967661524295504-FIND_flip,val,4,NEED,/content/drive/MyDrive/Kophos_Features_MVP_34/features_mp/val/9967661524295504-FIND_flip.npy
7809584186980043-FIND,val,4,NEED,/content/drive/MyDrive/Kophos_Features_MVP_34/features_mp/val/7809584186980043-FIND.npy
7056137093834897-FIND_flip,val,4,NEED,/content/drive/MyDrive/Kophos_Features_MVP_34/features_mp/val/7056137093834897-FIND_flip.npy
5899516180769444-FIND,val,4,NEED,/content/drive/MyDrive/Kophos_Features_MVP_34/features_mp/val/5899516180769444-FIND.npy
9083197141290018-FIND,val,4,NEED,/content/drive/MyDrive/Kophos_Features_MVP_34/features_mp/val/9083197141290018-FIND.npy
6303258196923104-FIND_flip,val,4,NEED,/content/drive/MyDrive/Kophos_Features_MVP_34/features_mp/val/6303258196923104-FIND_flip.npy
30338660692795494-FIND,val,4,NEED,/content/drive/MyDrive/Kophos_Features_MVP_34/features_mp/val/30338660692795494-FIND.npy
8852468091800154-FIND,val,4,NEED,/content/drive/MyDrive/Kophos_Features_MVP_34/features_mp/val/8852468091800154-FIND.npy
8452970339327067-FIND_flip,val,4,NEED,/content/drive/MyDrive/Kophos_Features_MVP_34/features_mp/val/8452970339327067-FIND_flip.npy
7317563331192875-FIND_flip,test,4,NEED,/content/drive/MyDrive/Kophos_Features_MVP_34/features_mp/test/7317563331192875-FIND_flip.npy
4041423009361967-FIND_flip,test,4,NEED,/content/drive/MyDrive/Kophos_Features_MVP_34/features_mp/test/4041423009361967-FIND_flip.npy
6600524013477269-FIND,test,4,NEED,/content/drive/MyDrive/Kophos_Features_MVP_34/features_mp/test/6600524013477269-FIND.npy
44029086901589953-FIND,test,4,NEED,/content/drive/MyDrive/Kophos_Features_MVP_34/features_mp/test/44029086901589953-FIND.npy
16081685800591838-FIND,test,4,NEED,/content/drive/MyDrive/Kophos_Features_MVP_34/features_mp/test/16081685800591838-FIND.npy
2758532835559966-FIND_flip,test,4,NEED,/content/drive/MyDrive/Kophos_Features_MVP_34/features_mp/test/2758532835559966-FIND_flip.npy
7383475489674065-FIND_flip,test,4,NEED,/content/drive/MyDrive/Kophos_Features_MVP_34/features_mp/test/7383475489674065-FIND_flip.npy
4154388859685068-FIND_flip,test,4,NEED,/content/drive/MyDrive/Kophos_Features_MVP_34/features_mp/test/4154388859685068-FIND_flip.npy
6517293791661136-FIND,test,4,NEED,/content/drive/MyDrive/Kophos_Features_MVP_34/features_mp/test/6517293791661136-FIND.npy
8153989715083034-FINISH,train,5,READ,/content/drive/MyDrive/Kophos_Features_MVP_34/features_mp/train/8153989715083034-FINISH.npy
8726949749420883-FINISH_flip,train,5,READ,/content/drive/MyDrive/Kophos_Features_MVP_34/features_mp/train/8726949749420883-FINISH_flip.npy
5484423786947841-FINISH,train,5,READ,/content/drive/MyDrive/Kophos_Features_MVP_34/features_mp/train/5484423786947841-FINISH.npy
4625328406325162-FINISH,train,5,READ,/content/drive/MyDrive/Kophos_Features_MVP_34/features_mp/train/4625328406325162-FINISH.npy
6860560149220904-FINISH_flip,train,5,READ,/content/drive/MyDrive/Kophos_Features_MVP_34/features_mp/train/6860560149220904-FINISH_flip.npy
1655861943848889-FINISH_flip,train,5,READ,/content/drive/MyDrive/Kophos_Features_MVP_34/features_mp/train/1655861943848889-FINISH_flip.npy
18385527788301004-FINISH,train,5,READ,/content/drive/MyDrive/Kophos_Features_MVP_34/features_mp/train/18385527788301004-FINISH.npy
7589165396764815-FINISH_flip,train,5,READ,/content/drive/MyDrive/Kophos_Features_MVP_34/features_mp/train/7589165396764815-FINISH_flip.npy
5415420016012211-FINISH,train,5,READ,/content/drive/MyDrive/Kophos_Features_MVP_34/features_mp/train/5415420016012211-FINISH.npy
3914578088004823-FINISH_flip,train,5,READ,/content/drive/MyDrive/Kophos_Features_MVP_34/features_mp/train/3914578088004823-FINISH_flip.npy
5474347919376701-FINISH_flip,train,5,READ,/content/drive/MyDrive/Kophos_Features_MVP_34/features_mp/train/5474347919376701-FINISH_flip.npy
0053290989889420715-FINISH,train,5,READ,/content/drive/MyDrive/Kophos_Features_MVP_34/features_mp/train/0053290989889420715-FINISH.npy
7344128493331773-FINISH_flip,train,5,READ,/content/drive/MyDrive/Kophos_Features_MVP_34/features_mp/train/7344128493331773-FINISH_flip.npy
1860671991831344-FINISH_flip,train,5,READ,/content/drive/MyDrive/Kophos_Features_MVP_34/features_mp/train/1860671991831344-FINISH_flip.npy
18286437913060416-FINISH,train,5,READ,/content/drive/MyDrive/Kophos_Features_MVP_34/features_mp/train/18286437913060416-FINISH.npy
9292882782041088-FINISH,train,5,READ,/content/drive/MyDrive/Kophos_Features_MVP_34/features_mp/train/9292882782041088-FINISH.npy
7204189741125551-FINISH,train,5,READ,/content/drive/MyDrive/Kophos_Features_MVP_34/features_mp/train/7204189741125551-FINISH.npy
7878447075522677-FINISH,train,5,READ,/content/drive/MyDrive/Kophos_Features_MVP_34/features_mp/train/7878447075522677-FINISH.npy
3791874057178671-FINISH_flip,train,5,READ,/content/drive/MyDrive/Kophos_Features_MVP_34/features_mp/train/3791874057178671-FINISH_flip.npy
1994115335737141-FINISH,train,5,READ,/content/drive/MyDrive/Kophos_Features_MVP_34/features_mp/train/1994115335737141-FINISH.npy
6959796115122672-FINISH,train,5,READ,/content/drive/MyDrive/Kophos_Features_MVP_34/features_mp/train/6959796115122672-FINISH.npy
8074579403754471-FINISH_flip,train,5,READ,/content/drive/MyDrive/Kophos_Features_MVP_34/features_mp/train/8074579403754471-FINISH_flip.npy
6390796334197575-FINISH_flip,train,5,READ,/content/drive/MyDrive/Kophos_Features_MVP_34/features_mp/train/6390796334197575-FINISH_flip.npy
4011528175044533-FINISH_flip,train,5,READ,/content/drive/MyDrive/Kophos_Features_MVP_34/features_mp/train/4011528175044533-FINISH_flip.npy
6209651921836459-FINISH,train,5,READ,/content/drive/MyDrive/Kophos_Features_MVP_34/features_mp/train/6209651921836459-FINISH.npy
1277751594377292-FINISH,train,5,READ,/content/drive/MyDrive/Kophos_Features_MVP_34/features_mp/train/1277751594377292-FINISH.npy
9116126321060016-FINISH,train,5,READ,/content/drive/MyDrive/Kophos_Features_MVP_34/features_mp/train/9116126321060016-FINISH.npy
23583741832617644-FINISH,train,5,READ,/content/drive/MyDrive/Kophos_Features_MVP_34/features_mp/train/23583741832617644-FINISH.npy
2185746460248348-FINISH_flip,train,5,READ,/content/drive/MyDrive/Kophos_Features_MVP_34/features_mp/train/2185746460248348-FINISH_flip.npy
24803980252556834-FINISH,train,5,READ,/content/drive/MyDrive/Kophos_Features_MVP_34/features_mp/train/24803980252556834-FINISH.npy
9257196146142678-FINISH_flip,train,5,READ,/content/drive/MyDrive/Kophos_Features_MVP_34/features_mp/train/9257196146142678-FINISH_flip.npy
36755244520541575-FINISH,train,5,READ,/content/drive/MyDrive/Kophos_Features_MVP_34/features_mp/train/36755244520541575-FINISH.npy
6235806710954439-FINISH_flip,train,5,READ,/content/drive/MyDrive/Kophos_Features_MVP_34/features_mp/train/6235806710954439-FINISH_flip.npy
06629654284959208-FINISH,train,5,READ,/content/drive/MyDrive/Kophos_Features_MVP_34/features_mp/train/06629654284959208-FINISH.npy
2738593915926592-FINISH_flip,train,5,READ,/content/drive/MyDrive/Kophos_Features_MVP_34/features_mp/train/2738593915926592-FINISH_flip.npy
5245368469932674-FINISH_flip,train,5,READ,/content/drive/MyDrive/Kophos_Features_MVP_34/features_mp/train/5245368469932674-FINISH_flip.npy
7646708092060626-FINISH,train,5,READ,/content/drive/MyDrive/Kophos_Features_MVP_34/features_mp/train/7646708092060626-FINISH.npy
8946519041388577-FINISH_flip,train,5,READ,/content/drive/MyDrive/Kophos_Features_MVP_34/features_mp/train/8946519041388577-FINISH_flip.npy
9303913103041856-FINISH_flip,train,5,READ,/content/drive/MyDrive/Kophos_Features_MVP_34/features_mp/train/9303913103041856-FINISH_flip.npy
3860077714893173-FINISH,train,5,READ,/content/drive/MyDrive/Kophos_Features_MVP_34/features_mp/train/3860077714893173-FINISH.npy
4636023044658509-FINISH_flip,train,5,READ,/content/drive/MyDrive/Kophos_Features_MVP_34/features_mp/train/4636023044658509-FINISH_flip.npy
9306481792196708-FINISH_flip,train,5,READ,/content/drive/MyDrive/Kophos_Features_MVP_34/features_mp/train/9306481792196708-FINISH_flip.npy
8858395254297784-FINISH,val,5,READ,/content/drive/MyDrive/Kophos_Features_MVP_34/features_mp/val/8858395254297784-FINISH.npy
1528731852595422-FINISH,val,5,READ,/content/drive/MyDrive/Kophos_Features_MVP_34/features_mp/val/1528731852595422-FINISH.npy
31530402742819374-FINISH,val,5,READ,/content/drive/MyDrive/Kophos_Features_MVP_34/features_mp/val/31530402742819374-FINISH.npy
2325322109839305-FINISH,val,5,READ,/content/drive/MyDrive/Kophos_Features_MVP_34/features_mp/val/2325322109839305-FINISH.npy
1687854921974677-FINISH_flip,val,5,READ,/content/drive/MyDrive/Kophos_Features_MVP_34/features_mp/val/1687854921974677-FINISH_flip.npy
8124421536411018-FINISH_flip,val,5,READ,/content/drive/MyDrive/Kophos_Features_MVP_34/features_mp/val/8124421536411018-FINISH_flip.npy
5287431094123069-FINISH_flip,val,5,READ,/content/drive/MyDrive/Kophos_Features_MVP_34/features_mp/val/5287431094123069-FINISH_flip.npy
4379837186413051-FINISH_flip,val,5,READ,/content/drive/MyDrive/Kophos_Features_MVP_34/features_mp/val/4379837186413051-FINISH_flip.npy
44957906361977806-FINISH,val,5,READ,/content/drive/MyDrive/Kophos_Features_MVP_34/features_mp/val/44957906361977806-FINISH.npy
7955756551124999-FINISH_flip,val,5,READ,/content/drive/MyDrive/Kophos_Features_MVP_34/features_mp/val/7955756551124999-FINISH_flip.npy
8804372922780734-FINISH,test,5,READ,/content/drive/MyDrive/Kophos_Features_MVP_34/features_mp/test/8804372922780734-FINISH.npy
5726531690314898-FINISH,test,5,READ,/content/drive/MyDrive/Kophos_Features_MVP_34/features_mp/test/5726531690314898-FINISH.npy
7975066842376366-FINISH_flip,test,5,READ,/content/drive/MyDrive/Kophos_Features_MVP_34/features_mp/test/7975066842376366-FINISH_flip.npy
4724119504680562-FINISH_flip,test,5,READ,/content/drive/MyDrive/Kophos_Features_MVP_34/features_mp/test/4724119504680562-FINISH_flip.npy
10600502582751181-FINISH,test,5,READ,/content/drive/MyDrive/Kophos_Features_MVP_34/features_mp/test/10600502582751181-FINISH.npy
8805369151879896-FINISH,test,5,READ,/content/drive/MyDrive/Kophos_Features_MVP_34/features_mp/test/8805369151879896-FINISH.npy
5434482861258157-FINISH_flip,test,5,READ,/content/drive/MyDrive/Kophos_Features_MVP_34/features_mp/test/5434482861258157-FINISH_flip.npy
8853841145039041-FINISH,test,5,READ,/content/drive/MyDrive/Kophos_Features_MVP_34/features_mp/test/8853841145039041-FINISH.npy
5952538936708802-FINISH_flip,test,5,READ,/content/drive/MyDrive/Kophos_Features_MVP_34/features_mp/test/5952538936708802-FINISH_flip.npy
9028217038755171-FINISH_flip,test,5,READ,/content/drive/MyDrive/Kophos_Features_MVP_34/features_mp/test/9028217038755171-FINISH_flip.npy
008087702450223277-GOOD,train,6,SHOW,/content/drive/MyDrive/Kophos_Features_MVP_34/features_mp/train/008087702450223277-GOOD.npy
3732506997179408-GOOD_flip,train,6,SHOW,/content/drive/MyDrive/Kophos_Features_MVP_34/features_mp/train/3732506997179408-GOOD_flip.npy
9338005039430839-GOOD,train,6,SHOW,/content/drive/MyDrive/Kophos_Features_MVP_34/features_mp/train/9338005039430839-GOOD.npy
8209917510800124-GOOD_flip,train,6,SHOW,/content/drive/MyDrive/Kophos_Features_MVP_34/features_mp/train/8209917510800124-GOOD_flip.npy
5199177562877719-GOOD,train,6,SHOW,/content/drive/MyDrive/Kophos_Features_MVP_34/features_mp/train/5199177562877719-GOOD.npy
18340714145664716-GOOD,train,6,SHOW,/content/drive/MyDrive/Kophos_Features_MVP_34/features_mp/train/18340714145664716-GOOD.npy
5283318479529419-GOOD_flip,train,6,SHOW,/content/drive/MyDrive/Kophos_Features_MVP_34/features_mp/train/5283318479529419-GOOD_flip.npy
4566338656793120-GOOD_flip,train,6,SHOW,/content/drive/MyDrive/Kophos_Features_MVP_34/features_mp/train/4566338656793120-GOOD_flip.npy
971622461215417-GOOD,train,6,SHOW,/content/drive/MyDrive/Kophos_Features_MVP_34/features_mp/train/971622461215417-GOOD.npy
5817237493367622-GOOD,train,6,SHOW,/content/drive/MyDrive/Kophos_Features_MVP_34/features_mp/train/5817237493367622-GOOD.npy
04439224802145447-GOOD,train,6,SHOW,/content/drive/MyDrive/Kophos_Features_MVP_34/features_mp/train/04439224802145447-GOOD.npy
5088051624336825-GOOD,train,6,SHOW,/content/drive/MyDrive/Kophos_Features_MVP_34/features_mp/train/5088051624336825-GOOD.npy
9415697316064947-GOOD_flip,train,6,SHOW,/content/drive/MyDrive/Kophos_Features_MVP_34/features_mp/train/9415697316064947-GOOD_flip.npy
5948912677856568-GOOD,train,6,SHOW,/content/drive/MyDrive/Kophos_Features_MVP_34/features_mp/train/5948912677856568-GOOD.npy
8895232077777255-GOOD_flip,train,6,SHOW,/content/drive/MyDrive/Kophos_Features_MVP_34/features_mp/train/8895232077777255-GOOD_flip.npy
7085041042230886-GOOD,train,6,SHOW,/content/drive/MyDrive/Kophos_Features_MVP_34/features_mp/train/7085041042230886-GOOD.npy
7209590706478270-GOOD_flip,train,6,SHOW,/content/drive/MyDrive/Kophos_Features_MVP_34/features_mp/train/7209590706478270-GOOD_flip.npy
04311614622944249-GOOD,train,6,SHOW,/content/drive/MyDrive/Kophos_Features_MVP_34/features_mp/train/04311614622944249-GOOD.npy
25290749191933815-GOOD,train,6,SHOW,/content/drive/MyDrive/Kophos_Features_MVP_34/features_mp/train/25290749191933815-GOOD.npy
1657731948502616-GOOD_flip,train,6,SHOW,/content/drive/MyDrive/Kophos_Features_MVP_34/features_mp/train/1657731948502616-GOOD_flip.npy
3251030125397159-GOOD_flip,train,6,SHOW,/content/drive/MyDrive/Kophos_Features_MVP_34/features_mp/train/3251030125397159-GOOD_flip.npy
7791424980867376-GOOD,train,6,SHOW,/content/drive/MyDrive/Kophos_Features_MVP_34/features_mp/train/7791424980867376-GOOD.npy
4018679777438112-GOOD_flip,train,6,SHOW,/content/drive/MyDrive/Kophos_Features_MVP_34/features_mp/train/4018679777438112-GOOD_flip.npy
7988103105967095-GOOD,train,6,SHOW,/content/drive/MyDrive/Kophos_Features_MVP_34/features_mp/train/7988103105967095-GOOD.npy
4609134891540851-GOOD_flip,train,6,SHOW,/content/drive/MyDrive/Kophos_Features_MVP_34/features_mp/train/4609134891540851-GOOD_flip.npy
6983847344301657-GOOD,train,6,SHOW,/content/drive/MyDrive/Kophos_Features_MVP_34/features_mp/train/6983847344301657-GOOD.npy
9723371026253688-GOOD_flip,train,6,SHOW,/content/drive/MyDrive/Kophos_Features_MVP_34/features_mp/train/9723371026253688-GOOD_flip.npy
5586839450092025-GOOD,train,6,SHOW,/content/drive/MyDrive/Kophos_Features_MVP_34/features_mp/train/5586839450092025-GOOD.npy
3585410185833346-GOOD_flip,train,6,SHOW,/content/drive/MyDrive/Kophos_Features_MVP_34/features_mp/train/3585410185833346-GOOD_flip.npy
1047854955526667-GOOD_flip,train,6,SHOW,/content/drive/MyDrive/Kophos_Features_MVP_34/features_mp/train/1047854955526667-GOOD_flip.npy
8356090493405988-GOOD_flip,train,6,SHOW,/content/drive/MyDrive/Kophos_Features_MVP_34/features_mp/train/8356090493405988-GOOD_flip.npy
2547343875619491-GOOD_flip,train,6,SHOW,/content/drive/MyDrive/Kophos_Features_MVP_34/features_mp/train/2547343875619491-GOOD_flip.npy
3702689169390034-GOOD_flip,train,6,SHOW,/content/drive/MyDrive/Kophos_Features_MVP_34/features_mp/train/3702689169390034-GOOD_flip.npy
2974757656737637-GOOD_flip,train,6,SHOW,/content/drive/MyDrive/Kophos_Features_MVP_34/features_mp/train/2974757656737637-GOOD_flip.npy
8259197203871462-GOOD,train,6,SHOW,/content/drive/MyDrive/Kophos_Features_MVP_34/features_mp/train/8259197203871462-GOOD.npy
7699430066397663-GOOD,train,6,SHOW,/content/drive/MyDrive/Kophos_Features_MVP_34/features_mp/train/7699430066397663-GOOD.npy
4843579408025589-GOOD,train,6,SHOW,/content/drive/MyDrive/Kophos_Features_MVP_34/features_mp/train/4843579408025589-GOOD.npy
9475877530638507-GOOD_flip,train,6,SHOW,/content/drive/MyDrive/Kophos_Features_MVP_34/features_mp/train/9475877530638507-GOOD_flip.npy
3102953732721474-GOOD_flip,train,6,SHOW,/content/drive/MyDrive/Kophos_Features_MVP_34/features_mp/train/3102953732721474-GOOD_flip.npy
9943305868542950-GOOD_flip,train,6,SHOW,/content/drive/MyDrive/Kophos_Features_MVP_34/features_mp/train/9943305868542950-GOOD_flip.npy
8618976665727696-GOOD,train,6,SHOW,/content/drive/MyDrive/Kophos_Features_MVP_34/features_mp/train/8618976665727696-GOOD.npy
7633870830493861-GOOD,train,6,SHOW,/content/drive/MyDrive/Kophos_Features_MVP_34/features_mp/train/7633870830493861-GOOD.npy
1636907769941489-GOOD,val,6,SHOW,/content/drive/MyDrive/Kophos_Features_MVP_34/features_mp/val/1636907769941489-GOOD.npy
2487376752277000-GOOD_flip,val,6,SHOW,/content/drive/MyDrive/Kophos_Features_MVP_34/features_mp/val/2487376752277000-GOOD_flip.npy
9687874710872124-GOOD,val,6,SHOW,/content/drive/MyDrive/Kophos_Features_MVP_34/features_mp/val/9687874710872124-GOOD.npy
22413626372355933-GOOD,val,6,SHOW,/content/drive/MyDrive/Kophos_Features_MVP_34/features_mp/val/22413626372355933-GOOD.npy
9875735466160431-GOOD,val,6,SHOW,/content/drive/MyDrive/Kophos_Features_MVP_34/features_mp/val/9875735466160431-GOOD.npy
5740718984587029-GOOD_flip,val,6,SHOW,/content/drive/MyDrive/Kophos_Features_MVP_34/features_mp/val/5740718984587029-GOOD_flip.npy
3590118354960584-GOOD_flip,val,6,SHOW,/content/drive/MyDrive/Kophos_Features_MVP_34/features_mp/val/3590118354960584-GOOD_flip.npy
2496613088025503-GOOD_flip,val,6,SHOW,/content/drive/MyDrive/Kophos_Features_MVP_34/features_mp/val/2496613088025503-GOOD_flip.npy
6265892872475043-GOOD_flip,test,6,SHOW,/content/drive/MyDrive/Kophos_Features_MVP_34/features_mp/test/6265892872475043-GOOD_flip.npy
6813680247909-GOOD,test,6,SHOW,/content/drive/MyDrive/Kophos_Features_MVP_34/features_mp/test/6813680247909-GOOD.npy
2055383579919828-GOOD_flip,test,6,SHOW,/content/drive/MyDrive/Kophos_Features_MVP_34/features_mp/test/2055383579919828-GOOD_flip.npy
5895473555911197-GOOD_flip,test,6,SHOW,/content/drive/MyDrive/Kophos_Features_MVP_34/features_mp/test/5895473555911197-GOOD_flip.npy
6449139793505076-GOOD,test,6,SHOW,/content/drive/MyDrive/Kophos_Features_MVP_34/features_mp/test/6449139793505076-GOOD.npy
9521412407799632-GOOD,test,6,SHOW,/content/drive/MyDrive/Kophos_Features_MVP_34/features_mp/test/9521412407799632-GOOD.npy
9756165063743225-GOOD,test,6,SHOW,/content/drive/MyDrive/Kophos_Features_MVP_34/features_mp/test/9756165063743225-GOOD.npy
2092431909008300-GOOD_flip,test,6,SHOW,/content/drive/MyDrive/Kophos_Features_MVP_34/features_mp/test/2092431909008300-GOOD_flip.npy
27179636245697747-GOOD,test,6,SHOW,/content/drive/MyDrive/Kophos_Features_MVP_34/features_mp/test/27179636245697747-GOOD.npy
7554285289233170-GOOD_flip,test,6,SHOW,/content/drive/MyDrive/Kophos_Features_MVP_34/features_mp/test/7554285289233170-GOOD_flip.npy
8638827580138925-HELLO_flip,train,7,START,/content/drive/MyDrive/Kophos_Features_MVP_34/features_mp/train/8638827580138925-HELLO_flip.npy
9042145214602195-HELLO,train,7,START,/content/drive/MyDrive/Kophos_Features_MVP_34/features_mp/train/9042145214602195-HELLO.npy
9436252566348359-HELLO_flip,train,7,START,/content/drive/MyDrive/Kophos_Features_MVP_34/features_mp/train/9436252566348359-HELLO_flip.npy
1789715889624135-HELLO,train,7,START,/content/drive/MyDrive/Kophos_Features_MVP_34/features_mp/train/1789715889624135-HELLO.npy
0755679379568106-HELLO,train,7,START,/content/drive/MyDrive/Kophos_Features_MVP_34/features_mp/train/0755679379568106-HELLO.npy
5254351100197965-HELLO,train,7,START,/content/drive/MyDrive/Kophos_Features_MVP_34/features_mp/train/5254351100197965-HELLO.npy
2573683052764100-HELLO_flip,train,7,START,/content/drive/MyDrive/Kophos_Features_MVP_34/features_mp/train/2573683052764100-HELLO_flip.npy
9441415075906014-HELLO,train,7,START,/content/drive/MyDrive/Kophos_Features_MVP_34/features_mp/train/9441415075906014-HELLO.npy
7597723277213178-HELLO,train,7,START,/content/drive/MyDrive/Kophos_Features_MVP_34/features_mp/train/7597723277213178-HELLO.npy
2102685352066801-HELLO_flip,train,7,START,/content/drive/MyDrive/Kophos_Features_MVP_34/features_mp/train/2102685352066801-HELLO_flip.npy
3283413810240037-HELLO,train,7,START,/content/drive/MyDrive/Kophos_Features_MVP_34/features_mp/train/3283413810240037-HELLO.npy
0022932153577568393-HELLO,train,7,START,/content/drive/MyDrive/Kophos_Features_MVP_34/features_mp/train/0022932153577568393-HELLO.npy
020030442376253177-HELLO,train,7,START,/content/drive/MyDrive/Kophos_Features_MVP_34/features_mp/train/020030442376253177-HELLO.npy
1479102575576705-HELLO_flip,train,7,START,/content/drive/MyDrive/Kophos_Features_MVP_34/features_mp/train/1479102575576705-HELLO_flip.npy
7648996670040624-HELLO,train,7,START,/content/drive/MyDrive/Kophos_Features_MVP_34/features_mp/train/7648996670040624-HELLO.npy
081380748015633-HELLO,train,7,START,/content/drive/MyDrive/Kophos_Features_MVP_34/features_mp/train/081380748015633-HELLO.npy
5254581960439552-HELLO_flip,train,7,START,/content/drive/MyDrive/Kophos_Features_MVP_34/features_mp/train/5254581960439552-HELLO_flip.npy
4150805304352542-HELLO_flip,train,7,START,/content/drive/MyDrive/Kophos_Features_MVP_34/features_mp/train/4150805304352542-HELLO_flip.npy
9203138462369036-HELLO,train,7,START,/content/drive/MyDrive/Kophos_Features_MVP_34/features_mp/train/9203138462369036-HELLO.npy
9106288955737850-HELLO_flip,train,7,START,/content/drive/MyDrive/Kophos_Features_MVP_34/features_mp/train/9106288955737850-HELLO_flip.npy
7613696736100914-HELLO,train,7,START,/content/drive/MyDrive/Kophos_Features_MVP_34/features_mp/train/7613696736100914-HELLO.npy
7882939693323107-HELLO_flip,train,7,START,/content/drive/MyDrive/Kophos_Features_MVP_34/features_mp/train/7882939693323107-HELLO_flip.npy
5911924789322505-HELLO,train,7,START,/content/drive/MyDrive/Kophos_Features_MVP_34/features_mp/train/5911924789322505-HELLO.npy
6995414899075470-HELLO_flip,train,7,START,/content/drive/MyDrive/Kophos_Features_MVP_34/features_mp/train/6995414899075470-HELLO_flip.npy
7472491282176557-HELLO,train,7,START,/content/drive/MyDrive/Kophos_Features_MVP_34/features_mp/train/7472491282176557-HELLO.npy
6006618045213384-HELLO_flip,train,7,START,/content/drive/MyDrive/Kophos_Features_MVP_34/features_mp/train/6006618045213384-HELLO_flip.npy
20675411351630046-HELLO,train,7,START,/content/drive/MyDrive/Kophos_Features_MVP_34/features_mp/train/20675411351630046-HELLO.npy
7065367164272648-HELLO_flip,train,7,START,/content/drive/MyDrive/Kophos_Features_MVP_34/features_mp/train/7065367164272648-HELLO_flip.npy
6268772110729059-HELLO_flip,train,7,START,/content/drive/MyDrive/Kophos_Features_MVP_34/features_mp/train/6268772110729059-HELLO_flip.npy
8850064556269771-HELLO_flip,train,7,START,/content/drive/MyDrive/Kophos_Features_MVP_34/features_mp/train/8850064556269771-HELLO_flip.npy
8198579011655694-HELLO_flip,train,7,START,/content/drive/MyDrive/Kophos_Features_MVP_34/features_mp/train/8198579011655694-HELLO_flip.npy
1340650432799635-HELLO,train,7,START,/content/drive/MyDrive/Kophos_Features_MVP_34/features_mp/train/1340650432799635-HELLO.npy
6448349493816601-HELLO,train,7,START,/content/drive/MyDrive/Kophos_Features_MVP_34/features_mp/train/6448349493816601-HELLO.npy
5455857041421802-HELLO_flip,train,7,START,/content/drive/MyDrive/Kophos_Features_MVP_34/features_mp/train/5455857041421802-HELLO_flip.npy
7461820060299018-HELLO_flip,train,7,START,/content/drive/MyDrive/Kophos_Features_MVP_34/features_mp/train/7461820060299018-HELLO_flip.npy
1679751546463308-HELLO_flip,train,7,START,/content/drive/MyDrive/Kophos_Features_MVP_34/features_mp/train/1679751546463308-HELLO_flip.npy
8780310689763676-HELLO_flip,train,7,START,/content/drive/MyDrive/Kophos_Features_MVP_34/features_mp/train/8780310689763676-HELLO_flip.npy
11225598264242453-HELLO,train,7,START,/content/drive/MyDrive/Kophos_Features_MVP_34/features_mp/train/11225598264242453-HELLO.npy
8444799749383681-HELLO_flip,train,7,START,/content/drive/MyDrive/Kophos_Features_MVP_34/features_mp/train/8444799749383681-HELLO_flip.npy
16501735528077632-HELLO,train,7,START,/content/drive/MyDrive/Kophos_Features_MVP_34/features_mp/train/16501735528077632-HELLO.npy
3876597711913999-HELLO_flip,train,7,START,/content/drive/MyDrive/Kophos_Features_MVP_34/features_mp/train/3876597711913999-HELLO_flip.npy
05614933522741539-HELLO,train,7,START,/content/drive/MyDrive/Kophos_Features_MVP_34/features_mp/train/05614933522741539-HELLO.npy
9681001049864972-HELLO_flip,val,7,START,/content/drive/MyDrive/Kophos_Features_MVP_34/features_mp/val/9681001049864972-HELLO_flip.npy
5661796042510669-HELLO_flip,val,7,START,/content/drive/MyDrive/Kophos_Features_MVP_34/features_mp/val/5661796042510669-HELLO_flip.npy
2641395152881313-HELLO_flip,val,7,START,/content/drive/MyDrive/Kophos_Features_MVP_34/features_mp/val/2641395152881313-HELLO_flip.npy
8364377695946923-HELLO,val,7,START,/content/drive/MyDrive/Kophos_Features_MVP_34/features_mp/val/8364377695946923-HELLO.npy
25802117645943423-HELLO,val,7,START,/content/drive/MyDrive/Kophos_Features_MVP_34/features_mp/val/25802117645943423-HELLO.npy
6893831168869061-HELLO_flip,val,7,START,/content/drive/MyDrive/Kophos_Features_MVP_34/features_mp/val/6893831168869061-HELLO_flip.npy
16493550450776628-HELLO,val,7,START,/content/drive/MyDrive/Kophos_Features_MVP_34/features_mp/val/16493550450776628-HELLO.npy
6606604391581264-HELLO_flip,val,7,START,/content/drive/MyDrive/Kophos_Features_MVP_34/features_mp/val/6606604391581264-HELLO_flip.npy
7076961883712545-HELLO,val,7,START,/content/drive/MyDrive/Kophos_Features_MVP_34/features_mp/val/7076961883712545-HELLO.npy
5018242902938022-HELLO,val,7,START,/content/drive/MyDrive/Kophos_Features_MVP_34/features_mp/val/5018242902938022-HELLO.npy
7781801823181623-HELLO_flip,test,7,START,/content/drive/MyDrive/Kophos_Features_MVP_34/features_mp/test/7781801823181623-HELLO_flip.npy
8841964348021558-HELLO,test,7,START,/content/drive/MyDrive/Kophos_Features_MVP_34/features_mp/test/8841964348021558-HELLO.npy
1450347568677465-HELLO_flip,test,7,START,/content/drive/MyDrive/Kophos_Features_MVP_34/features_mp/test/1450347568677465-HELLO_flip.npy
5485912424083196-HELLO_flip,test,7,START,/content/drive/MyDrive/Kophos_Features_MVP_34/features_mp/test/5485912424083196-HELLO_flip.npy
7162765364814551-HELLO_flip,test,7,START,/content/drive/MyDrive/Kophos_Features_MVP_34/features_mp/test/7162765364814551-HELLO_flip.npy
7027473793210652-HELLO,test,7,START,/content/drive/MyDrive/Kophos_Features_MVP_34/features_mp/test/7027473793210652-HELLO.npy
8486809407942575-HELLO,test,7,START,/content/drive/MyDrive/Kophos_Features_MVP_34/features_mp/test/8486809407942575-HELLO.npy
5339916560192981-HELLO,test,7,START,/content/drive/MyDrive/Kophos_Features_MVP_34/features_mp/test/5339916560192981-HELLO.npy
1040189836592067-HELLO_flip,test,7,START,/content/drive/MyDrive/Kophos_Features_MVP_34/features_mp/test/1040189836592067-HELLO_flip.npy
9008261925178431-HELLO,test,7,START,/content/drive/MyDrive/Kophos_Features_MVP_34/features_mp/test/9008261925178431-HELLO.npy
5857563523667687-HELP_flip,train,8,STOP,/content/drive/MyDrive/Kophos_Features_MVP_34/features_mp/train/5857563523667687-HELP_flip.npy
7883975977730744-HELP_flip,train,8,STOP,/content/drive/MyDrive/Kophos_Features_MVP_34/features_mp/train/7883975977730744-HELP_flip.npy
1137303436616306-HELP_flip,train,8,STOP,/content/drive/MyDrive/Kophos_Features_MVP_34/features_mp/train/1137303436616306-HELP_flip.npy
6606215093519721-HELP_flip,train,8,STOP,/content/drive/MyDrive/Kophos_Features_MVP_34/features_mp/train/6606215093519721-HELP_flip.npy
5520992458286765-HELP_flip,train,8,STOP,/content/drive/MyDrive/Kophos_Features_MVP_34/features_mp/train/5520992458286765-HELP_flip.npy
8106181277624097-HELP_flip,train,8,STOP,/content/drive/MyDrive/Kophos_Features_MVP_34/features_mp/train/8106181277624097-HELP_flip.npy
9165653074606479-HELP,train,8,STOP,/content/drive/MyDrive/Kophos_Features_MVP_34/features_mp/train/9165653074606479-HELP.npy
9577326737317712-HELP_flip,train,8,STOP,/content/drive/MyDrive/Kophos_Features_MVP_34/features_mp/train/9577326737317712-HELP_flip.npy
032534532433647456-HELP,train,8,STOP,/content/drive/MyDrive/Kophos_Features_MVP_34/features_mp/train/032534532433647456-HELP.npy
8082403866623130-HELP_flip,train,8,STOP,/content/drive/MyDrive/Kophos_Features_MVP_34/features_mp/train/8082403866623130-HELP_flip.npy
5896130155967453-HELP_flip,train,8,STOP,/content/drive/MyDrive/Kophos_Features_MVP_34/features_mp/train/5896130155967453-HELP_flip.npy
3946122100861379-HELP_flip,train,8,STOP,/content/drive/MyDrive/Kophos_Features_MVP_34/features_mp/train/3946122100861379-HELP_flip.npy
15046472702938374-HELP,train,8,STOP,/content/drive/MyDrive/Kophos_Features_MVP_34/features_mp/train/15046472702938374-HELP.npy
3751806072430730-HELP_flip,train,8,STOP,/content/drive/MyDrive/Kophos_Features_MVP_34/features_mp/train/3751806072430730-HELP_flip.npy
3819894839943960-HELP_flip,train,8,STOP,/content/drive/MyDrive/Kophos_Features_MVP_34/features_mp/train/3819894839943960-HELP_flip.npy
3959800959711359-HELP_flip,train,8,STOP,/content/drive/MyDrive/Kophos_Features_MVP_34/features_mp/train/3959800959711359-HELP_flip.npy
8218136220855874-HELP,train,8,STOP,/content/drive/MyDrive/Kophos_Features_MVP_34/features_mp/train/8218136220855874-HELP.npy
6606657174564930-HELP_flip,train,8,STOP,/content/drive/MyDrive/Kophos_Features_MVP_34/features_mp/train/6606657174564930-HELP_flip.npy
44817736125778374-HELP,train,8,STOP,/content/drive/MyDrive/Kophos_Features_MVP_34/features_mp/train/44817736125778374-HELP.npy
6769141340384633-HELP_flip,train,8,STOP,/content/drive/MyDrive/Kophos_Features_MVP_34/features_mp/train/6769141340384633-HELP_flip.npy
5043430847938863-HELP,train,8,STOP,/content/drive/MyDrive/Kophos_Features_MVP_34/features_mp/train/5043430847938863-HELP.npy
3647526523814224-HELP_flip,train,8,STOP,/content/drive/MyDrive/Kophos_Features_MVP_34/features_mp/train/3647526523814224-HELP_flip.npy
7089399807133861-HELP_flip,train,8,STOP,/content/drive/MyDrive/Kophos_Features_MVP_34/features_mp/train/7089399807133861-HELP_flip.npy
9702910950898831-HELP,train,8,STOP,/content/drive/MyDrive/Kophos_Features_MVP_34/features_mp/train/9702910950898831-HELP.npy
3193613416697825-HELP_flip,train,8,STOP,/content/drive/MyDrive/Kophos_Features_MVP_34/features_mp/train/3193613416697825-HELP_flip.npy
6037747479203328-HELP,train,8,STOP,/content/drive/MyDrive/Kophos_Features_MVP_34/features_mp/train/6037747479203328-HELP.npy
4206186890939383-HELP,train,8,STOP,/content/drive/MyDrive/Kophos_Features_MVP_34/features_mp/train/4206186890939383-HELP.npy
12979829347320937-HELP,train,8,STOP,/content/drive/MyDrive/Kophos_Features_MVP_34/features_mp/train/12979829347320937-HELP.npy
3347819641252294-HELP,train,8,STOP,/content/drive/MyDrive/Kophos_Features_MVP_34/features_mp/train/3347819641252294-HELP.npy
1512241224851143-HELP,train,8,STOP,/content/drive/MyDrive/Kophos_Features_MVP_34/features_mp/train/1512241224851143-HELP.npy
8534077485600235-HELP,train,8,STOP,/content/drive/MyDrive/Kophos_Features_MVP_34/features_mp/train/8534077485600235-HELP.npy
8646796456836814-HELP,train,8,STOP,/content/drive/MyDrive/Kophos_Features_MVP_34/features_mp/train/8646796456836814-HELP.npy
6182298475737081-HELP_flip,train,8,STOP,/content/drive/MyDrive/Kophos_Features_MVP_34/features_mp/train/6182298475737081-HELP_flip.npy
531487732428322-HELP,train,8,STOP,/content/drive/MyDrive/Kophos_Features_MVP_34/features_mp/train/531487732428322-HELP.npy
3982436455452034-HELP,train,8,STOP,/content/drive/MyDrive/Kophos_Features_MVP_34/features_mp/train/3982436455452034-HELP.npy
4111651937750856-HELP_flip,train,8,STOP,/content/drive/MyDrive/Kophos_Features_MVP_34/features_mp/train/4111651937750856-HELP_flip.npy
1395824062919964-HELP_flip,train,8,STOP,/content/drive/MyDrive/Kophos_Features_MVP_34/features_mp/train/1395824062919964-HELP_flip.npy
8752124064034510-HELP_flip,train,8,STOP,/content/drive/MyDrive/Kophos_Features_MVP_34/features_mp/train/8752124064034510-HELP_flip.npy
8299104488332914-HELP_flip,train,8,STOP,/content/drive/MyDrive/Kophos_Features_MVP_34/features_mp/train/8299104488332914-HELP_flip.npy
4382571867616978-HELP,train,8,STOP,/content/drive/MyDrive/Kophos_Features_MVP_34/features_mp/train/4382571867616978-HELP.npy
23773456898680978-HELP,train,8,STOP,/content/drive/MyDrive/Kophos_Features_MVP_34/features_mp/train/23773456898680978-HELP.npy
9203747770494983-HELP,train,8,STOP,/content/drive/MyDrive/Kophos_Features_MVP_34/features_mp/train/9203747770494983-HELP.npy
9483688560737478-HELP,train,8,STOP,/content/drive/MyDrive/Kophos_Features_MVP_34/features_mp/train/9483688560737478-HELP.npy
9283916311481798-HELP_flip,train,8,STOP,/content/drive/MyDrive/Kophos_Features_MVP_34/features_mp/train/9283916311481798-HELP_flip.npy
9568508654153783-HELP_flip,train,8,STOP,/content/drive/MyDrive/Kophos_Features_MVP_34/features_mp/train/9568508654153783-HELP_flip.npy
3557945550706938-HELP,train,8,STOP,/content/drive/MyDrive/Kophos_Features_MVP_34/features_mp/train/3557945550706938-HELP.npy
2666452107356991-HELP_flip,train,8,STOP,/content/drive/MyDrive/Kophos_Features_MVP_34/features_mp/train/2666452107356991-HELP_flip.npy
4767888757011332-HELP_flip,train,8,STOP,/content/drive/MyDrive/Kophos_Features_MVP_34/features_mp/train/4767888757011332-HELP_flip.npy
2255439405448059-HELP_flip,train,8,STOP,/content/drive/MyDrive/Kophos_Features_MVP_34/features_mp/train/2255439405448059-HELP_flip.npy
7591868894033418-HELP_flip,train,8,STOP,/content/drive/MyDrive/Kophos_Features_MVP_34/features_mp/train/7591868894033418-HELP_flip.npy
2827436114737072-HELP_flip,train,8,STOP,/content/drive/MyDrive/Kophos_Features_MVP_34/features_mp/train/2827436114737072-HELP_flip.npy
1449042133522040-HELP_flip,train,8,STOP,/content/drive/MyDrive/Kophos_Features_MVP_34/features_mp/train/1449042133522040-HELP_flip.npy
5453338491306315-HELP_flip,train,8,STOP,/content/drive/MyDrive/Kophos_Features_MVP_34/features_mp/train/5453338491306315-HELP_flip.npy
3667516591664011-HELP_flip,train,8,STOP,/content/drive/MyDrive/Kophos_Features_MVP_34/features_mp/train/3667516591664011-HELP_flip.npy
7616988400005291-HELP,train,8,STOP,/content/drive/MyDrive/Kophos_Features_MVP_34/features_mp/train/7616988400005291-HELP.npy
7945173468384136-HELP_flip,train,8,STOP,/content/drive/MyDrive/Kophos_Features_MVP_34/features_mp/train/7945173468384136-HELP_flip.npy
5735792200302146-HELP_flip,train,8,STOP,/content/drive/MyDrive/Kophos_Features_MVP_34/features_mp/train/5735792200302146-HELP_flip.npy
7606131484936023-HELP_flip,train,8,STOP,/content/drive/MyDrive/Kophos_Features_MVP_34/features_mp/train/7606131484936023-HELP_flip.npy
7042821757598822-HELP_flip,train,8,STOP,/content/drive/MyDrive/Kophos_Features_MVP_34/features_mp/train/7042821757598822-HELP_flip.npy
3000270038189985-HELP,train,8,STOP,/content/drive/MyDrive/Kophos_Features_MVP_34/features_mp/train/3000270038189985-HELP.npy
3952812766824604-HELP_flip,train,8,STOP,/content/drive/MyDrive/Kophos_Features_MVP_34/features_mp/train/3952812766824604-HELP_flip.npy
3851323593225884-HELP_flip,train,8,STOP,/content/drive/MyDrive/Kophos_Features_MVP_34/features_mp/train/3851323593225884-HELP_flip.npy
7286024647559323-HELP_flip,train,8,STOP,/content/drive/MyDrive/Kophos_Features_MVP_34/features_mp/train/7286024647559323-HELP_flip.npy
5574926687456125-HELP,train,8,STOP,/content/drive/MyDrive/Kophos_Features_MVP_34/features_mp/train/5574926687456125-HELP.npy
6967335705063062-HELP,train,8,STOP,/content/drive/MyDrive/Kophos_Features_MVP_34/features_mp/train/6967335705063062-HELP.npy
6465687433469799-HELP_flip,train,8,STOP,/content/drive/MyDrive/Kophos_Features_MVP_34/features_mp/train/6465687433469799-HELP_flip.npy
8473961593751327-HELP_flip,train,8,STOP,/content/drive/MyDrive/Kophos_Features_MVP_34/features_mp/train/8473961593751327-HELP_flip.npy
07603691172028904-HELP,train,8,STOP,/content/drive/MyDrive/Kophos_Features_MVP_34/features_mp/train/07603691172028904-HELP.npy
6976605210217340-HELP_flip,train,8,STOP,/content/drive/MyDrive/Kophos_Features_MVP_34/features_mp/train/6976605210217340-HELP_flip.npy
8811805278854605-HELP_flip,train,8,STOP,/content/drive/MyDrive/Kophos_Features_MVP_34/features_mp/train/8811805278854605-HELP_flip.npy
9831041280646125-HELP_flip,train,8,STOP,/content/drive/MyDrive/Kophos_Features_MVP_34/features_mp/train/9831041280646125-HELP_flip.npy
2586194724726262-HELP_flip,train,8,STOP,/content/drive/MyDrive/Kophos_Features_MVP_34/features_mp/train/2586194724726262-HELP_flip.npy
4769204341936912-HELP_flip,val,8,STOP,/content/drive/MyDrive/Kophos_Features_MVP_34/features_mp/val/4769204341936912-HELP_flip.npy
9310343088930714-HELP_flip,val,8,STOP,/content/drive/MyDrive/Kophos_Features_MVP_34/features_mp/val/9310343088930714-HELP_flip.npy
3095593902131866-HELP_flip,val,8,STOP,/content/drive/MyDrive/Kophos_Features_MVP_34/features_mp/val/3095593902131866-HELP_flip.npy
3792171420419543-HELP_flip,val,8,STOP,/content/drive/MyDrive/Kophos_Features_MVP_34/features_mp/val/3792171420419543-HELP_flip.npy
9437772948180145-HELP,val,8,STOP,/content/drive/MyDrive/Kophos_Features_MVP_34/features_mp/val/9437772948180145-HELP.npy
1693289601133807-HELP_flip,val,8,STOP,/content/drive/MyDrive/Kophos_Features_MVP_34/features_mp/val/1693289601133807-HELP_flip.npy
7353034835882497-HELP,val,8,STOP,/content/drive/MyDrive/Kophos_Features_MVP_34/features_mp/val/7353034835882497-HELP.npy
2810115362311490-HELP_flip,val,8,STOP,/content/drive/MyDrive/Kophos_Features_MVP_34/features_mp/val/2810115362311490-HELP_flip.npy
5726113697968809-HELP,val,8,STOP,/content/drive/MyDrive/Kophos_Features_MVP_34/features_mp/val/5726113697968809-HELP.npy
8046966848584412-HELP_flip,test,8,STOP,/content/drive/MyDrive/Kophos_Features_MVP_34/features_mp/test/8046966848584412-HELP_flip.npy
4013299564715298-HELP_flip,test,8,STOP,/content/drive/MyDrive/Kophos_Features_MVP_34/features_mp/test/4013299564715298-HELP_flip.npy
1989591681074198-HELP_flip,test,8,STOP,/content/drive/MyDrive/Kophos_Features_MVP_34/features_mp/test/1989591681074198-HELP_flip.npy
7196812538878713-HELP_flip,test,8,STOP,/content/drive/MyDrive/Kophos_Features_MVP_34/features_mp/test/7196812538878713-HELP_flip.npy
2068385081479361-HELP_flip,test,8,STOP,/content/drive/MyDrive/Kophos_Features_MVP_34/features_mp/test/2068385081479361-HELP_flip.npy
4245583730943797-HELP_flip,test,8,STOP,/content/drive/MyDrive/Kophos_Features_MVP_34/features_mp/test/4245583730943797-HELP_flip.npy
2928594067365103-HELP_flip,test,8,STOP,/content/drive/MyDrive/Kophos_Features_MVP_34/features_mp/test/2928594067365103-HELP_flip.npy
7816987530892228-HELP,test,8,STOP,/content/drive/MyDrive/Kophos_Features_MVP_34/features_mp/test/7816987530892228-HELP.npy
1757539836843716-HELP_flip,test,8,STOP,/content/drive/MyDrive/Kophos_Features_MVP_34/features_mp/test/1757539836843716-HELP_flip.npy
5892698339580624-HOSPITAL,train,9,TELL,/content/drive/MyDrive/Kophos_Features_MVP_34/features_mp/train/5892698339580624-HOSPITAL.npy
43142287081368647-HOSPITAL,train,9,TELL,/content/drive/MyDrive/Kophos_Features_MVP_34/features_mp/train/43142287081368647-HOSPITAL.npy
9571221473356939-HOSPITAL,train,9,TELL,/content/drive/MyDrive/Kophos_Features_MVP_34/features_mp/train/9571221473356939-HOSPITAL.npy
28791918942913153-HOSPITAL,train,9,TELL,/content/drive/MyDrive/Kophos_Features_MVP_34/features_mp/train/28791918942913153-HOSPITAL.npy
5851960225980641-HOSPITAL,train,9,TELL,/content/drive/MyDrive/Kophos_Features_MVP_34/features_mp/train/5851960225980641-HOSPITAL.npy
16499691175444786-HOSPITAL,train,9,TELL,/content/drive/MyDrive/Kophos_Features_MVP_34/features_mp/train/16499691175444786-HOSPITAL.npy
1774654607432436-HOSPITAL_flip,train,9,TELL,/content/drive/MyDrive/Kophos_Features_MVP_34/features_mp/train/1774654607432436-HOSPITAL_flip.npy
8842873768781858-HOSPITAL,train,9,TELL,/content/drive/MyDrive/Kophos_Features_MVP_34/features_mp/train/8842873768781858-HOSPITAL.npy
1445685163552394-HOSPITAL_flip,train,9,TELL,/content/drive/MyDrive/Kophos_Features_MVP_34/features_mp/train/1445685163552394-HOSPITAL_flip.npy
4963703762417626-HOSPITAL_flip,train,9,TELL,/content/drive/MyDrive/Kophos_Features_MVP_34/features_mp/train/4963703762417626-HOSPITAL_flip.npy
7097148597821302-HOSPITAL_flip,train,9,TELL,/content/drive/MyDrive/Kophos_Features_MVP_34/features_mp/train/7097148597821302-HOSPITAL_flip.npy
6343832518495173-HOSPITAL_flip,train,9,TELL,/content/drive/MyDrive/Kophos_Features_MVP_34/features_mp/train/6343832518495173-HOSPITAL_flip.npy
7798947066477950-HOSPITAL_flip,train,9,TELL,/content/drive/MyDrive/Kophos_Features_MVP_34/features_mp/train/7798947066477950-HOSPITAL_flip.npy
3284942530084891-HOSPITAL,train,9,TELL,/content/drive/MyDrive/Kophos_Features_MVP_34/features_mp/train/3284942530084891-HOSPITAL.npy
3759922548209751-HOSPITAL,train,9,TELL,/content/drive/MyDrive/Kophos_Features_MVP_34/features_mp/train/3759922548209751-HOSPITAL.npy
9370001199469725-HOSPITAL_flip,train,9,TELL,/content/drive/MyDrive/Kophos_Features_MVP_34/features_mp/train/9370001199469725-HOSPITAL_flip.npy
5903218158401913-HOSPITAL,train,9,TELL,/content/drive/MyDrive/Kophos_Features_MVP_34/features_mp/train/5903218158401913-HOSPITAL.npy
2816314098780288-HOSPITAL,train,9,TELL,/content/drive/MyDrive/Kophos_Features_MVP_34/features_mp/train/2816314098780288-HOSPITAL.npy
2299227985082245-HOSPITAL_flip,train,9,TELL,/content/drive/MyDrive/Kophos_Features_MVP_34/features_mp/train/2299227985082245-HOSPITAL_flip.npy
8311298382278862-HOSPITAL,train,9,TELL,/content/drive/MyDrive/Kophos_Features_MVP_34/features_mp/train/8311298382278862-HOSPITAL.npy
8921304831087321-HOSPITAL_flip,train,9,TELL,/content/drive/MyDrive/Kophos_Features_MVP_34/features_mp/train/8921304831087321-HOSPITAL_flip.npy
5986181755240401-HOSPITAL,train,9,TELL,/content/drive/MyDrive/Kophos_Features_MVP_34/features_mp/train/5986181755240401-HOSPITAL.npy
6143669557448179-HOSPITAL_flip,train,9,TELL,/content/drive/MyDrive/Kophos_Features_MVP_34/features_mp/train/6143669557448179-HOSPITAL_flip.npy
4447450671638016-HOSPITAL_flip,train,9,TELL,/content/drive/MyDrive/Kophos_Features_MVP_34/features_mp/train/4447450671638016-HOSPITAL_flip.npy
3758951964835221-HOSPITAL_flip,train,9,TELL,/content/drive/MyDrive/Kophos_Features_MVP_34/features_mp/train/3758951964835221-HOSPITAL_flip.npy
4315957172962892-HOSPITAL,train,9,TELL,/content/drive/MyDrive/Kophos_Features_MVP_34/features_mp/train/4315957172962892-HOSPITAL.npy
8673437258051947-HOSPITAL_flip,train,9,TELL,/content/drive/MyDrive/Kophos_Features_MVP_34/features_mp/train/8673437258051947-HOSPITAL_flip.npy
2311945861766588-HOSPITAL_flip,train,9,TELL,/content/drive/MyDrive/Kophos_Features_MVP_34/features_mp/train/2311945861766588-HOSPITAL_flip.npy
997878459075781-HOSPITAL,train,9,TELL,/content/drive/MyDrive/Kophos_Features_MVP_34/features_mp/train/997878459075781-HOSPITAL.npy
6617570620603726-HOSPITAL_flip,train,9,TELL,/content/drive/MyDrive/Kophos_Features_MVP_34/features_mp/train/6617570620603726-HOSPITAL_flip.npy
7710150320331248-HOSPITAL,train,9,TELL,/content/drive/MyDrive/Kophos_Features_MVP_34/features_mp/train/7710150320331248-HOSPITAL.npy
3610558283538343-HOSPITAL_flip,train,9,TELL,/content/drive/MyDrive/Kophos_Features_MVP_34/features_mp/train/3610558283538343-HOSPITAL_flip.npy
9564761242703635-HOSPITAL_flip,train,9,TELL,/content/drive/MyDrive/Kophos_Features_MVP_34/features_mp/train/9564761242703635-HOSPITAL_flip.npy
5620965900225699-HOSPITAL_flip,train,9,TELL,/content/drive/MyDrive/Kophos_Features_MVP_34/features_mp/train/5620965900225699-HOSPITAL_flip.npy
7933684749865205-HOSPITAL_flip,train,9,TELL,/content/drive/MyDrive/Kophos_Features_MVP_34/features_mp/train/7933684749865205-HOSPITAL_flip.npy
5274484134124237-HOSPITAL_flip,train,9,TELL,/content/drive/MyDrive/Kophos_Features_MVP_34/features_mp/train/5274484134124237-HOSPITAL_flip.npy
08795608187591553-HOSPITAL,train,9,TELL,/content/drive/MyDrive/Kophos_Features_MVP_34/features_mp/train/08795608187591553-HOSPITAL.npy
8699887606125449-HOSPITAL_flip,train,9,TELL,/content/drive/MyDrive/Kophos_Features_MVP_34/features_mp/train/8699887606125449-HOSPITAL_flip.npy
513048409174413-HOSPITAL,train,9,TELL,/content/drive/MyDrive/Kophos_Features_MVP_34/features_mp/train/513048409174413-HOSPITAL.npy
8877316023603796-HOSPITAL,train,9,TELL,/content/drive/MyDrive/Kophos_Features_MVP_34/features_mp/train/8877316023603796-HOSPITAL.npy
2391354197208838-HOSPITAL_flip,train,9,TELL,/content/drive/MyDrive/Kophos_Features_MVP_34/features_mp/train/2391354197208838-HOSPITAL_flip.npy
1546563402338053-HOSPITAL_flip,train,9,TELL,/content/drive/MyDrive/Kophos_Features_MVP_34/features_mp/train/1546563402338053-HOSPITAL_flip.npy
9860050320578077-HOSPITAL_flip,train,9,TELL,/content/drive/MyDrive/Kophos_Features_MVP_34/features_mp/train/9860050320578077-HOSPITAL_flip.npy
4285249150026625-HOSPITAL_flip,train,9,TELL,/content/drive/MyDrive/Kophos_Features_MVP_34/features_mp/train/4285249150026625-HOSPITAL_flip.npy
8127388748575816-HOSPITAL_flip,train,9,TELL,/content/drive/MyDrive/Kophos_Features_MVP_34/features_mp/train/8127388748575816-HOSPITAL_flip.npy
7052397438671187-HOSPITAL_flip,train,9,TELL,/content/drive/MyDrive/Kophos_Features_MVP_34/features_mp/train/7052397438671187-HOSPITAL_flip.npy
7114833956628173-HOSPITAL_flip,train,9,TELL,/content/drive/MyDrive/Kophos_Features_MVP_34/features_mp/train/7114833956628173-HOSPITAL_flip.npy
2657292811841865-HOSPITAL,train,9,TELL,/content/drive/MyDrive/Kophos_Features_MVP_34/features_mp/train/2657292811841865-HOSPITAL.npy
2381570775088779-HOSPITAL_flip,train,9,TELL,/content/drive/MyDrive/Kophos_Features_MVP_34/features_mp/train/2381570775088779-HOSPITAL_flip.npy
1769460325728186-HOSPITAL_flip,train,9,TELL,/content/drive/MyDrive/Kophos_Features_MVP_34/features_mp/train/1769460325728186-HOSPITAL_flip.npy
13051783303937703-HOSPITAL,train,9,TELL,/content/drive/MyDrive/Kophos_Features_MVP_34/features_mp/train/13051783303937703-HOSPITAL.npy
8743167618986996-HOSPITAL_flip,train,9,TELL,/content/drive/MyDrive/Kophos_Features_MVP_34/features_mp/train/8743167618986996-HOSPITAL_flip.npy
8121450022798773-HOSPITAL_flip,train,9,TELL,/content/drive/MyDrive/Kophos_Features_MVP_34/features_mp/train/8121450022798773-HOSPITAL_flip.npy
8772421005997871-HOSPITAL_flip,train,9,TELL,/content/drive/MyDrive/Kophos_Features_MVP_34/features_mp/train/8772421005997871-HOSPITAL_flip.npy
8438442032655892-HOSPITAL_flip,train,9,TELL,/content/drive/MyDrive/Kophos_Features_MVP_34/features_mp/train/8438442032655892-HOSPITAL_flip.npy
1581243911535093-HOSPITAL_flip,train,9,TELL,/content/drive/MyDrive/Kophos_Features_MVP_34/features_mp/train/1581243911535093-HOSPITAL_flip.npy
2879350103874747-HOSPITAL_flip,train,9,TELL,/content/drive/MyDrive/Kophos_Features_MVP_34/features_mp/train/2879350103874747-HOSPITAL_flip.npy
8860841204863810-HOSPITAL_flip,train,9,TELL,/content/drive/MyDrive/Kophos_Features_MVP_34/features_mp/train/8860841204863810-HOSPITAL_flip.npy
1523509782028584-HOSPITAL_flip,train,9,TELL,/content/drive/MyDrive/Kophos_Features_MVP_34/features_mp/train/1523509782028584-HOSPITAL_flip.npy
3610375596274633-HOSPITAL_flip,train,9,TELL,/content/drive/MyDrive/Kophos_Features_MVP_34/features_mp/train/3610375596274633-HOSPITAL_flip.npy
8755535878171725-HOSPITAL_flip,train,9,TELL,/content/drive/MyDrive/Kophos_Features_MVP_34/features_mp/train/8755535878171725-HOSPITAL_flip.npy
7501950736272070-HOSPITAL_flip,train,9,TELL,/content/drive/MyDrive/Kophos_Features_MVP_34/features_mp/train/7501950736272070-HOSPITAL_flip.npy
4754458140792630-HOSPITAL_flip,train,9,TELL,/content/drive/MyDrive/Kophos_Features_MVP_34/features_mp/train/4754458140792630-HOSPITAL_flip.npy
1551547487839853-HOSPITAL_flip,val,9,TELL,/content/drive/MyDrive/Kophos_Features_MVP_34/features_mp/val/1551547487839853-HOSPITAL_flip.npy
2105545351090837-HOSPITAL_flip,val,9,TELL,/content/drive/MyDrive/Kophos_Features_MVP_34/features_mp/val/2105545351090837-HOSPITAL_flip.npy
7274430163510330-HOSPITAL_flip,val,9,TELL,/content/drive/MyDrive/Kophos_Features_MVP_34/features_mp/val/7274430163510330-HOSPITAL_flip.npy
8258377197979996-HOSPITAL_flip,val,9,TELL,/content/drive/MyDrive/Kophos_Features_MVP_34/features_mp/val/8258377197979996-HOSPITAL_flip.npy
8512749353267319-HOSPITAL,val,9,TELL,/content/drive/MyDrive/Kophos_Features_MVP_34/features_mp/val/8512749353267319-HOSPITAL.npy
9286451944025257-HOSPITAL_flip,val,9,TELL,/content/drive/MyDrive/Kophos_Features_MVP_34/features_mp/val/9286451944025257-HOSPITAL_flip.npy
0391236078587216-HOSPITAL,val,9,TELL,/content/drive/MyDrive/Kophos_Features_MVP_34/features_mp/val/0391236078587216-HOSPITAL.npy
5803342386337081-HOSPITAL_flip,val,9,TELL,/content/drive/MyDrive/Kophos_Features_MVP_34/features_mp/val/5803342386337081-HOSPITAL_flip.npy
7478883601635683-HOSPITAL_flip,val,9,TELL,/content/drive/MyDrive/Kophos_Features_MVP_34/features_mp/val/7478883601635683-HOSPITAL_flip.npy
35176220038590755-HOSPITAL,val,9,TELL,/content/drive/MyDrive/Kophos_Features_MVP_34/features_mp/val/35176220038590755-HOSPITAL.npy
9543121609158431-HOSPITAL,val,9,TELL,/content/drive/MyDrive/Kophos_Features_MVP_34/features_mp/val/9543121609158431-HOSPITAL.npy
1345136805141587-HOSPITAL_flip,val,9,TELL,/content/drive/MyDrive/Kophos_Features_MVP_34/features_mp/val/1345136805141587-HOSPITAL_flip.npy
9413233840218012-HOSPITAL_flip,test,9,TELL,/content/drive/MyDrive/Kophos_Features_MVP_34/features_mp/test/9413233840218012-HOSPITAL_flip.npy
9829323639755847-HOSPITAL_flip,test,9,TELL,/content/drive/MyDrive/Kophos_Features_MVP_34/features_mp/test/9829323639755847-HOSPITAL_flip.npy
29975883523571745-HOSPITAL,test,9,TELL,/content/drive/MyDrive/Kophos_Features_MVP_34/features_mp/test/29975883523571745-HOSPITAL.npy
2305871847828358-HOSPITAL,test,9,TELL,/content/drive/MyDrive/Kophos_Features_MVP_34/features_mp/test/2305871847828358-HOSPITAL.npy
4536754695385204-HOSPITAL_flip,test,9,TELL,/content/drive/MyDrive/Kophos_Features_MVP_34/features_mp/test/4536754695385204-HOSPITAL_flip.npy
03617049378353854-HOSPITAL,test,9,TELL,/content/drive/MyDrive/Kophos_Features_MVP_34/features_mp/test/03617049378353854-HOSPITAL.npy
7487521584544098-HOSPITAL_flip,test,9,TELL,/content/drive/MyDrive/Kophos_Features_MVP_34/features_mp/test/7487521584544098-HOSPITAL_flip.npy
7187014987832721-HOSPITAL_flip,test,9,TELL,/content/drive/MyDrive/Kophos_Features_MVP_34/features_mp/test/7187014987832721-HOSPITAL_flip.npy
7921373203371331-HOSPITAL,test,9,TELL,/content/drive/MyDrive/Kophos_Features_MVP_34/features_mp/test/7921373203371331-HOSPITAL.npy
8903687797420998-HOSPITAL,test,9,TELL,/content/drive/MyDrive/Kophos_Features_MVP_34/features_mp/test/8903687797420998-HOSPITAL.npy
7438958298387561-HOSPITAL_flip,test,9,TELL,/content/drive/MyDrive/Kophos_Features_MVP_34/features_mp/test/7438958298387561-HOSPITAL_flip.npy
4946741649514457-HOSPITAL_flip,test,9,TELL,/content/drive/MyDrive/Kophos_Features_MVP_34/features_mp/test/4946741649514457-HOSPITAL_flip.npy
3907946476543505-HOSPITAL_flip,test,9,TELL,/content/drive/MyDrive/Kophos_Features_MVP_34/features_mp/test/3907946476543505-HOSPITAL_flip.npy
4722514869165751-HOSPITAL_flip,test,9,TELL,/content/drive/MyDrive/Kophos_Features_MVP_34/features_mp/test/4722514869165751-HOSPITAL_flip.npy
1736526679586748-HOSPITAL_flip,test,9,TELL,/content/drive/MyDrive/Kophos_Features_MVP_34/features_mp/test/1736526679586748-HOSPITAL_flip.npy
7695032296870970-KNOW_flip,train,10,THINK,/content/drive/MyDrive/Kophos_Features_MVP_34/features_mp/train/7695032296870970-KNOW_flip.npy
2635089540640852-KNOW_flip,train,10,THINK,/content/drive/MyDrive/Kophos_Features_MVP_34/features_mp/train/2635089540640852-KNOW_flip.npy
8328882304653274-KNOW_flip,train,10,THINK,/content/drive/MyDrive/Kophos_Features_MVP_34/features_mp/train/8328882304653274-KNOW_flip.npy
0932553475843072-KNOW,train,10,THINK,/content/drive/MyDrive/Kophos_Features_MVP_34/features_mp/train/0932553475843072-KNOW.npy
7870478000589140-KNOW_flip,train,10,THINK,/content/drive/MyDrive/Kophos_Features_MVP_34/features_mp/train/7870478000589140-KNOW_flip.npy
14003138099067614-KNOW,train,10,THINK,/content/drive/MyDrive/Kophos_Features_MVP_34/features_mp/train/14003138099067614-KNOW.npy
8576112639816955-KNOW_flip,train,10,THINK,/content/drive/MyDrive/Kophos_Features_MVP_34/features_mp/train/8576112639816955-KNOW_flip.npy
8501054970864615-KNOW_flip,train,10,THINK,/content/drive/MyDrive/Kophos_Features_MVP_34/features_mp/train/8501054970864615-KNOW_flip.npy
9920793848428827-KNOW_flip,train,10,THINK,/content/drive/MyDrive/Kophos_Features_MVP_34/features_mp/train/9920793848428827-KNOW_flip.npy
8067021692292493-KNOW,train,10,THINK,/content/drive/MyDrive/Kophos_Features_MVP_34/features_mp/train/8067021692292493-KNOW.npy
2539090116470189-KNOW_flip,train,10,THINK,/content/drive/MyDrive/Kophos_Features_MVP_34/features_mp/train/2539090116470189-KNOW_flip.npy
8989719182124860-KNOW_flip,train,10,THINK,/content/drive/MyDrive/Kophos_Features_MVP_34/features_mp/train/8989719182124860-KNOW_flip.npy
1431969749910329-KNOW,train,10,THINK,/content/drive/MyDrive/Kophos_Features_MVP_34/features_mp/train/1431969749910329-KNOW.npy
2686962000967857-KNOW_flip,train,10,THINK,/content/drive/MyDrive/Kophos_Features_MVP_34/features_mp/train/2686962000967857-KNOW_flip.npy
6572893322008180-KNOW_flip,train,10,THINK,/content/drive/MyDrive/Kophos_Features_MVP_34/features_mp/train/6572893322008180-KNOW_flip.npy
08948222222557001-KNOW,train,10,THINK,/content/drive/MyDrive/Kophos_Features_MVP_34/features_mp/train/08948222222557001-KNOW.npy
6568595279283049-KNOW,train,10,THINK,/content/drive/MyDrive/Kophos_Features_MVP_34/features_mp/train/6568595279283049-KNOW.npy
4278582401037209-KNOW_flip,train,10,THINK,/content/drive/MyDrive/Kophos_Features_MVP_34/features_mp/train/4278582401037209-KNOW_flip.npy
9121006743015790-KNOW_flip,train,10,THINK,/content/drive/MyDrive/Kophos_Features_MVP_34/features_mp/train/9121006743015790-KNOW_flip.npy
2822879003198860-KNOW_flip,train,10,THINK,/content/drive/MyDrive/Kophos_Features_MVP_34/features_mp/train/2822879003198860-KNOW_flip.npy
2997863508029947-KNOW_flip,train,10,THINK,/content/drive/MyDrive/Kophos_Features_MVP_34/features_mp/train/2997863508029947-KNOW_flip.npy
9133649272309630-KNOW_flip,train,10,THINK,/content/drive/MyDrive/Kophos_Features_MVP_34/features_mp/train/9133649272309630-KNOW_flip.npy
2503930490736366-KNOW,train,10,THINK,/content/drive/MyDrive/Kophos_Features_MVP_34/features_mp/train/2503930490736366-KNOW.npy
5524405208241417-KNOW_flip,train,10,THINK,/content/drive/MyDrive/Kophos_Features_MVP_34/features_mp/train/5524405208241417-KNOW_flip.npy
025800900162109563-KNOW,train,10,THINK,/content/drive/MyDrive/Kophos_Features_MVP_34/features_mp/train/025800900162109563-KNOW.npy
9903896454591405-KNOW,train,10,THINK,/content/drive/MyDrive/Kophos_Features_MVP_34/features_mp/train/9903896454591405-KNOW.npy
9760754295378417-KNOW_flip,train,10,THINK,/content/drive/MyDrive/Kophos_Features_MVP_34/features_mp/train/9760754295378417-KNOW_flip.npy
7794083774605255-KNOW_flip,train,10,THINK,/content/drive/MyDrive/Kophos_Features_MVP_34/features_mp/train/7794083774605255-KNOW_flip.npy
6635155508761357-KNOW,train,10,THINK,/content/drive/MyDrive/Kophos_Features_MVP_34/features_mp/train/6635155508761357-KNOW.npy
8910368076651346-KNOW_flip,train,10,THINK,/content/drive/MyDrive/Kophos_Features_MVP_34/features_mp/train/8910368076651346-KNOW_flip.npy
2436374583966667-KNOW_flip,train,10,THINK,/content/drive/MyDrive/Kophos_Features_MVP_34/features_mp/train/2436374583966667-KNOW_flip.npy
5347970118641295-KNOW_flip,train,10,THINK,/content/drive/MyDrive/Kophos_Features_MVP_34/features_mp/train/5347970118641295-KNOW_flip.npy
3947882874400896-KNOW_flip,train,10,THINK,/content/drive/MyDrive/Kophos_Features_MVP_34/features_mp/train/3947882874400896-KNOW_flip.npy
7349336753188404-KNOW_flip,train,10,THINK,/content/drive/MyDrive/Kophos_Features_MVP_34/features_mp/train/7349336753188404-KNOW_flip.npy
2617724770973202-KNOW_flip,train,10,THINK,/content/drive/MyDrive/Kophos_Features_MVP_34/features_mp/train/2617724770973202-KNOW_flip.npy
9471725783413143-KNOW_flip,train,10,THINK,/content/drive/MyDrive/Kophos_Features_MVP_34/features_mp/train/9471725783413143-KNOW_flip.npy
2678635207590550-KNOW_flip,train,10,THINK,/content/drive/MyDrive/Kophos_Features_MVP_34/features_mp/train/2678635207590550-KNOW_flip.npy
7801346725394491-KNOW,train,10,THINK,/content/drive/MyDrive/Kophos_Features_MVP_34/features_mp/train/7801346725394491-KNOW.npy
3407242834065088-KNOW_flip,train,10,THINK,/content/drive/MyDrive/Kophos_Features_MVP_34/features_mp/train/3407242834065088-KNOW_flip.npy
5444162139741568-KNOW,train,10,THINK,/content/drive/MyDrive/Kophos_Features_MVP_34/features_mp/train/5444162139741568-KNOW.npy
5109618717770611-KNOW_flip,train,10,THINK,/content/drive/MyDrive/Kophos_Features_MVP_34/features_mp/train/5109618717770611-KNOW_flip.npy
4179777287112262-KNOW_flip,train,10,THINK,/content/drive/MyDrive/Kophos_Features_MVP_34/features_mp/train/4179777287112262-KNOW_flip.npy
9431552894025128-KNOW_flip,train,10,THINK,/content/drive/MyDrive/Kophos_Features_MVP_34/features_mp/train/9431552894025128-KNOW_flip.npy
44287895160245094-KNOW,train,10,THINK,/content/drive/MyDrive/Kophos_Features_MVP_34/features_mp/train/44287895160245094-KNOW.npy
6724485649936158-KNOW,train,10,THINK,/content/drive/MyDrive/Kophos_Features_MVP_34/features_mp/train/6724485649936158-KNOW.npy
7569437161962727-KNOW_flip,train,10,THINK,/content/drive/MyDrive/Kophos_Features_MVP_34/features_mp/train/7569437161962727-KNOW_flip.npy
8305026742098571-KNOW,train,10,THINK,/content/drive/MyDrive/Kophos_Features_MVP_34/features_mp/train/8305026742098571-KNOW.npy
5599335023857777-KNOW_flip,train,10,THINK,/content/drive/MyDrive/Kophos_Features_MVP_34/features_mp/train/5599335023857777-KNOW_flip.npy
3754202291778814-KNOW_flip,train,10,THINK,/content/drive/MyDrive/Kophos_Features_MVP_34/features_mp/train/3754202291778814-KNOW_flip.npy
8037259634764209-KNOW_flip,train,10,THINK,/content/drive/MyDrive/Kophos_Features_MVP_34/features_mp/train/8037259634764209-KNOW_flip.npy
8084325176169471-KNOW,train,10,THINK,/content/drive/MyDrive/Kophos_Features_MVP_34/features_mp/train/8084325176169471-KNOW.npy
8134256136926585-KNOW_flip,train,10,THINK,/content/drive/MyDrive/Kophos_Features_MVP_34/features_mp/train/8134256136926585-KNOW_flip.npy
1610858399438262-KNOW_flip,train,10,THINK,/content/drive/MyDrive/Kophos_Features_MVP_34/features_mp/train/1610858399438262-KNOW_flip.npy
683902846076992-KNOW,train,10,THINK,/content/drive/MyDrive/Kophos_Features_MVP_34/features_mp/train/683902846076992-KNOW.npy
4870771267279339-KNOW_flip,train,10,THINK,/content/drive/MyDrive/Kophos_Features_MVP_34/features_mp/train/4870771267279339-KNOW_flip.npy
5806315363119019-KNOW,train,10,THINK,/content/drive/MyDrive/Kophos_Features_MVP_34/features_mp/train/5806315363119019-KNOW.npy
2154542390280085-KNOW_flip,train,10,THINK,/content/drive/MyDrive/Kophos_Features_MVP_34/features_mp/train/2154542390280085-KNOW_flip.npy
5836975950803277-KNOW_flip,train,10,THINK,/content/drive/MyDrive/Kophos_Features_MVP_34/features_mp/train/5836975950803277-KNOW_flip.npy
3393111816831132-KNOW_flip,train,10,THINK,/content/drive/MyDrive/Kophos_Features_MVP_34/features_mp/train/3393111816831132-KNOW_flip.npy
3892262217728810-KNOW_flip,train,10,THINK,/content/drive/MyDrive/Kophos_Features_MVP_34/features_mp/train/3892262217728810-KNOW_flip.npy
3814009077656757-KNOW,train,10,THINK,/content/drive/MyDrive/Kophos_Features_MVP_34/features_mp/train/3814009077656757-KNOW.npy
5769834749413745-KNOW,train,10,THINK,/content/drive/MyDrive/Kophos_Features_MVP_34/features_mp/train/5769834749413745-KNOW.npy
11994695058883398-KNOW,train,10,THINK,/content/drive/MyDrive/Kophos_Features_MVP_34/features_mp/train/11994695058883398-KNOW.npy
35480630391441204-KNOW,train,10,THINK,/content/drive/MyDrive/Kophos_Features_MVP_34/features_mp/train/35480630391441204-KNOW.npy
4219115226859370-KNOW_flip,train,10,THINK,/content/drive/MyDrive/Kophos_Features_MVP_34/features_mp/train/4219115226859370-KNOW_flip.npy
4561146627191429-KNOW_flip,train,10,THINK,/content/drive/MyDrive/Kophos_Features_MVP_34/features_mp/train/4561146627191429-KNOW_flip.npy
5459703474168827-KNOW,train,10,THINK,/content/drive/MyDrive/Kophos_Features_MVP_34/features_mp/train/5459703474168827-KNOW.npy
4547572390681357-KNOW_flip,train,10,THINK,/content/drive/MyDrive/Kophos_Features_MVP_34/features_mp/train/4547572390681357-KNOW_flip.npy
1877391346791968-KNOW_flip,train,10,THINK,/content/drive/MyDrive/Kophos_Features_MVP_34/features_mp/train/1877391346791968-KNOW_flip.npy
23597714310638485-KNOW,train,10,THINK,/content/drive/MyDrive/Kophos_Features_MVP_34/features_mp/train/23597714310638485-KNOW.npy
4169091878648346-KNOW_flip,train,10,THINK,/content/drive/MyDrive/Kophos_Features_MVP_34/features_mp/train/4169091878648346-KNOW_flip.npy
5379617351115292-KNOW_flip,train,10,THINK,/content/drive/MyDrive/Kophos_Features_MVP_34/features_mp/train/5379617351115292-KNOW_flip.npy
1505071420201152-KNOW_flip,val,10,THINK,/content/drive/MyDrive/Kophos_Features_MVP_34/features_mp/val/1505071420201152-KNOW_flip.npy
9511034818229925-KNOW_flip,val,10,THINK,/content/drive/MyDrive/Kophos_Features_MVP_34/features_mp/val/9511034818229925-KNOW_flip.npy
8443975795179439-KNOW,val,10,THINK,/content/drive/MyDrive/Kophos_Features_MVP_34/features_mp/val/8443975795179439-KNOW.npy
28781278008680844-KNOW,val,10,THINK,/content/drive/MyDrive/Kophos_Features_MVP_34/features_mp/val/28781278008680844-KNOW.npy
8466064604821402-KNOW_flip,val,10,THINK,/content/drive/MyDrive/Kophos_Features_MVP_34/features_mp/val/8466064604821402-KNOW_flip.npy
4904688426219541-KNOW_flip,val,10,THINK,/content/drive/MyDrive/Kophos_Features_MVP_34/features_mp/val/4904688426219541-KNOW_flip.npy
8211968307945148-KNOW_flip,val,10,THINK,/content/drive/MyDrive/Kophos_Features_MVP_34/features_mp/val/8211968307945148-KNOW_flip.npy
2034292368174133-KNOW_flip,val,10,THINK,/content/drive/MyDrive/Kophos_Features_MVP_34/features_mp/val/2034292368174133-KNOW_flip.npy
5645863052061386-KNOW_flip,val,10,THINK,/content/drive/MyDrive/Kophos_Features_MVP_34/features_mp/val/5645863052061386-KNOW_flip.npy
2371348186139456-KNOW_flip,test,10,THINK,/content/drive/MyDrive/Kophos_Features_MVP_34/features_mp/test/2371348186139456-KNOW_flip.npy
8723506669377621-KNOW,test,10,THINK,/content/drive/MyDrive/Kophos_Features_MVP_34/features_mp/test/8723506669377621-KNOW.npy
3988539631361947-KNOW_flip,test,10,THINK,/content/drive/MyDrive/Kophos_Features_MVP_34/features_mp/test/3988539631361947-KNOW_flip.npy
6688223256394381-KNOW,test,10,THINK,/content/drive/MyDrive/Kophos_Features_MVP_34/features_mp/test/6688223256394381-KNOW.npy
5055945545044311-KNOW,test,10,THINK,/content/drive/MyDrive/Kophos_Features_MVP_34/features_mp/test/5055945545044311-KNOW.npy
6543171006003904-KNOW_flip,test,10,THINK,/content/drive/MyDrive/Kophos_Features_MVP_34/features_mp/test/6543171006003904-KNOW_flip.npy
9660722441175273-KNOW,test,10,THINK,/content/drive/MyDrive/Kophos_Features_MVP_34/features_mp/test/9660722441175273-KNOW.npy
4322990465008936-KNOW_flip,test,10,THINK,/content/drive/MyDrive/Kophos_Features_MVP_34/features_mp/test/4322990465008936-KNOW_flip.npy
3834023639705361-KNOW_flip,test,10,THINK,/content/drive/MyDrive/Kophos_Features_MVP_34/features_mp/test/3834023639705361-KNOW_flip.npy
7745075968920678-LAUGH,train,11,TO,/content/drive/MyDrive/Kophos_Features_MVP_34/features_mp/train/7745075968920678-LAUGH.npy
9864088235986115-LAUGH,train,11,TO,/content/drive/MyDrive/Kophos_Features_MVP_34/features_mp/train/9864088235986115-LAUGH.npy
9255269691700435-LAUGH_flip,train,11,TO,/content/drive/MyDrive/Kophos_Features_MVP_34/features_mp/train/9255269691700435-LAUGH_flip.npy
7808772905629365-LAUGH_flip,train,11,TO,/content/drive/MyDrive/Kophos_Features_MVP_34/features_mp/train/7808772905629365-LAUGH_flip.npy
09816533364939106-LAUGH,train,11,TO,/content/drive/MyDrive/Kophos_Features_MVP_34/features_mp/train/09816533364939106-LAUGH.npy
29772346305903574-LAUGH,train,11,TO,/content/drive/MyDrive/Kophos_Features_MVP_34/features_mp/train/29772346305903574-LAUGH.npy
8115789844423006-LAUGH_flip,train,11,TO,/content/drive/MyDrive/Kophos_Features_MVP_34/features_mp/train/8115789844423006-LAUGH_flip.npy
1869027860417749-LAUGH_flip,train,11,TO,/content/drive/MyDrive/Kophos_Features_MVP_34/features_mp/train/1869027860417749-LAUGH_flip.npy
6383787221299636-LAUGH_flip,train,11,TO,/content/drive/MyDrive/Kophos_Features_MVP_34/features_mp/train/6383787221299636-LAUGH_flip.npy
2684238442891924-LAUGH_flip,train,11,TO,/content/drive/MyDrive/Kophos_Features_MVP_34/features_mp/train/2684238442891924-LAUGH_flip.npy
7413900987369902-LAUGH_flip,train,11,TO,/content/drive/MyDrive/Kophos_Features_MVP_34/features_mp/train/7413900987369902-LAUGH_flip.npy
4866639468418015-LAUGH_flip,train,11,TO,/content/drive/MyDrive/Kophos_Features_MVP_34/features_mp/train/4866639468418015-LAUGH_flip.npy
1800393613395348-LAUGH_flip,train,11,TO,/content/drive/MyDrive/Kophos_Features_MVP_34/features_mp/train/1800393613395348-LAUGH_flip.npy
6570083930407538-LAUGH,train,11,TO,/content/drive/MyDrive/Kophos_Features_MVP_34/features_mp/train/6570083930407538-LAUGH.npy
6829906733017252-LAUGH,train,11,TO,/content/drive/MyDrive/Kophos_Features_MVP_34/features_mp/train/6829906733017252-LAUGH.npy
6574415294528770-LAUGH_flip,train,11,TO,/content/drive/MyDrive/Kophos_Features_MVP_34/features_mp/train/6574415294528770-LAUGH_flip.npy
9410788168692761-LAUGH_flip,train,11,TO,/content/drive/MyDrive/Kophos_Features_MVP_34/features_mp/train/9410788168692761-LAUGH_flip.npy
4265535349802379-LAUGH_flip,train,11,TO,/content/drive/MyDrive/Kophos_Features_MVP_34/features_mp/train/4265535349802379-LAUGH_flip.npy
5795461431842142-LAUGH_flip,train,11,TO,/content/drive/MyDrive/Kophos_Features_MVP_34/features_mp/train/5795461431842142-LAUGH_flip.npy
5574094805237207-LAUGH_flip,train,11,TO,/content/drive/MyDrive/Kophos_Features_MVP_34/features_mp/train/5574094805237207-LAUGH_flip.npy
6646037590824680-LAUGH_flip,train,11,TO,/content/drive/MyDrive/Kophos_Features_MVP_34/features_mp/train/6646037590824680-LAUGH_flip.npy
5762479692088036-LAUGH,train,11,TO,/content/drive/MyDrive/Kophos_Features_MVP_34/features_mp/train/5762479692088036-LAUGH.npy
31313230613733456-LAUGH,train,11,TO,/content/drive/MyDrive/Kophos_Features_MVP_34/features_mp/train/31313230613733456-LAUGH.npy
5665029171928315-LAUGH,train,11,TO,/content/drive/MyDrive/Kophos_Features_MVP_34/features_mp/train/5665029171928315-LAUGH.npy
6568993455980712-LAUGH,train,11,TO,/content/drive/MyDrive/Kophos_Features_MVP_34/features_mp/train/6568993455980712-LAUGH.npy
1746423638651378-LAUGH_flip,train,11,TO,/content/drive/MyDrive/Kophos_Features_MVP_34/features_mp/train/1746423638651378-LAUGH_flip.npy
590373652901272-LAUGH,train,11,TO,/content/drive/MyDrive/Kophos_Features_MVP_34/features_mp/train/590373652901272-LAUGH.npy
8412959513555089-LAUGH_flip,train,11,TO,/content/drive/MyDrive/Kophos_Features_MVP_34/features_mp/train/8412959513555089-LAUGH_flip.npy
7128971299100223-LAUGH_flip,train,11,TO,/content/drive/MyDrive/Kophos_Features_MVP_34/features_mp/train/7128971299100223-LAUGH_flip.npy
7051154202768818-LAUGH_flip,train,11,TO,/content/drive/MyDrive/Kophos_Features_MVP_34/features_mp/train/7051154202768818-LAUGH_flip.npy
9717757041662129-LAUGH_flip,train,11,TO,/content/drive/MyDrive/Kophos_Features_MVP_34/features_mp/train/9717757041662129-LAUGH_flip.npy
3929106539157094-LAUGH_flip,train,11,TO,/content/drive/MyDrive/Kophos_Features_MVP_34/features_mp/train/3929106539157094-LAUGH_flip.npy
15675760388381188-LAUGH,train,11,TO,/content/drive/MyDrive/Kophos_Features_MVP_34/features_mp/train/15675760388381188-LAUGH.npy
8959156096555947-LAUGH_flip,train,11,TO,/content/drive/MyDrive/Kophos_Features_MVP_34/features_mp/train/8959156096555947-LAUGH_flip.npy
4561726938597617-LAUGH_flip,train,11,TO,/content/drive/MyDrive/Kophos_Features_MVP_34/features_mp/train/4561726938597617-LAUGH_flip.npy
321780862899838-LAUGH,train,11,TO,/content/drive/MyDrive/Kophos_Features_MVP_34/features_mp/train/321780862899838-LAUGH.npy
7824563097124452-LAUGH_flip,train,11,TO,/content/drive/MyDrive/Kophos_Features_MVP_34/features_mp/train/7824563097124452-LAUGH_flip.npy
2325974899590990-LAUGH_flip,train,11,TO,/content/drive/MyDrive/Kophos_Features_MVP_34/features_mp/train/2325974899590990-LAUGH_flip.npy
6725517949669103-LAUGH_flip,train,11,TO,/content/drive/MyDrive/Kophos_Features_MVP_34/features_mp/train/6725517949669103-LAUGH_flip.npy
1965831012521763-LAUGH_flip,train,11,TO,/content/drive/MyDrive/Kophos_Features_MVP_34/features_mp/train/1965831012521763-LAUGH_flip.npy
5673900474388549-LAUGH_flip,train,11,TO,/content/drive/MyDrive/Kophos_Features_MVP_34/features_mp/train/5673900474388549-LAUGH_flip.npy
5891679001259942-LAUGH,train,11,TO,/content/drive/MyDrive/Kophos_Features_MVP_34/features_mp/train/5891679001259942-LAUGH.npy
2233837529473113-LAUGH_flip,train,11,TO,/content/drive/MyDrive/Kophos_Features_MVP_34/features_mp/train/2233837529473113-LAUGH_flip.npy
1834531291503835-LAUGH_flip,train,11,TO,/content/drive/MyDrive/Kophos_Features_MVP_34/features_mp/train/1834531291503835-LAUGH_flip.npy
7516536422250943-LAUGH_flip,train,11,TO,/content/drive/MyDrive/Kophos_Features_MVP_34/features_mp/train/7516536422250943-LAUGH_flip.npy
7986098018919429-LAUGH_flip,train,11,TO,/content/drive/MyDrive/Kophos_Features_MVP_34/features_mp/train/7986098018919429-LAUGH_flip.npy
7318476565556674-LAUGH_flip,train,11,TO,/content/drive/MyDrive/Kophos_Features_MVP_34/features_mp/train/7318476565556674-LAUGH_flip.npy
9956265551732035-LAUGH_flip,train,11,TO,/content/drive/MyDrive/Kophos_Features_MVP_34/features_mp/train/9956265551732035-LAUGH_flip.npy
2347588252335806-LAUGH,train,11,TO,/content/drive/MyDrive/Kophos_Features_MVP_34/features_mp/train/2347588252335806-LAUGH.npy
7738214402196806-LAUGH,train,11,TO,/content/drive/MyDrive/Kophos_Features_MVP_34/features_mp/train/7738214402196806-LAUGH.npy
6184066307108205-LAUGH,train,11,TO,/content/drive/MyDrive/Kophos_Features_MVP_34/features_mp/train/6184066307108205-LAUGH.npy
8091301799555236-LAUGH_flip,train,11,TO,/content/drive/MyDrive/Kophos_Features_MVP_34/features_mp/train/8091301799555236-LAUGH_flip.npy
7726523214756215-LAUGH_flip,train,11,TO,/content/drive/MyDrive/Kophos_Features_MVP_34/features_mp/train/7726523214756215-LAUGH_flip.npy
5656439178202773-LAUGH_flip,train,11,TO,/content/drive/MyDrive/Kophos_Features_MVP_34/features_mp/train/5656439178202773-LAUGH_flip.npy
4916279062876520-LAUGH_flip,train,11,TO,/content/drive/MyDrive/Kophos_Features_MVP_34/features_mp/train/4916279062876520-LAUGH_flip.npy
4960337537509291-LAUGH_flip,train,11,TO,/content/drive/MyDrive/Kophos_Features_MVP_34/features_mp/train/4960337537509291-LAUGH_flip.npy
6879454583091695-LAUGH,train,11,TO,/content/drive/MyDrive/Kophos_Features_MVP_34/features_mp/train/6879454583091695-LAUGH.npy
9504744920171373-LAUGH_flip,train,11,TO,/content/drive/MyDrive/Kophos_Features_MVP_34/features_mp/train/9504744920171373-LAUGH_flip.npy
3085736615526775-LAUGH,train,11,TO,/content/drive/MyDrive/Kophos_Features_MVP_34/features_mp/train/3085736615526775-LAUGH.npy
18382878977918304-LAUGH,train,11,TO,/content/drive/MyDrive/Kophos_Features_MVP_34/features_mp/train/18382878977918304-LAUGH.npy
1961558467290125-LAUGH_flip,train,11,TO,/content/drive/MyDrive/Kophos_Features_MVP_34/features_mp/train/1961558467290125-LAUGH_flip.npy
1784541262285921-LAUGH_flip,train,11,TO,/content/drive/MyDrive/Kophos_Features_MVP_34/features_mp/train/1784541262285921-LAUGH_flip.npy
2641682510354395-LAUGH,train,11,TO,/content/drive/MyDrive/Kophos_Features_MVP_34/features_mp/train/2641682510354395-LAUGH.npy
6239639358034395-LAUGH,val,11,TO,/content/drive/MyDrive/Kophos_Features_MVP_34/features_mp/val/6239639358034395-LAUGH.npy
1664158622534473-LAUGH,val,11,TO,/content/drive/MyDrive/Kophos_Features_MVP_34/features_mp/val/1664158622534473-LAUGH.npy
1898532381246869-LAUGH_flip,val,11,TO,/content/drive/MyDrive/Kophos_Features_MVP_34/features_mp/val/1898532381246869-LAUGH_flip.npy
7874315809089326-LAUGH_flip,val,11,TO,/content/drive/MyDrive/Kophos_Features_MVP_34/features_mp/val/7874315809089326-LAUGH_flip.npy
4717981941114062-LAUGH,val,11,TO,/content/drive/MyDrive/Kophos_Features_MVP_34/features_mp/val/4717981941114062-LAUGH.npy
4787066508030486-LAUGH_flip,val,11,TO,/content/drive/MyDrive/Kophos_Features_MVP_34/features_mp/val/4787066508030486-LAUGH_flip.npy
8871865558699716-LAUGH_flip,val,11,TO,/content/drive/MyDrive/Kophos_Features_MVP_34/features_mp/val/8871865558699716-LAUGH_flip.npy
6882531392950009-LAUGH,val,11,TO,/content/drive/MyDrive/Kophos_Features_MVP_34/features_mp/val/6882531392950009-LAUGH.npy
4822400708333934-LAUGH_flip,val,11,TO,/content/drive/MyDrive/Kophos_Features_MVP_34/features_mp/val/4822400708333934-LAUGH_flip.npy
4121153956073938-LAUGH_flip,val,11,TO,/content/drive/MyDrive/Kophos_Features_MVP_34/features_mp/val/4121153956073938-LAUGH_flip.npy
7679709965232321-LAUGH_flip,val,11,TO,/content/drive/MyDrive/Kophos_Features_MVP_34/features_mp/val/7679709965232321-LAUGH_flip.npy
6013190508690150-LAUGH_flip,val,11,TO,/content/drive/MyDrive/Kophos_Features_MVP_34/features_mp/val/6013190508690150-LAUGH_flip.npy
1927654204045814-LAUGH_flip,val,11,TO,/content/drive/MyDrive/Kophos_Features_MVP_34/features_mp/val/1927654204045814-LAUGH_flip.npy
4845613950493929-LAUGH_flip,val,11,TO,/content/drive/MyDrive/Kophos_Features_MVP_34/features_mp/val/4845613950493929-LAUGH_flip.npy
09865807461279208-LAUGH,val,11,TO,/content/drive/MyDrive/Kophos_Features_MVP_34/features_mp/val/09865807461279208-LAUGH.npy
7821745747279202-LAUGH_flip,test,11,TO,/content/drive/MyDrive/Kophos_Features_MVP_34/features_mp/test/7821745747279202-LAUGH_flip.npy
4808512062197208-LAUGH_flip,test,11,TO,/content/drive/MyDrive/Kophos_Features_MVP_34/features_mp/test/4808512062197208-LAUGH_flip.npy
5846501904627992-LAUGH,test,11,TO,/content/drive/MyDrive/Kophos_Features_MVP_34/features_mp/test/5846501904627992-LAUGH.npy
6526559072462264-LAUGH,test,11,TO,/content/drive/MyDrive/Kophos_Features_MVP_34/features_mp/test/6526559072462264-LAUGH.npy
6682694948978620-LAUGH_flip,test,11,TO,/content/drive/MyDrive/Kophos_Features_MVP_34/features_mp/test/6682694948978620-LAUGH_flip.npy
7229578710065213-LAUGH_flip,test,11,TO,/content/drive/MyDrive/Kophos_Features_MVP_34/features_mp/test/7229578710065213-LAUGH_flip.npy
1455681724583253-LAUGH_flip,test,11,TO,/content/drive/MyDrive/Kophos_Features_MVP_34/features_mp/test/1455681724583253-LAUGH_flip.npy
5701712233121275-LAUGH_flip,test,11,TO,/content/drive/MyDrive/Kophos_Features_MVP_34/features_mp/test/5701712233121275-LAUGH_flip.npy
4025094283238402-LAUGH_flip,test,11,TO,/content/drive/MyDrive/Kophos_Features_MVP_34/features_mp/test/4025094283238402-LAUGH_flip.npy
8401408233772529-LAUGH,test,11,TO,/content/drive/MyDrive/Kophos_Features_MVP_34/features_mp/test/8401408233772529-LAUGH.npy
9602416102509631-LAUGH_flip,test,11,TO,/content/drive/MyDrive/Kophos_Features_MVP_34/features_mp/test/9602416102509631-LAUGH_flip.npy
6181681595633474-LAUGH_flip,test,11,TO,/content/drive/MyDrive/Kophos_Features_MVP_34/features_mp/test/6181681595633474-LAUGH_flip.npy
11981971032201333-LAUGH,test,11,TO,/content/drive/MyDrive/Kophos_Features_MVP_34/features_mp/test/11981971032201333-LAUGH.npy
5724740953889474-LAUGH_flip,test,11,TO,/content/drive/MyDrive/Kophos_Features_MVP_34/features_mp/test/5724740953889474-LAUGH_flip.npy
03526559401918705-LAUGH,test,11,TO,/content/drive/MyDrive/Kophos_Features_MVP_34/features_mp/test/03526559401918705-LAUGH.npy
6108042704274992-LIKE,train,12,UNDERSTAND,/content/drive/MyDrive/Kophos_Features_MVP_34/features_mp/train/6108042704274992-LIKE.npy
6002865620016095-LIKE_flip,train,12,UNDERSTAND,/content/drive/MyDrive/Kophos_Features_MVP_34/features_mp/train/6002865620016095-LIKE_flip.npy
6408927707140595-LIKE,train,12,UNDERSTAND,/content/drive/MyDrive/Kophos_Features_MVP_34/features_mp/train/6408927707140595-LIKE.npy
2315026311065363-LIKE_flip,train,12,UNDERSTAND,/content/drive/MyDrive/Kophos_Features_MVP_34/features_mp/train/2315026311065363-LIKE_flip.npy
4726973530309644-LIKE,train,12,UNDERSTAND,/content/drive/MyDrive/Kophos_Features_MVP_34/features_mp/train/4726973530309644-LIKE.npy
3698062543390632-LIKE_flip,train,12,UNDERSTAND,/content/drive/MyDrive/Kophos_Features_MVP_34/features_mp/train/3698062543390632-LIKE_flip.npy
9436962347962039-LIKE_flip,train,12,UNDERSTAND,/content/drive/MyDrive/Kophos_Features_MVP_34/features_mp/train/9436962347962039-LIKE_flip.npy
8514443811290087-LIKE_flip,train,12,UNDERSTAND,/content/drive/MyDrive/Kophos_Features_MVP_34/features_mp/train/8514443811290087-LIKE_flip.npy
8273164081850686-LIKE,train,12,UNDERSTAND,/content/drive/MyDrive/Kophos_Features_MVP_34/features_mp/train/8273164081850686-LIKE.npy
2794916482133801-LIKE_flip,train,12,UNDERSTAND,/content/drive/MyDrive/Kophos_Features_MVP_34/features_mp/train/2794916482133801-LIKE_flip.npy
8340366176069597-LIKE_flip,train,12,UNDERSTAND,/content/drive/MyDrive/Kophos_Features_MVP_34/features_mp/train/8340366176069597-LIKE_flip.npy
1792343393084787-LIKE_flip,train,12,UNDERSTAND,/content/drive/MyDrive/Kophos_Features_MVP_34/features_mp/train/1792343393084787-LIKE_flip.npy
9710965234303219-LIKE_flip,train,12,UNDERSTAND,/content/drive/MyDrive/Kophos_Features_MVP_34/features_mp/train/9710965234303219-LIKE_flip.npy
5814218831348728-LIKE,train,12,UNDERSTAND,/content/drive/MyDrive/Kophos_Features_MVP_34/features_mp/train/5814218831348728-LIKE.npy
618705132779968-LIKE,train,12,UNDERSTAND,/content/drive/MyDrive/Kophos_Features_MVP_34/features_mp/train/618705132779968-LIKE.npy
7680543164852717-LIKE_flip,train,12,UNDERSTAND,/content/drive/MyDrive/Kophos_Features_MVP_34/features_mp/train/7680543164852717-LIKE_flip.npy
6143450046135361-LIKE_flip,train,12,UNDERSTAND,/content/drive/MyDrive/Kophos_Features_MVP_34/features_mp/train/6143450046135361-LIKE_flip.npy
6719466832060825-LIKE_flip,train,12,UNDERSTAND,/content/drive/MyDrive/Kophos_Features_MVP_34/features_mp/train/6719466832060825-LIKE_flip.npy
9605279594996073-LIKE_flip,train,12,UNDERSTAND,/content/drive/MyDrive/Kophos_Features_MVP_34/features_mp/train/9605279594996073-LIKE_flip.npy
8415072366542423-LIKE_flip,train,12,UNDERSTAND,/content/drive/MyDrive/Kophos_Features_MVP_34/features_mp/train/8415072366542423-LIKE_flip.npy
4950484534112420-LIKE_flip,train,12,UNDERSTAND,/content/drive/MyDrive/Kophos_Features_MVP_34/features_mp/train/4950484534112420-LIKE_flip.npy
8822857337003507-LIKE_flip,train,12,UNDERSTAND,/content/drive/MyDrive/Kophos_Features_MVP_34/features_mp/train/8822857337003507-LIKE_flip.npy
5776512036303673-LIKE_flip,train,12,UNDERSTAND,/content/drive/MyDrive/Kophos_Features_MVP_34/features_mp/train/5776512036303673-LIKE_flip.npy
3592956010326711-LIKE_flip,train,12,UNDERSTAND,/content/drive/MyDrive/Kophos_Features_MVP_34/features_mp/train/3592956010326711-LIKE_flip.npy
3221250728567113-LIKE,train,12,UNDERSTAND,/content/drive/MyDrive/Kophos_Features_MVP_34/features_mp/train/3221250728567113-LIKE.npy
7921297303573938-LIKE,train,12,UNDERSTAND,/content/drive/MyDrive/Kophos_Features_MVP_34/features_mp/train/7921297303573938-LIKE.npy
3044734865320348-LIKE_flip,train,12,UNDERSTAND,/content/drive/MyDrive/Kophos_Features_MVP_34/features_mp/train/3044734865320348-LIKE_flip.npy
1457112140472982-LIKE_flip,train,12,UNDERSTAND,/content/drive/MyDrive/Kophos_Features_MVP_34/features_mp/train/1457112140472982-LIKE_flip.npy
8174159941705374-LIKE_flip,train,12,UNDERSTAND,/content/drive/MyDrive/Kophos_Features_MVP_34/features_mp/train/8174159941705374-LIKE_flip.npy
8940965995167087-LIKE,train,12,UNDERSTAND,/content/drive/MyDrive/Kophos_Features_MVP_34/features_mp/train/8940965995167087-LIKE.npy
06793339114876251-LIKE,train,12,UNDERSTAND,/content/drive/MyDrive/Kophos_Features_MVP_34/features_mp/train/06793339114876251-LIKE.npy
14992936899376108-LIKE,train,12,UNDERSTAND,/content/drive/MyDrive/Kophos_Features_MVP_34/features_mp/train/14992936899376108-LIKE.npy
8042345903835753-LIKE,train,12,UNDERSTAND,/content/drive/MyDrive/Kophos_Features_MVP_34/features_mp/train/8042345903835753-LIKE.npy
6391455999747594-LIKE_flip,train,12,UNDERSTAND,/content/drive/MyDrive/Kophos_Features_MVP_34/features_mp/train/6391455999747594-LIKE_flip.npy
7707078264255762-LIKE,train,12,UNDERSTAND,/content/drive/MyDrive/Kophos_Features_MVP_34/features_mp/train/7707078264255762-LIKE.npy
9950270912189405-LIKE_flip,train,12,UNDERSTAND,/content/drive/MyDrive/Kophos_Features_MVP_34/features_mp/train/9950270912189405-LIKE_flip.npy
7929718491583155-LIKE_flip,train,12,UNDERSTAND,/content/drive/MyDrive/Kophos_Features_MVP_34/features_mp/train/7929718491583155-LIKE_flip.npy
4390672595792803-LIKE_flip,train,12,UNDERSTAND,/content/drive/MyDrive/Kophos_Features_MVP_34/features_mp/train/4390672595792803-LIKE_flip.npy
5133572141884409-LIKE_flip,train,12,UNDERSTAND,/content/drive/MyDrive/Kophos_Features_MVP_34/features_mp/train/5133572141884409-LIKE_flip.npy
5115430476329083-LIKE_flip,train,12,UNDERSTAND,/content/drive/MyDrive/Kophos_Features_MVP_34/features_mp/train/5115430476329083-LIKE_flip.npy
7341162668077774-LIKE,train,12,UNDERSTAND,/content/drive/MyDrive/Kophos_Features_MVP_34/features_mp/train/7341162668077774-LIKE.npy
16373316542801275-LIKE,train,12,UNDERSTAND,/content/drive/MyDrive/Kophos_Features_MVP_34/features_mp/train/16373316542801275-LIKE.npy
5534005644089397-LIKE,train,12,UNDERSTAND,/content/drive/MyDrive/Kophos_Features_MVP_34/features_mp/train/5534005644089397-LIKE.npy
4348755154392900-LIKE_flip,train,12,UNDERSTAND,/content/drive/MyDrive/Kophos_Features_MVP_34/features_mp/train/4348755154392900-LIKE_flip.npy
9890231765881607-LIKE,train,12,UNDERSTAND,/content/drive/MyDrive/Kophos_Features_MVP_34/features_mp/train/9890231765881607-LIKE.npy
6502958858422756-LIKE_flip,train,12,UNDERSTAND,/content/drive/MyDrive/Kophos_Features_MVP_34/features_mp/train/6502958858422756-LIKE_flip.npy
1471878174923671-LIKE_flip,train,12,UNDERSTAND,/content/drive/MyDrive/Kophos_Features_MVP_34/features_mp/train/1471878174923671-LIKE_flip.npy
07790071532440357-LIKE,train,12,UNDERSTAND,/content/drive/MyDrive/Kophos_Features_MVP_34/features_mp/train/07790071532440357-LIKE.npy
3972934593176860-LIKE_flip,train,12,UNDERSTAND,/content/drive/MyDrive/Kophos_Features_MVP_34/features_mp/train/3972934593176860-LIKE_flip.npy
1687412382805950-LIKE_flip,train,12,UNDERSTAND,/content/drive/MyDrive/Kophos_Features_MVP_34/features_mp/train/1687412382805950-LIKE_flip.npy
1291850810762207-LIKE_flip,train,12,UNDERSTAND,/content/drive/MyDrive/Kophos_Features_MVP_34/features_mp/train/1291850810762207-LIKE_flip.npy
8042316756354495-LIKE_flip,train,12,UNDERSTAND,/content/drive/MyDrive/Kophos_Features_MVP_34/features_mp/train/8042316756354495-LIKE_flip.npy
7271308172598011-LIKE_flip,train,12,UNDERSTAND,/content/drive/MyDrive/Kophos_Features_MVP_34/features_mp/train/7271308172598011-LIKE_flip.npy
4714509210753086-LIKE_flip,train,12,UNDERSTAND,/content/drive/MyDrive/Kophos_Features_MVP_34/features_mp/train/4714509210753086-LIKE_flip.npy
05351672702445809-LIKE,train,12,UNDERSTAND,/content/drive/MyDrive/Kophos_Features_MVP_34/features_mp/train/05351672702445809-LIKE.npy
3189374169769761-LIKE_flip,train,12,UNDERSTAND,/content/drive/MyDrive/Kophos_Features_MVP_34/features_mp/train/3189374169769761-LIKE_flip.npy
4230116809547264-LIKE_flip,train,12,UNDERSTAND,/content/drive/MyDrive/Kophos_Features_MVP_34/features_mp/train/4230116809547264-LIKE_flip.npy
30651763223309914-LIKE,train,12,UNDERSTAND,/content/drive/MyDrive/Kophos_Features_MVP_34/features_mp/train/30651763223309914-LIKE.npy
9359906689689883-LIKE,train,12,UNDERSTAND,/content/drive/MyDrive/Kophos_Features_MVP_34/features_mp/train/9359906689689883-LIKE.npy
8157159022115596-LIKE_flip,train,12,UNDERSTAND,/content/drive/MyDrive/Kophos_Features_MVP_34/features_mp/train/8157159022115596-LIKE_flip.npy
030195387372940363-LIKE,train,12,UNDERSTAND,/content/drive/MyDrive/Kophos_Features_MVP_34/features_mp/train/030195387372940363-LIKE.npy
7244913174528877-LIKE_flip,train,12,UNDERSTAND,/content/drive/MyDrive/Kophos_Features_MVP_34/features_mp/train/7244913174528877-LIKE_flip.npy
3163915813349389-LIKE_flip,train,12,UNDERSTAND,/content/drive/MyDrive/Kophos_Features_MVP_34/features_mp/train/3163915813349389-LIKE_flip.npy
2493034892170413-LIKE_flip,train,12,UNDERSTAND,/content/drive/MyDrive/Kophos_Features_MVP_34/features_mp/train/2493034892170413-LIKE_flip.npy
8311673208101575-LIKE,train,12,UNDERSTAND,/content/drive/MyDrive/Kophos_Features_MVP_34/features_mp/train/8311673208101575-LIKE.npy
2247473863492748-LIKE_flip,train,12,UNDERSTAND,/content/drive/MyDrive/Kophos_Features_MVP_34/features_mp/train/2247473863492748-LIKE_flip.npy
1028573095503197-LIKE_flip,train,12,UNDERSTAND,/content/drive/MyDrive/Kophos_Features_MVP_34/features_mp/train/1028573095503197-LIKE_flip.npy
9431972932712531-LIKE_flip,train,12,UNDERSTAND,/content/drive/MyDrive/Kophos_Features_MVP_34/features_mp/train/9431972932712531-LIKE_flip.npy
4351304599465824-LIKE_flip,train,12,UNDERSTAND,/content/drive/MyDrive/Kophos_Features_MVP_34/features_mp/train/4351304599465824-LIKE_flip.npy
2460476808105680-LIKE_flip,val,12,UNDERSTAND,/content/drive/MyDrive/Kophos_Features_MVP_34/features_mp/val/2460476808105680-LIKE_flip.npy
754822541664977-LIKE,val,12,UNDERSTAND,/content/drive/MyDrive/Kophos_Features_MVP_34/features_mp/val/754822541664977-LIKE.npy
48852938778695965-LIKE,val,12,UNDERSTAND,/content/drive/MyDrive/Kophos_Features_MVP_34/features_mp/val/48852938778695965-LIKE.npy
1586723811160603-LIKE_flip,val,12,UNDERSTAND,/content/drive/MyDrive/Kophos_Features_MVP_34/features_mp/val/1586723811160603-LIKE_flip.npy
8172288649768329-LIKE_flip,val,12,UNDERSTAND,/content/drive/MyDrive/Kophos_Features_MVP_34/features_mp/val/8172288649768329-LIKE_flip.npy
1209236477897556-LIKE_flip,val,12,UNDERSTAND,/content/drive/MyDrive/Kophos_Features_MVP_34/features_mp/val/1209236477897556-LIKE_flip.npy
8283594681665728-LIKE_flip,val,12,UNDERSTAND,/content/drive/MyDrive/Kophos_Features_MVP_34/features_mp/val/8283594681665728-LIKE_flip.npy
7732404608023211-LIKE_flip,val,12,UNDERSTAND,/content/drive/MyDrive/Kophos_Features_MVP_34/features_mp/val/7732404608023211-LIKE_flip.npy
1332885682024646-LIKE_flip,val,12,UNDERSTAND,/content/drive/MyDrive/Kophos_Features_MVP_34/features_mp/val/1332885682024646-LIKE_flip.npy
2935343968735329-LIKE,test,12,UNDERSTAND,/content/drive/MyDrive/Kophos_Features_MVP_34/features_mp/test/2935343968735329-LIKE.npy
2766155925062094-LIKE_flip,test,12,UNDERSTAND,/content/drive/MyDrive/Kophos_Features_MVP_34/features_mp/test/2766155925062094-LIKE_flip.npy
8388146982150485-LIKE_flip,test,12,UNDERSTAND,/content/drive/MyDrive/Kophos_Features_MVP_34/features_mp/test/8388146982150485-LIKE_flip.npy
23961420213829476-LIKE,test,12,UNDERSTAND,/content/drive/MyDrive/Kophos_Features_MVP_34/features_mp/test/23961420213829476-LIKE.npy
11163894424136789-LIKE,test,12,UNDERSTAND,/content/drive/MyDrive/Kophos_Features_MVP_34/features_mp/test/11163894424136789-LIKE.npy
5050453611224974-LIKE_flip,test,12,UNDERSTAND,/content/drive/MyDrive/Kophos_Features_MVP_34/features_mp/test/5050453611224974-LIKE_flip.npy
1429376870207620-LIKE_flip,test,12,UNDERSTAND,/content/drive/MyDrive/Kophos_Features_MVP_34/features_mp/test/1429376870207620-LIKE_flip.npy
9392920493458205-LIKE_flip,test,12,UNDERSTAND,/content/drive/MyDrive/Kophos_Features_MVP_34/features_mp/test/9392920493458205-LIKE_flip.npy
6630595446275149-LIKE,test,12,UNDERSTAND,/content/drive/MyDrive/Kophos_Features_MVP_34/features_mp/test/6630595446275149-LIKE.npy
2048072146416905-MAKE_flip,train,13,WAIT,/content/drive/MyDrive/Kophos_Features_MVP_34/features_mp/train/2048072146416905-MAKE_flip.npy
6520349244611386-MAKE_flip,train,13,WAIT,/content/drive/MyDrive/Kophos_Features_MVP_34/features_mp/train/6520349244611386-MAKE_flip.npy
21765240452364454-MAKE,train,13,WAIT,/content/drive/MyDrive/Kophos_Features_MVP_34/features_mp/train/21765240452364454-MAKE.npy
932244226778085-MAKE,train,13,WAIT,/content/drive/MyDrive/Kophos_Features_MVP_34/features_mp/train/932244226778085-MAKE.npy
4065558158621905-MAKE_flip,train,13,WAIT,/content/drive/MyDrive/Kophos_Features_MVP_34/features_mp/train/4065558158621905-MAKE_flip.npy
7685253858635791-MAKE_flip,train,13,WAIT,/content/drive/MyDrive/Kophos_Features_MVP_34/features_mp/train/7685253858635791-MAKE_flip.npy
2922756853499893-MAKE_flip,train,13,WAIT,/content/drive/MyDrive/Kophos_Features_MVP_34/features_mp/train/2922756853499893-MAKE_flip.npy
6277232554994439-MAKE_flip,train,13,WAIT,/content/drive/MyDrive/Kophos_Features_MVP_34/features_mp/train/6277232554994439-MAKE_flip.npy
5583246381385951-MAKE,train,13,WAIT,/content/drive/MyDrive/Kophos_Features_MVP_34/features_mp/train/5583246381385951-MAKE.npy
1378671629883624-MAKE_flip,train,13,WAIT,/content/drive/MyDrive/Kophos_Features_MVP_34/features_mp/train/1378671629883624-MAKE_flip.npy
4376132256128842-MAKE_flip,train,13,WAIT,/content/drive/MyDrive/Kophos_Features_MVP_34/features_mp/train/4376132256128842-MAKE_flip.npy
2944560780569737-MAKE_flip,train,13,WAIT,/content/drive/MyDrive/Kophos_Features_MVP_34/features_mp/train/2944560780569737-MAKE_flip.npy
3267288350546526-MAKE_flip,train,13,WAIT,/content/drive/MyDrive/Kophos_Features_MVP_34/features_mp/train/3267288350546526-MAKE_flip.npy
17501981980725656-MAKE,train,13,WAIT,/content/drive/MyDrive/Kophos_Features_MVP_34/features_mp/train/17501981980725656-MAKE.npy
8979367992517029-MAKE,train,13,WAIT,/content/drive/MyDrive/Kophos_Features_MVP_34/features_mp/train/8979367992517029-MAKE.npy
9583259576552383-MAKE,train,13,WAIT,/content/drive/MyDrive/Kophos_Features_MVP_34/features_mp/train/9583259576552383-MAKE.npy
4560880672206117-MAKE_flip,train,13,WAIT,/content/drive/MyDrive/Kophos_Features_MVP_34/features_mp/train/4560880672206117-MAKE_flip.npy
4881876299195334-MAKE_flip,train,13,WAIT,/content/drive/MyDrive/Kophos_Features_MVP_34/features_mp/train/4881876299195334-MAKE_flip.npy
49105647878456105-MAKE,train,13,WAIT,/content/drive/MyDrive/Kophos_Features_MVP_34/features_mp/train/49105647878456105-MAKE.npy
1655745529509781-MAKE_flip,train,13,WAIT,/content/drive/MyDrive/Kophos_Features_MVP_34/features_mp/train/1655745529509781-MAKE_flip.npy
2551821341511427-MAKE_flip,train,13,WAIT,/content/drive/MyDrive/Kophos_Features_MVP_34/features_mp/train/2551821341511427-MAKE_flip.npy
4821165714835607-MAKE_flip,train,13,WAIT,/content/drive/MyDrive/Kophos_Features_MVP_34/features_mp/train/4821165714835607-MAKE_flip.npy
659969610986546-MAKE,train,13,WAIT,/content/drive/MyDrive/Kophos_Features_MVP_34/features_mp/train/659969610986546-MAKE.npy
8866769808985199-MAKE_flip,train,13,WAIT,/content/drive/MyDrive/Kophos_Features_MVP_34/features_mp/train/8866769808985199-MAKE_flip.npy
7418389396603608-MAKE_flip,train,13,WAIT,/content/drive/MyDrive/Kophos_Features_MVP_34/features_mp/train/7418389396603608-MAKE_flip.npy
5641403713109683-MAKE_flip,train,13,WAIT,/content/drive/MyDrive/Kophos_Features_MVP_34/features_mp/train/5641403713109683-MAKE_flip.npy
3042618088312728-MAKE_flip,train,13,WAIT,/content/drive/MyDrive/Kophos_Features_MVP_34/features_mp/train/3042618088312728-MAKE_flip.npy
5844672679220855-MAKE,train,13,WAIT,/content/drive/MyDrive/Kophos_Features_MVP_34/features_mp/train/5844672679220855-MAKE.npy
46445591302051503-MAKE,train,13,WAIT,/content/drive/MyDrive/Kophos_Features_MVP_34/features_mp/train/46445591302051503-MAKE.npy
9242699942883285-MAKE_flip,train,13,WAIT,/content/drive/MyDrive/Kophos_Features_MVP_34/features_mp/train/9242699942883285-MAKE_flip.npy
1348945195221508-MAKE_flip,train,13,WAIT,/content/drive/MyDrive/Kophos_Features_MVP_34/features_mp/train/1348945195221508-MAKE_flip.npy
2520717029786975-MAKE_flip,train,13,WAIT,/content/drive/MyDrive/Kophos_Features_MVP_34/features_mp/train/2520717029786975-MAKE_flip.npy
42608318827919933-MAKE,train,13,WAIT,/content/drive/MyDrive/Kophos_Features_MVP_34/features_mp/train/42608318827919933-MAKE.npy
1576732052695642-MAKE_flip,train,13,WAIT,/content/drive/MyDrive/Kophos_Features_MVP_34/features_mp/train/1576732052695642-MAKE_flip.npy
3598207139971346-MAKE_flip,train,13,WAIT,/content/drive/MyDrive/Kophos_Features_MVP_34/features_mp/train/3598207139971346-MAKE_flip.npy
5812139693539733-MAKE_flip,train,13,WAIT,/content/drive/MyDrive/Kophos_Features_MVP_34/features_mp/train/5812139693539733-MAKE_flip.npy
2895161621528449-MAKE_flip,train,13,WAIT,/content/drive/MyDrive/Kophos_Features_MVP_34/features_mp/train/2895161621528449-MAKE_flip.npy
1060586861867753-MAKE_flip,train,13,WAIT,/content/drive/MyDrive/Kophos_Features_MVP_34/features_mp/train/1060586861867753-MAKE_flip.npy
10010774201312977-MAKE,train,13,WAIT,/content/drive/MyDrive/Kophos_Features_MVP_34/features_mp/train/10010774201312977-MAKE.npy
7481076490309070-MAKE_flip,train,13,WAIT,/content/drive/MyDrive/Kophos_Features_MVP_34/features_mp/train/7481076490309070-MAKE_flip.npy
20003215375757932-MAKE,train,13,WAIT,/content/drive/MyDrive/Kophos_Features_MVP_34/features_mp/train/20003215375757932-MAKE.npy
13169238580393783-MAKE,train,13,WAIT,/content/drive/MyDrive/Kophos_Features_MVP_34/features_mp/train/13169238580393783-MAKE.npy
7203745137674413-MAKE_flip,train,13,WAIT,/content/drive/MyDrive/Kophos_Features_MVP_34/features_mp/train/7203745137674413-MAKE_flip.npy
7472903703513212-MAKE_flip,train,13,WAIT,/content/drive/MyDrive/Kophos_Features_MVP_34/features_mp/train/7472903703513212-MAKE_flip.npy
6346842384325703-MAKE_flip,train,13,WAIT,/content/drive/MyDrive/Kophos_Features_MVP_34/features_mp/train/6346842384325703-MAKE_flip.npy
16526106983233912-MAKE,train,13,WAIT,/content/drive/MyDrive/Kophos_Features_MVP_34/features_mp/train/16526106983233912-MAKE.npy
7416958011863415-MAKE,train,13,WAIT,/content/drive/MyDrive/Kophos_Features_MVP_34/features_mp/train/7416958011863415-MAKE.npy
6339703041506960-MAKE_flip,train,13,WAIT,/content/drive/MyDrive/Kophos_Features_MVP_34/features_mp/train/6339703041506960-MAKE_flip.npy
8323379614148649-MAKE,train,13,WAIT,/content/drive/MyDrive/Kophos_Features_MVP_34/features_mp/train/8323379614148649-MAKE.npy
9172531377215359-MAKE_flip,train,13,WAIT,/content/drive/MyDrive/Kophos_Features_MVP_34/features_mp/train/9172531377215359-MAKE_flip.npy
8284067342344634-MAKE_flip,train,13,WAIT,/content/drive/MyDrive/Kophos_Features_MVP_34/features_mp/train/8284067342344634-MAKE_flip.npy
6386315113243826-MAKE,train,13,WAIT,/content/drive/MyDrive/Kophos_Features_MVP_34/features_mp/train/6386315113243826-MAKE.npy
5695276830413098-MAKE_flip,train,13,WAIT,/content/drive/MyDrive/Kophos_Features_MVP_34/features_mp/train/5695276830413098-MAKE_flip.npy
4763648780366829-MAKE_flip,train,13,WAIT,/content/drive/MyDrive/Kophos_Features_MVP_34/features_mp/train/4763648780366829-MAKE_flip.npy
7514893157017109-MAKE_flip,train,13,WAIT,/content/drive/MyDrive/Kophos_Features_MVP_34/features_mp/train/7514893157017109-MAKE_flip.npy
6084098138454148-MAKE_flip,train,13,WAIT,/content/drive/MyDrive/Kophos_Features_MVP_34/features_mp/train/6084098138454148-MAKE_flip.npy
49594822580076303-MAKE,train,13,WAIT,/content/drive/MyDrive/Kophos_Features_MVP_34/features_mp/train/49594822580076303-MAKE.npy
7576174422043422-MAKE,train,13,WAIT,/content/drive/MyDrive/Kophos_Features_MVP_34/features_mp/train/7576174422043422-MAKE.npy
7434229865941944-MAKE_flip,train,13,WAIT,/content/drive/MyDrive/Kophos_Features_MVP_34/features_mp/train/7434229865941944-MAKE_flip.npy
5301636405868002-MAKE_flip,train,13,WAIT,/content/drive/MyDrive/Kophos_Features_MVP_34/features_mp/train/5301636405868002-MAKE_flip.npy
2811898570613545-MAKE_flip,train,13,WAIT,/content/drive/MyDrive/Kophos_Features_MVP_34/features_mp/train/2811898570613545-MAKE_flip.npy
06915498305351697-MAKE,train,13,WAIT,/content/drive/MyDrive/Kophos_Features_MVP_34/features_mp/train/06915498305351697-MAKE.npy
4788438552548585-MAKE_flip,train,13,WAIT,/content/drive/MyDrive/Kophos_Features_MVP_34/features_mp/train/4788438552548585-MAKE_flip.npy
2656237341874321-MAKE,val,13,WAIT,/content/drive/MyDrive/Kophos_Features_MVP_34/features_mp/val/2656237341874321-MAKE.npy
9049371338855663-MAKE_flip,val,13,WAIT,/content/drive/MyDrive/Kophos_Features_MVP_34/features_mp/val/9049371338855663-MAKE_flip.npy
35685665490030827-MAKE,val,13,WAIT,/content/drive/MyDrive/Kophos_Features_MVP_34/features_mp/val/35685665490030827-MAKE.npy
9197677795226978-MAKE_flip,val,13,WAIT,/content/drive/MyDrive/Kophos_Features_MVP_34/features_mp/val/9197677795226978-MAKE_flip.npy
48360219801328896-MAKE,val,13,WAIT,/content/drive/MyDrive/Kophos_Features_MVP_34/features_mp/val/48360219801328896-MAKE.npy
9147650326017778-MAKE_flip,val,13,WAIT,/content/drive/MyDrive/Kophos_Features_MVP_34/features_mp/val/9147650326017778-MAKE_flip.npy
7874327126099574-MAKE,val,13,WAIT,/content/drive/MyDrive/Kophos_Features_MVP_34/features_mp/val/7874327126099574-MAKE.npy
4063603744519149-MAKE_flip,val,13,WAIT,/content/drive/MyDrive/Kophos_Features_MVP_34/features_mp/val/4063603744519149-MAKE_flip.npy
4491822615817100-MAKE_flip,val,13,WAIT,/content/drive/MyDrive/Kophos_Features_MVP_34/features_mp/val/4491822615817100-MAKE_flip.npy
4500703658026358-MAKE_flip,val,13,WAIT,/content/drive/MyDrive/Kophos_Features_MVP_34/features_mp/val/4500703658026358-MAKE_flip.npy
7529369645443983-MAKE_flip,val,13,WAIT,/content/drive/MyDrive/Kophos_Features_MVP_34/features_mp/val/7529369645443983-MAKE_flip.npy
6790727550877172-MAKE_flip,val,13,WAIT,/content/drive/MyDrive/Kophos_Features_MVP_34/features_mp/val/6790727550877172-MAKE_flip.npy
7641757068620599-MAKE_flip,test,13,WAIT,/content/drive/MyDrive/Kophos_Features_MVP_34/features_mp/test/7641757068620599-MAKE_flip.npy
2818446555434027-MAKE_flip,test,13,WAIT,/content/drive/MyDrive/Kophos_Features_MVP_34/features_mp/test/2818446555434027-MAKE_flip.npy
6752521004456105-MAKE_flip,test,13,WAIT,/content/drive/MyDrive/Kophos_Features_MVP_34/features_mp/test/6752521004456105-MAKE_flip.npy
8750362349036472-MAKE_flip,test,13,WAIT,/content/drive/MyDrive/Kophos_Features_MVP_34/features_mp/test/8750362349036472-MAKE_flip.npy
9803573956916305-MAKE_flip,test,13,WAIT,/content/drive/MyDrive/Kophos_Features_MVP_34/features_mp/test/9803573956916305-MAKE_flip.npy
46006083289905075-MAKE,test,13,WAIT,/content/drive/MyDrive/Kophos_Features_MVP_34/features_mp/test/46006083289905075-MAKE.npy
1856429849919444-MAKE_flip,test,13,WAIT,/content/drive/MyDrive/Kophos_Features_MVP_34/features_mp/test/1856429849919444-MAKE_flip.npy
7631427136670896-MAKE,test,13,WAIT,/content/drive/MyDrive/Kophos_Features_MVP_34/features_mp/test/7631427136670896-MAKE.npy
2953819571296197-MAKE,test,13,WAIT,/content/drive/MyDrive/Kophos_Features_MVP_34/features_mp/test/2953819571296197-MAKE.npy
4459048693919523-MAKE_flip,test,13,WAIT,/content/drive/MyDrive/Kophos_Features_MVP_34/features_mp/test/4459048693919523-MAKE_flip.npy
9343772097056586-MAKE_flip,test,13,WAIT,/content/drive/MyDrive/Kophos_Features_MVP_34/features_mp/test/9343772097056586-MAKE_flip.npy
18229683151860843-MAKE,test,13,WAIT,/content/drive/MyDrive/Kophos_Features_MVP_34/features_mp/test/18229683151860843-MAKE.npy
4656356614547754-MAKE_flip,test,13,WAIT,/content/drive/MyDrive/Kophos_Features_MVP_34/features_mp/test/4656356614547754-MAKE_flip.npy
7039742455080471-MAKE_flip,test,13,WAIT,/content/drive/MyDrive/Kophos_Features_MVP_34/features_mp/test/7039742455080471-MAKE_flip.npy
564947980586459-MAKE,test,13,WAIT,/content/drive/MyDrive/Kophos_Features_MVP_34/features_mp/test/564947980586459-MAKE.npy
5289028229164205-ME,train,14,WANT,/content/drive/MyDrive/Kophos_Features_MVP_34/features_mp/train/5289028229164205-ME.npy
7315807506719197-ME_flip,train,14,WANT,/content/drive/MyDrive/Kophos_Features_MVP_34/features_mp/train/7315807506719197-ME_flip.npy
1695939939439002-ME_flip,train,14,WANT,/content/drive/MyDrive/Kophos_Features_MVP_34/features_mp/train/1695939939439002-ME_flip.npy
4006747099375566-ME_flip,train,14,WANT,/content/drive/MyDrive/Kophos_Features_MVP_34/features_mp/train/4006747099375566-ME_flip.npy
5968816675394137-ME,train,14,WANT,/content/drive/MyDrive/Kophos_Features_MVP_34/features_mp/train/5968816675394137-ME.npy
1506005207044907-ME_flip,train,14,WANT,/content/drive/MyDrive/Kophos_Features_MVP_34/features_mp/train/1506005207044907-ME_flip.npy
7378759651365803-ME,train,14,WANT,/content/drive/MyDrive/Kophos_Features_MVP_34/features_mp/train/7378759651365803-ME.npy
5097801186915074-ME_flip,train,14,WANT,/content/drive/MyDrive/Kophos_Features_MVP_34/features_mp/train/5097801186915074-ME_flip.npy
11091344459201657-ME,train,14,WANT,/content/drive/MyDrive/Kophos_Features_MVP_34/features_mp/train/11091344459201657-ME.npy
5400816124395869-ME,train,14,WANT,/content/drive/MyDrive/Kophos_Features_MVP_34/features_mp/train/5400816124395869-ME.npy
5059940195196919-ME_flip,train,14,WANT,/content/drive/MyDrive/Kophos_Features_MVP_34/features_mp/train/5059940195196919-ME_flip.npy
9958536121738546-ME_flip,train,14,WANT,/content/drive/MyDrive/Kophos_Features_MVP_34/features_mp/train/9958536121738546-ME_flip.npy
34076966817997323-ME,train,14,WANT,/content/drive/MyDrive/Kophos_Features_MVP_34/features_mp/train/34076966817997323-ME.npy
3550002322504063-ME_flip,train,14,WANT,/content/drive/MyDrive/Kophos_Features_MVP_34/features_mp/train/3550002322504063-ME_flip.npy
6411588958209695-ME,train,14,WANT,/content/drive/MyDrive/Kophos_Features_MVP_34/features_mp/train/6411588958209695-ME.npy
5721988565889373-ME_flip,train,14,WANT,/content/drive/MyDrive/Kophos_Features_MVP_34/features_mp/train/5721988565889373-ME_flip.npy
3371433218077411-ME_flip,train,14,WANT,/content/drive/MyDrive/Kophos_Features_MVP_34/features_mp/train/3371433218077411-ME_flip.npy
3543165567952942-ME_flip,train,14,WANT,/content/drive/MyDrive/Kophos_Features_MVP_34/features_mp/train/3543165567952942-ME_flip.npy
2372696733172634-ME_flip,train,14,WANT,/content/drive/MyDrive/Kophos_Features_MVP_34/features_mp/train/2372696733172634-ME_flip.npy
5865003500176691-ME_flip,train,14,WANT,/content/drive/MyDrive/Kophos_Features_MVP_34/features_mp/train/5865003500176691-ME_flip.npy
5529301606925829-ME_flip,train,14,WANT,/content/drive/MyDrive/Kophos_Features_MVP_34/features_mp/train/5529301606925829-ME_flip.npy
4545746926162382-ME,train,14,WANT,/content/drive/MyDrive/Kophos_Features_MVP_34/features_mp/train/4545746926162382-ME.npy
35429744496101856-ME,train,14,WANT,/content/drive/MyDrive/Kophos_Features_MVP_34/features_mp/train/35429744496101856-ME.npy
8334054758517455-ME,train,14,WANT,/content/drive/MyDrive/Kophos_Features_MVP_34/features_mp/train/8334054758517455-ME.npy
5706374721921972-ME_flip,train,14,WANT,/content/drive/MyDrive/Kophos_Features_MVP_34/features_mp/train/5706374721921972-ME_flip.npy
1719136469550845-ME_flip,train,14,WANT,/content/drive/MyDrive/Kophos_Features_MVP_34/features_mp/train/1719136469550845-ME_flip.npy
7719299197245870-ME_flip,train,14,WANT,/content/drive/MyDrive/Kophos_Features_MVP_34/features_mp/train/7719299197245870-ME_flip.npy
2773733917383231-ME_flip,train,14,WANT,/content/drive/MyDrive/Kophos_Features_MVP_34/features_mp/train/2773733917383231-ME_flip.npy
3211969317494917-ME_flip,train,14,WANT,/content/drive/MyDrive/Kophos_Features_MVP_34/features_mp/train/3211969317494917-ME_flip.npy
7978174478113313-ME_flip,train,14,WANT,/content/drive/MyDrive/Kophos_Features_MVP_34/features_mp/train/7978174478113313-ME_flip.npy
7964384833406017-ME_flip,train,14,WANT,/content/drive/MyDrive/Kophos_Features_MVP_34/features_mp/train/7964384833406017-ME_flip.npy
6366246076484883-ME,train,14,WANT,/content/drive/MyDrive/Kophos_Features_MVP_34/features_mp/train/6366246076484883-ME.npy
7730536353447314-ME_flip,train,14,WANT,/content/drive/MyDrive/Kophos_Features_MVP_34/features_mp/train/7730536353447314-ME_flip.npy
5996418589326822-ME_flip,train,14,WANT,/content/drive/MyDrive/Kophos_Features_MVP_34/features_mp/train/5996418589326822-ME_flip.npy
7594615586827366-ME_flip,train,14,WANT,/content/drive/MyDrive/Kophos_Features_MVP_34/features_mp/train/7594615586827366-ME_flip.npy
0035172227152260316-ME,train,14,WANT,/content/drive/MyDrive/Kophos_Features_MVP_34/features_mp/train/0035172227152260316-ME.npy
16214681742267878-ME,train,14,WANT,/content/drive/MyDrive/Kophos_Features_MVP_34/features_mp/train/16214681742267878-ME.npy
6740794990702424-ME_flip,train,14,WANT,/content/drive/MyDrive/Kophos_Features_MVP_34/features_mp/train/6740794990702424-ME_flip.npy
9366579241230422-ME_flip,train,14,WANT,/content/drive/MyDrive/Kophos_Features_MVP_34/features_mp/train/9366579241230422-ME_flip.npy
08622704664772152-ME,train,14,WANT,/content/drive/MyDrive/Kophos_Features_MVP_34/features_mp/train/08622704664772152-ME.npy
4318620777117368-ME,train,14,WANT,/content/drive/MyDrive/Kophos_Features_MVP_34/features_mp/train/4318620777117368-ME.npy
2194702094216242-ME_flip,train,14,WANT,/content/drive/MyDrive/Kophos_Features_MVP_34/features_mp/train/2194702094216242-ME_flip.npy
6421087005073287-ME,train,14,WANT,/content/drive/MyDrive/Kophos_Features_MVP_34/features_mp/train/6421087005073287-ME.npy
9956408054803364-ME_flip,train,14,WANT,/content/drive/MyDrive/Kophos_Features_MVP_34/features_mp/train/9956408054803364-ME_flip.npy
8395110388983419-ME_flip,train,14,WANT,/content/drive/MyDrive/Kophos_Features_MVP_34/features_mp/train/8395110388983419-ME_flip.npy
7227128162421703-ME,train,14,WANT,/content/drive/MyDrive/Kophos_Features_MVP_34/features_mp/train/7227128162421703-ME.npy
4807512760776438-ME_flip,train,14,WANT,/content/drive/MyDrive/Kophos_Features_MVP_34/features_mp/train/4807512760776438-ME_flip.npy
1607687115107288-ME_flip,train,14,WANT,/content/drive/MyDrive/Kophos_Features_MVP_34/features_mp/train/1607687115107288-ME_flip.npy
8092369896718647-ME_flip,train,14,WANT,/content/drive/MyDrive/Kophos_Features_MVP_34/features_mp/train/8092369896718647-ME_flip.npy
2876405120540764-ME_flip,train,14,WANT,/content/drive/MyDrive/Kophos_Features_MVP_34/features_mp/train/2876405120540764-ME_flip.npy
8040145953494170-ME_flip,train,14,WANT,/content/drive/MyDrive/Kophos_Features_MVP_34/features_mp/train/8040145953494170-ME_flip.npy
5706413352425115-ME,train,14,WANT,/content/drive/MyDrive/Kophos_Features_MVP_34/features_mp/train/5706413352425115-ME.npy
2331475279890661-ME_flip,train,14,WANT,/content/drive/MyDrive/Kophos_Features_MVP_34/features_mp/train/2331475279890661-ME_flip.npy
1971010839954616-ME_flip,train,14,WANT,/content/drive/MyDrive/Kophos_Features_MVP_34/features_mp/train/1971010839954616-ME_flip.npy
3278125674162453-ME_flip,train,14,WANT,/content/drive/MyDrive/Kophos_Features_MVP_34/features_mp/train/3278125674162453-ME_flip.npy
1999881677871625-ME_flip,train,14,WANT,/content/drive/MyDrive/Kophos_Features_MVP_34/features_mp/train/1999881677871625-ME_flip.npy
5724078705072562-ME,train,14,WANT,/content/drive/MyDrive/Kophos_Features_MVP_34/features_mp/train/5724078705072562-ME.npy
7218908753204715-ME_flip,train,14,WANT,/content/drive/MyDrive/Kophos_Features_MVP_34/features_mp/train/7218908753204715-ME_flip.npy
8941049731507169-ME,train,14,WANT,/content/drive/MyDrive/Kophos_Features_MVP_34/features_mp/train/8941049731507169-ME.npy
6906195671226424-ME_flip,train,14,WANT,/content/drive/MyDrive/Kophos_Features_MVP_34/features_mp/train/6906195671226424-ME_flip.npy
4444432673014069-ME_flip,val,14,WANT,/content/drive/MyDrive/Kophos_Features_MVP_34/features_mp/val/4444432673014069-ME_flip.npy
8741997559692462-ME_flip,val,14,WANT,/content/drive/MyDrive/Kophos_Features_MVP_34/features_mp/val/8741997559692462-ME_flip.npy
6709497238605636-ME_flip,val,14,WANT,/content/drive/MyDrive/Kophos_Features_MVP_34/features_mp/val/6709497238605636-ME_flip.npy
31080382328753453-ME,val,14,WANT,/content/drive/MyDrive/Kophos_Features_MVP_34/features_mp/val/31080382328753453-ME.npy
03554605558492718-ME,val,14,WANT,/content/drive/MyDrive/Kophos_Features_MVP_34/features_mp/val/03554605558492718-ME.npy
1465631530276786-ME_flip,val,14,WANT,/content/drive/MyDrive/Kophos_Features_MVP_34/features_mp/val/1465631530276786-ME_flip.npy
9671862602170956-ME_flip,val,14,WANT,/content/drive/MyDrive/Kophos_Features_MVP_34/features_mp/val/9671862602170956-ME_flip.npy
4372505087382914-ME,val,14,WANT,/content/drive/MyDrive/Kophos_Features_MVP_34/features_mp/val/4372505087382914-ME.npy
5691724461344478-ME,val,14,WANT,/content/drive/MyDrive/Kophos_Features_MVP_34/features_mp/val/5691724461344478-ME.npy
9844504776676745-ME_flip,val,14,WANT,/content/drive/MyDrive/Kophos_Features_MVP_34/features_mp/val/9844504776676745-ME_flip.npy
7833252481997668-ME_flip,val,14,WANT,/content/drive/MyDrive/Kophos_Features_MVP_34/features_mp/val/7833252481997668-ME_flip.npy
4851707343386904-ME_flip,val,14,WANT,/content/drive/MyDrive/Kophos_Features_MVP_34/features_mp/val/4851707343386904-ME_flip.npy
3671167115396738-ME_flip,test,14,WANT,/content/drive/MyDrive/Kophos_Features_MVP_34/features_mp/test/3671167115396738-ME_flip.npy
5834482146577376-ME,test,14,WANT,/content/drive/MyDrive/Kophos_Features_MVP_34/features_mp/test/5834482146577376-ME.npy
9400033008877642-ME_flip,test,14,WANT,/content/drive/MyDrive/Kophos_Features_MVP_34/features_mp/test/9400033008877642-ME_flip.npy
059398641585320267-ME,test,14,WANT,/content/drive/MyDrive/Kophos_Features_MVP_34/features_mp/test/059398641585320267-ME.npy
5304861119806305-ME_flip,test,14,WANT,/content/drive/MyDrive/Kophos_Features_MVP_34/features_mp/test/5304861119806305-ME_flip.npy
2576140497310784-ME,test,14,WANT,/content/drive/MyDrive/Kophos_Features_MVP_34/features_mp/test/2576140497310784-ME.npy
4072790304162119-ME_flip,test,14,WANT,/content/drive/MyDrive/Kophos_Features_MVP_34/features_mp/test/4072790304162119-ME_flip.npy
5548254365864896-ME_flip,test,14,WANT,/content/drive/MyDrive/Kophos_Features_MVP_34/features_mp/test/5548254365864896-ME_flip.npy
1001108552503756-ME_flip,test,14,WANT,/content/drive/MyDrive/Kophos_Features_MVP_34/features_mp/test/1001108552503756-ME_flip.npy
9101168111350384-ME,test,14,WANT,/content/drive/MyDrive/Kophos_Features_MVP_34/features_mp/test/9101168111350384-ME.npy
4949074855512077-ME_flip,test,14,WANT,/content/drive/MyDrive/Kophos_Features_MVP_34/features_mp/test/4949074855512077-ME_flip.npy
4254130544228588-ME_flip,test,14,WANT,/content/drive/MyDrive/Kophos_Features_MVP_34/features_mp/test/4254130544228588-ME_flip.npy
7885679457652537-ME_flip,test,14,WANT,/content/drive/MyDrive/Kophos_Features_MVP_34/features_mp/test/7885679457652537-ME_flip.npy
6953843694912830-ME_flip,test,14,WANT,/content/drive/MyDrive/Kophos_Features_MVP_34/features_mp/test/6953843694912830-ME_flip.npy
1506254664622797-ME,test,14,WANT,/content/drive/MyDrive/Kophos_Features_MVP_34/features_mp/test/1506254664622797-ME.npy
013724247293201763-MORE,train,15,WRITE,/content/drive/MyDrive/Kophos_Features_MVP_34/features_mp/train/013724247293201763-MORE.npy
009299695590603507-MORE,train,15,WRITE,/content/drive/MyDrive/Kophos_Features_MVP_34/features_mp/train/009299695590603507-MORE.npy
6964727196129876-MORE_flip,train,15,WRITE,/content/drive/MyDrive/Kophos_Features_MVP_34/features_mp/train/6964727196129876-MORE_flip.npy
7213248453404937-MORE,train,15,WRITE,/content/drive/MyDrive/Kophos_Features_MVP_34/features_mp/train/7213248453404937-MORE.npy
9421448198356972-MORE,train,15,WRITE,/content/drive/MyDrive/Kophos_Features_MVP_34/features_mp/train/9421448198356972-MORE.npy
1805768625024070-MORE_flip,train,15,WRITE,/content/drive/MyDrive/Kophos_Features_MVP_34/features_mp/train/1805768625024070-MORE_flip.npy
2149372933687504-MORE_flip,train,15,WRITE,/content/drive/MyDrive/Kophos_Features_MVP_34/features_mp/train/2149372933687504-MORE_flip.npy
4575117864549195-MORE_flip,train,15,WRITE,/content/drive/MyDrive/Kophos_Features_MVP_34/features_mp/train/4575117864549195-MORE_flip.npy
6684303463308252-MORE,train,15,WRITE,/content/drive/MyDrive/Kophos_Features_MVP_34/features_mp/train/6684303463308252-MORE.npy
9340539684203915-MORE,train,15,WRITE,/content/drive/MyDrive/Kophos_Features_MVP_34/features_mp/train/9340539684203915-MORE.npy
8385294089384643-MORE,train,15,WRITE,/content/drive/MyDrive/Kophos_Features_MVP_34/features_mp/train/8385294089384643-MORE.npy
5281110864403428-MORE_flip,train,15,WRITE,/content/drive/MyDrive/Kophos_Features_MVP_34/features_mp/train/5281110864403428-MORE_flip.npy
35438732511009685-MORE,train,15,WRITE,/content/drive/MyDrive/Kophos_Features_MVP_34/features_mp/train/35438732511009685-MORE.npy
6030819884347467-MORE,train,15,WRITE,/content/drive/MyDrive/Kophos_Features_MVP_34/features_mp/train/6030819884347467-MORE.npy
3792860798493006-MORE_flip,train,15,WRITE,/content/drive/MyDrive/Kophos_Features_MVP_34/features_mp/train/3792860798493006-MORE_flip.npy
8341336597329694-MORE,train,15,WRITE,/content/drive/MyDrive/Kophos_Features_MVP_34/features_mp/train/8341336597329694-MORE.npy
2426931915496007-MORE_flip,train,15,WRITE,/content/drive/MyDrive/Kophos_Features_MVP_34/features_mp/train/2426931915496007-MORE_flip.npy
8116309886717166-MORE,train,15,WRITE,/content/drive/MyDrive/Kophos_Features_MVP_34/features_mp/train/8116309886717166-MORE.npy
1235360105194195-MORE_flip,train,15,WRITE,/content/drive/MyDrive/Kophos_Features_MVP_34/features_mp/train/1235360105194195-MORE_flip.npy
7168321371853796-MORE,train,15,WRITE,/content/drive/MyDrive/Kophos_Features_MVP_34/features_mp/train/7168321371853796-MORE.npy
5322963655319720-MORE_flip,train,15,WRITE,/content/drive/MyDrive/Kophos_Features_MVP_34/features_mp/train/5322963655319720-MORE_flip.npy
4678327134069299-MORE_flip,train,15,WRITE,/content/drive/MyDrive/Kophos_Features_MVP_34/features_mp/train/4678327134069299-MORE_flip.npy
7716124989142271-MORE_flip,train,15,WRITE,/content/drive/MyDrive/Kophos_Features_MVP_34/features_mp/train/7716124989142271-MORE_flip.npy
597060949237564-MORE,train,15,WRITE,/content/drive/MyDrive/Kophos_Features_MVP_34/features_mp/train/597060949237564-MORE.npy
1829191243044263-MORE_flip,train,15,WRITE,/content/drive/MyDrive/Kophos_Features_MVP_34/features_mp/train/1829191243044263-MORE_flip.npy
05959007956304285-MORE,train,15,WRITE,/content/drive/MyDrive/Kophos_Features_MVP_34/features_mp/train/05959007956304285-MORE.npy
19756865098292908-MORE,train,15,WRITE,/content/drive/MyDrive/Kophos_Features_MVP_34/features_mp/train/19756865098292908-MORE.npy
2769923289127337-MORE_flip,train,15,WRITE,/content/drive/MyDrive/Kophos_Features_MVP_34/features_mp/train/2769923289127337-MORE_flip.npy
6036739377829542-MORE_flip,train,15,WRITE,/content/drive/MyDrive/Kophos_Features_MVP_34/features_mp/train/6036739377829542-MORE_flip.npy
6934289539214317-MORE_flip,train,15,WRITE,/content/drive/MyDrive/Kophos_Features_MVP_34/features_mp/train/6934289539214317-MORE_flip.npy
6647185620528231-MORE_flip,train,15,WRITE,/content/drive/MyDrive/Kophos_Features_MVP_34/features_mp/train/6647185620528231-MORE_flip.npy
8473421461490096-MORE,train,15,WRITE,/content/drive/MyDrive/Kophos_Features_MVP_34/features_mp/train/8473421461490096-MORE.npy
3439214047100781-MORE_flip,train,15,WRITE,/content/drive/MyDrive/Kophos_Features_MVP_34/features_mp/train/3439214047100781-MORE_flip.npy
15807643698153884-MORE,train,15,WRITE,/content/drive/MyDrive/Kophos_Features_MVP_34/features_mp/train/15807643698153884-MORE.npy
1464773622306477-MORE_flip,train,15,WRITE,/content/drive/MyDrive/Kophos_Features_MVP_34/features_mp/train/1464773622306477-MORE_flip.npy
7235081979386058-MORE,train,15,WRITE,/content/drive/MyDrive/Kophos_Features_MVP_34/features_mp/train/7235081979386058-MORE.npy
3863369290339019-MORE_flip,train,15,WRITE,/content/drive/MyDrive/Kophos_Features_MVP_34/features_mp/train/3863369290339019-MORE_flip.npy
033095312435714064-MORE,train,15,WRITE,/content/drive/MyDrive/Kophos_Features_MVP_34/features_mp/train/033095312435714064-MORE.npy
7455948118093856-MORE,train,15,WRITE,/content/drive/MyDrive/Kophos_Features_MVP_34/features_mp/train/7455948118093856-MORE.npy
8799982254896771-MORE_flip,train,15,WRITE,/content/drive/MyDrive/Kophos_Features_MVP_34/features_mp/train/8799982254896771-MORE_flip.npy
6089235869492956-MORE_flip,train,15,WRITE,/content/drive/MyDrive/Kophos_Features_MVP_34/features_mp/train/6089235869492956-MORE_flip.npy
23625275644196408-MORE,train,15,WRITE,/content/drive/MyDrive/Kophos_Features_MVP_34/features_mp/train/23625275644196408-MORE.npy
9000660794636397-MORE,val,15,WRITE,/content/drive/MyDrive/Kophos_Features_MVP_34/features_mp/val/9000660794636397-MORE.npy
48891811825038345-MORE,val,15,WRITE,/content/drive/MyDrive/Kophos_Features_MVP_34/features_mp/val/48891811825038345-MORE.npy
8398312100057683-MORE,val,15,WRITE,/content/drive/MyDrive/Kophos_Features_MVP_34/features_mp/val/8398312100057683-MORE.npy
2552890815566589-MORE_flip,val,15,WRITE,/content/drive/MyDrive/Kophos_Features_MVP_34/features_mp/val/2552890815566589-MORE_flip.npy
17984011488050022-MORE,val,15,WRITE,/content/drive/MyDrive/Kophos_Features_MVP_34/features_mp/val/17984011488050022-MORE.npy
6464758461957305-MORE_flip,val,15,WRITE,/content/drive/MyDrive/Kophos_Features_MVP_34/features_mp/val/6464758461957305-MORE_flip.npy
3722058412918612-MORE_flip,val,15,WRITE,/content/drive/MyDrive/Kophos_Features_MVP_34/features_mp/val/3722058412918612-MORE_flip.npy
4592142449472917-MORE_flip,val,15,WRITE,/content/drive/MyDrive/Kophos_Features_MVP_34/features_mp/val/4592142449472917-MORE_flip.npy
4288689893991819-MORE_flip,test,15,WRITE,/content/drive/MyDrive/Kophos_Features_MVP_34/features_mp/test/4288689893991819-MORE_flip.npy
813443212118808-MORE,test,15,WRITE,/content/drive/MyDrive/Kophos_Features_MVP_34/features_mp/test/813443212118808-MORE.npy
8348334383558564-MORE_flip,test,15,WRITE,/content/drive/MyDrive/Kophos_Features_MVP_34/features_mp/test/8348334383558564-MORE_flip.npy
6943802763303872-MORE_flip,test,15,WRITE,/content/drive/MyDrive/Kophos_Features_MVP_34/features_mp/test/6943802763303872-MORE_flip.npy
9858229995286099-MORE,test,15,WRITE,/content/drive/MyDrive/Kophos_Features_MVP_34/features_mp/test/9858229995286099-MORE.npy
9204213011220135-MORE_flip,test,15,WRITE,/content/drive/MyDrive/Kophos_Features_MVP_34/features_mp/test/9204213011220135-MORE_flip.npy
6785155090626982-MORE,test,15,WRITE,/content/drive/MyDrive/Kophos_Features_MVP_34/features_mp/test/6785155090626982-MORE.npy
010465663034460171-MORE,test,15,WRITE,/content/drive/MyDrive/Kophos_Features_MVP_34/features_mp/test/010465663034460171-MORE.npy
7267227999834953-MORE,test,15,WRITE,/content/drive/MyDrive/Kophos_Features_MVP_34/features_mp/test/7267227999834953-MORE.npy
3241768332133911-MORE_flip,test,15,WRITE,/content/drive/MyDrive/Kophos_Features_MVP_34/features_mp/test/3241768332133911-MORE_flip.npy
9665005434141773-NEED_flip,train,16,UNKNOWN,/content/drive/MyDrive/Kophos_Features_MVP_34/features_mp/train/9665005434141773-NEED_flip.npy
6701591681339427-NEED_flip,train,16,UNKNOWN,/content/drive/MyDrive/Kophos_Features_MVP_34/features_mp/train/6701591681339427-NEED_flip.npy
6181892713657086-NEED_flip,train,16,UNKNOWN,/content/drive/MyDrive/Kophos_Features_MVP_34/features_mp/train/6181892713657086-NEED_flip.npy
5597756711675372-NEED,train,16,UNKNOWN,/content/drive/MyDrive/Kophos_Features_MVP_34/features_mp/train/5597756711675372-NEED.npy
25388069654637513-NEED,train,16,UNKNOWN,/content/drive/MyDrive/Kophos_Features_MVP_34/features_mp/train/25388069654637513-NEED.npy
8158148595474049-NEED_flip,train,16,UNKNOWN,/content/drive/MyDrive/Kophos_Features_MVP_34/features_mp/train/8158148595474049-NEED_flip.npy
2904735073100232-NEED_flip,train,16,UNKNOWN,/content/drive/MyDrive/Kophos_Features_MVP_34/features_mp/train/2904735073100232-NEED_flip.npy
9165162430326750-NEED_flip,train,16,UNKNOWN,/content/drive/MyDrive/Kophos_Features_MVP_34/features_mp/train/9165162430326750-NEED_flip.npy
1906677972692301-NEED_flip,train,16,UNKNOWN,/content/drive/MyDrive/Kophos_Features_MVP_34/features_mp/train/1906677972692301-NEED_flip.npy
9243828104459468-NEED_flip,train,16,UNKNOWN,/content/drive/MyDrive/Kophos_Features_MVP_34/features_mp/train/9243828104459468-NEED_flip.npy
024661755952086084-NEED,train,16,UNKNOWN,/content/drive/MyDrive/Kophos_Features_MVP_34/features_mp/train/024661755952086084-NEED.npy
7417281497410536-NEED_flip,train,16,UNKNOWN,/content/drive/MyDrive/Kophos_Features_MVP_34/features_mp/train/7417281497410536-NEED_flip.npy
6613716577421236-NEED,train,16,UNKNOWN,/content/drive/MyDrive/Kophos_Features_MVP_34/features_mp/train/6613716577421236-NEED.npy
9701223233159699-NEED,train,16,UNKNOWN,/content/drive/MyDrive/Kophos_Features_MVP_34/features_mp/train/9701223233159699-NEED.npy
7635279862488568-NEED_flip,train,16,UNKNOWN,/content/drive/MyDrive/Kophos_Features_MVP_34/features_mp/train/7635279862488568-NEED_flip.npy
4558262664765153-NEED_flip,train,16,UNKNOWN,/content/drive/MyDrive/Kophos_Features_MVP_34/features_mp/train/4558262664765153-NEED_flip.npy
8097644278187465-NEED_flip,train,16,UNKNOWN,/content/drive/MyDrive/Kophos_Features_MVP_34/features_mp/train/8097644278187465-NEED_flip.npy
9788744210187619-NEED,train,16,UNKNOWN,/content/drive/MyDrive/Kophos_Features_MVP_34/features_mp/train/9788744210187619-NEED.npy
7582473442108140-NEED_flip,train,16,UNKNOWN,/content/drive/MyDrive/Kophos_Features_MVP_34/features_mp/train/7582473442108140-NEED_flip.npy
30879418056454777-NEED,train,16,UNKNOWN,/content/drive/MyDrive/Kophos_Features_MVP_34/features_mp/train/30879418056454777-NEED.npy
3717380700166662-NEED_flip,train,16,UNKNOWN,/content/drive/MyDrive/Kophos_Features_MVP_34/features_mp/train/3717380700166662-NEED_flip.npy
4017753659178861-NEED_flip,train,16,UNKNOWN,/content/drive/MyDrive/Kophos_Features_MVP_34/features_mp/train/4017753659178861-NEED_flip.npy
6280360769360449-NEED,train,16,UNKNOWN,/content/drive/MyDrive/Kophos_Features_MVP_34/features_mp/train/6280360769360449-NEED.npy
5754719885013022-NEED,train,16,UNKNOWN,/content/drive/MyDrive/Kophos_Features_MVP_34/features_mp/train/5754719885013022-NEED.npy
3675535002855303-NEED_flip,train,16,UNKNOWN,/content/drive/MyDrive/Kophos_Features_MVP_34/features_mp/train/3675535002855303-NEED_flip.npy
6120407845107931-NEED_flip,train,16,UNKNOWN,/content/drive/MyDrive/Kophos_Features_MVP_34/features_mp/train/6120407845107931-NEED_flip.npy
23302415519785113-NEED,train,16,UNKNOWN,/content/drive/MyDrive/Kophos_Features_MVP_34/features_mp/train/23302415519785113-NEED.npy
37372322284413917-NEED,train,16,UNKNOWN,/content/drive/MyDrive/Kophos_Features_MVP_34/features_mp/train/37372322284413917-NEED.npy
5680460662396414-NEED_flip,train,16,UNKNOWN,/content/drive/MyDrive/Kophos_Features_MVP_34/features_mp/train/5680460662396414-NEED_flip.npy
7542100183321416-NEED,train,16,UNKNOWN,/content/drive/MyDrive/Kophos_Features_MVP_34/features_mp/train/7542100183321416-NEED.npy
04669408879006931-NEED,train,16,UNKNOWN,/content/drive/MyDrive/Kophos_Features_MVP_34/features_mp/train/04669408879006931-NEED.npy
2349232799615107-NEED_flip,train,16,UNKNOWN,/content/drive/MyDrive/Kophos_Features_MVP_34/features_mp/train/2349232799615107-NEED_flip.npy
7439436947105555-NEED_flip,train,16,UNKNOWN,/content/drive/MyDrive/Kophos_Features_MVP_34/features_mp/train/7439436947105555-NEED_flip.npy
4085817207121329-NEED_flip,train,16,UNKNOWN,/content/drive/MyDrive/Kophos_Features_MVP_34/features_mp/train/4085817207121329-NEED_flip.npy
7186614624555035-NEED_flip,train,16,UNKNOWN,/content/drive/MyDrive/Kophos_Features_MVP_34/features_mp/train/7186614624555035-NEED_flip.npy
6105376660983604-NEED_flip,train,16,UNKNOWN,/content/drive/MyDrive/Kophos_Features_MVP_34/features_mp/train/6105376660983604-NEED_flip.npy
2957896307414234-NEED,train,16,UNKNOWN,/content/drive/MyDrive/Kophos_Features_MVP_34/features_mp/train/2957896307414234-NEED.npy
8022209797799162-NEED,train,16,UNKNOWN,/content/drive/MyDrive/Kophos_Features_MVP_34/features_mp/train/8022209797799162-NEED.npy
2410748792113972-NEED_flip,train,16,UNKNOWN,/content/drive/MyDrive/Kophos_Features_MVP_34/features_mp/train/2410748792113972-NEED_flip.npy
6330153558265055-NEED,train,16,UNKNOWN,/content/drive/MyDrive/Kophos_Features_MVP_34/features_mp/train/6330153558265055-NEED.npy
4466238917788177-NEED_flip,train,16,UNKNOWN,/content/drive/MyDrive/Kophos_Features_MVP_34/features_mp/train/4466238917788177-NEED_flip.npy
9829321806207500-NEED_flip,train,16,UNKNOWN,/content/drive/MyDrive/Kophos_Features_MVP_34/features_mp/train/9829321806207500-NEED_flip.npy
3549534292941250-NEED_flip,train,16,UNKNOWN,/content/drive/MyDrive/Kophos_Features_MVP_34/features_mp/train/3549534292941250-NEED_flip.npy
9782435735159187-NEED_flip,train,16,UNKNOWN,/content/drive/MyDrive/Kophos_Features_MVP_34/features_mp/train/9782435735159187-NEED_flip.npy
7283509801912958-NEED_flip,train,16,UNKNOWN,/content/drive/MyDrive/Kophos_Features_MVP_34/features_mp/train/7283509801912958-NEED_flip.npy
8368828582685784-NEED_flip,train,16,UNKNOWN,/content/drive/MyDrive/Kophos_Features_MVP_34/features_mp/train/8368828582685784-NEED_flip.npy
2733930203247965-NEED_flip,train,16,UNKNOWN,/content/drive/MyDrive/Kophos_Features_MVP_34/features_mp/train/2733930203247965-NEED_flip.npy
8381599164267373-NEED_flip,train,16,UNKNOWN,/content/drive/MyDrive/Kophos_Features_MVP_34/features_mp/train/8381599164267373-NEED_flip.npy
7657802804409537-NEED,train,16,UNKNOWN,/content/drive/MyDrive/Kophos_Features_MVP_34/features_mp/train/7657802804409537-NEED.npy
7696316127375926-NEED_flip,train,16,UNKNOWN,/content/drive/MyDrive/Kophos_Features_MVP_34/features_mp/train/7696316127375926-NEED_flip.npy
8930924399812818-NEED_flip,train,16,UNKNOWN,/content/drive/MyDrive/Kophos_Features_MVP_34/features_mp/train/8930924399812818-NEED_flip.npy
8848744369087989-NEED,train,16,UNKNOWN,/content/drive/MyDrive/Kophos_Features_MVP_34/features_mp/train/8848744369087989-NEED.npy
1066394386654658-NEED_flip,train,16,UNKNOWN,/content/drive/MyDrive/Kophos_Features_MVP_34/features_mp/train/1066394386654658-NEED_flip.npy
9606324447931605-NEED_flip,train,16,UNKNOWN,/content/drive/MyDrive/Kophos_Features_MVP_34/features_mp/train/9606324447931605-NEED_flip.npy
2717896199332962-NEED_flip,train,16,UNKNOWN,/content/drive/MyDrive/Kophos_Features_MVP_34/features_mp/train/2717896199332962-NEED_flip.npy
9624749679898497-NEED_flip,train,16,UNKNOWN,/content/drive/MyDrive/Kophos_Features_MVP_34/features_mp/train/9624749679898497-NEED_flip.npy
9787283961110481-NEED_flip,train,16,UNKNOWN,/content/drive/MyDrive/Kophos_Features_MVP_34/features_mp/train/9787283961110481-NEED_flip.npy
08573458832549319-NEED,train,16,UNKNOWN,/content/drive/MyDrive/Kophos_Features_MVP_34/features_mp/train/08573458832549319-NEED.npy
6892111735827193-NEED,train,16,UNKNOWN,/content/drive/MyDrive/Kophos_Features_MVP_34/features_mp/train/6892111735827193-NEED.npy
4830208169580428-NEED_flip,train,16,UNKNOWN,/content/drive/MyDrive/Kophos_Features_MVP_34/features_mp/train/4830208169580428-NEED_flip.npy
951965116580737-NEED,val,16,UNKNOWN,/content/drive/MyDrive/Kophos_Features_MVP_34/features_mp/val/951965116580737-NEED.npy
3172426418475332-NEED_flip,val,16,UNKNOWN,/content/drive/MyDrive/Kophos_Features_MVP_34/features_mp/val/3172426418475332-NEED_flip.npy
9758956174387653-NEED_flip,val,16,UNKNOWN,/content/drive/MyDrive/Kophos_Features_MVP_34/features_mp/val/9758956174387653-NEED_flip.npy
4363161675713976-NEED_flip,val,16,UNKNOWN,/content/drive/MyDrive/Kophos_Features_MVP_34/features_mp/val/4363161675713976-NEED_flip.npy
6635655797958437-NEED,val,16,UNKNOWN,/content/drive/MyDrive/Kophos_Features_MVP_34/features_mp/val/6635655797958437-NEED.npy
1853597803871314-NEED_flip,val,16,UNKNOWN,/content/drive/MyDrive/Kophos_Features_MVP_34/features_mp/val/1853597803871314-NEED_flip.npy
2079774225424297-NEED_flip,val,16,UNKNOWN,/content/drive/MyDrive/Kophos_Features_MVP_34/features_mp/val/2079774225424297-NEED_flip.npy
3146021290610961-NEED_flip,val,16,UNKNOWN,/content/drive/MyDrive/Kophos_Features_MVP_34/features_mp/val/3146021290610961-NEED_flip.npy
28071486967073533-NEED,val,16,UNKNOWN,/content/drive/MyDrive/Kophos_Features_MVP_34/features_mp/val/28071486967073533-NEED.npy
4101570065240131-NEED_flip,val,16,UNKNOWN,/content/drive/MyDrive/Kophos_Features_MVP_34/features_mp/val/4101570065240131-NEED_flip.npy
3092044477927096-NEED,val,16,UNKNOWN,/content/drive/MyDrive/Kophos_Features_MVP_34/features_mp/val/3092044477927096-NEED.npy
1028644244603706-NEED_flip,val,16,UNKNOWN,/content/drive/MyDrive/Kophos_Features_MVP_34/features_mp/val/1028644244603706-NEED_flip.npy
0505419163931653-NEED,test,16,UNKNOWN,/content/drive/MyDrive/Kophos_Features_MVP_34/features_mp/test/0505419163931653-NEED.npy
09656289044816302-NEED,test,16,UNKNOWN,/content/drive/MyDrive/Kophos_Features_MVP_34/features_mp/test/09656289044816302-NEED.npy
9500106591852684-NEED_flip,test,16,UNKNOWN,/content/drive/MyDrive/Kophos_Features_MVP_34/features_mp/test/9500106591852684-NEED_flip.npy
3304178516222478-NEED,test,16,UNKNOWN,/content/drive/MyDrive/Kophos_Features_MVP_34/features_mp/test/3304178516222478-NEED.npy
5596105403298417-NEED_flip,test,16,UNKNOWN,/content/drive/MyDrive/Kophos_Features_MVP_34/features_mp/test/5596105403298417-NEED_flip.npy
8757646351649961-NEED_flip,test,16,UNKNOWN,/content/drive/MyDrive/Kophos_Features_MVP_34/features_mp/test/8757646351649961-NEED_flip.npy
6550665819926587-NEED_flip,test,16,UNKNOWN,/content/drive/MyDrive/Kophos_Features_MVP_34/features_mp/test/6550665819926587-NEED_flip.npy
6931955445639658-NEED_flip,test,16,UNKNOWN,/content/drive/MyDrive/Kophos_Features_MVP_34/features_mp/test/6931955445639658-NEED_flip.npy
3356355158311416-NEED_flip,test,16,UNKNOWN,/content/drive/MyDrive/Kophos_Features_MVP_34/features_mp/test/3356355158311416-NEED_flip.npy
8882151630852417-NEED,test,16,UNKNOWN,/content/drive/MyDrive/Kophos_Features_MVP_34/features_mp/test/8882151630852417-NEED.npy
9924901408509684-NEED_flip,test,16,UNKNOWN,/content/drive/MyDrive/Kophos_Features_MVP_34/features_mp/test/9924901408509684-NEED_flip.npy
8608323645328379-NEED_flip,test,16,UNKNOWN,/content/drive/MyDrive/Kophos_Features_MVP_34/features_mp/test/8608323645328379-NEED_flip.npy
6722278780471875-NEED_flip,test,16,UNKNOWN,/content/drive/MyDrive/Kophos_Features_MVP_34/features_mp/test/6722278780471875-NEED_flip.npy
5297728342745216-NEED,test,16,UNKNOWN,/content/drive/MyDrive/Kophos_Features_MVP_34/features_mp/test/5297728342745216-NEED.npy
8148146721579045-NEED_flip,test,16,UNKNOWN,/content/drive/MyDrive/Kophos_Features_MVP_34/features_mp/test/8148146721579045-NEED_flip.npy
5211310003226712-NO_flip,train,17,UNKNOWN,/content/drive/MyDrive/Kophos_Features_MVP_34/features_mp/train/5211310003226712-NO_flip.npy
5309657970849855-NO,train,17,UNKNOWN,/content/drive/MyDrive/Kophos_Features_MVP_34/features_mp/train/5309657970849855-NO.npy
1466728194318721-NO_flip,train,17,UNKNOWN,/content/drive/MyDrive/Kophos_Features_MVP_34/features_mp/train/1466728194318721-NO_flip.npy
4451077088962499-NO_flip,train,17,UNKNOWN,/content/drive/MyDrive/Kophos_Features_MVP_34/features_mp/train/4451077088962499-NO_flip.npy
8720078463993790-NO_flip,train,17,UNKNOWN,/content/drive/MyDrive/Kophos_Features_MVP_34/features_mp/train/8720078463993790-NO_flip.npy
8784110250647722-NO_flip,train,17,UNKNOWN,/content/drive/MyDrive/Kophos_Features_MVP_34/features_mp/train/8784110250647722-NO_flip.npy
5278795760893484-NO,train,17,UNKNOWN,/content/drive/MyDrive/Kophos_Features_MVP_34/features_mp/train/5278795760893484-NO.npy
08228267952066615-NO,train,17,UNKNOWN,/content/drive/MyDrive/Kophos_Features_MVP_34/features_mp/train/08228267952066615-NO.npy
8706829037107575-NO_flip,train,17,UNKNOWN,/content/drive/MyDrive/Kophos_Features_MVP_34/features_mp/train/8706829037107575-NO_flip.npy
5644492612776590-NO_flip,train,17,UNKNOWN,/content/drive/MyDrive/Kophos_Features_MVP_34/features_mp/train/5644492612776590-NO_flip.npy
7691097753941352-NO_flip,train,17,UNKNOWN,/content/drive/MyDrive/Kophos_Features_MVP_34/features_mp/train/7691097753941352-NO_flip.npy
01379619951634381-NO,train,17,UNKNOWN,/content/drive/MyDrive/Kophos_Features_MVP_34/features_mp/train/01379619951634381-NO.npy
8323715285073319-NO,train,17,UNKNOWN,/content/drive/MyDrive/Kophos_Features_MVP_34/features_mp/train/8323715285073319-NO.npy
7973429116215278-NO,train,17,UNKNOWN,/content/drive/MyDrive/Kophos_Features_MVP_34/features_mp/train/7973429116215278-NO.npy
6334373748093341-NO_flip,train,17,UNKNOWN,/content/drive/MyDrive/Kophos_Features_MVP_34/features_mp/train/6334373748093341-NO_flip.npy
9616432008129339-NO,train,17,UNKNOWN,/content/drive/MyDrive/Kophos_Features_MVP_34/features_mp/train/9616432008129339-NO.npy
1535344486842820-NO_flip,train,17,UNKNOWN,/content/drive/MyDrive/Kophos_Features_MVP_34/features_mp/train/1535344486842820-NO_flip.npy
7121152592654686-NO_flip,train,17,UNKNOWN,/content/drive/MyDrive/Kophos_Features_MVP_34/features_mp/train/7121152592654686-NO_flip.npy
8882696024682742-NO_flip,train,17,UNKNOWN,/content/drive/MyDrive/Kophos_Features_MVP_34/features_mp/train/8882696024682742-NO_flip.npy
7931075492698656-NO,train,17,UNKNOWN,/content/drive/MyDrive/Kophos_Features_MVP_34/features_mp/train/7931075492698656-NO.npy
9979731168048327-NO,train,17,UNKNOWN,/content/drive/MyDrive/Kophos_Features_MVP_34/features_mp/train/9979731168048327-NO.npy
6578468511473112-NO_flip,train,17,UNKNOWN,/content/drive/MyDrive/Kophos_Features_MVP_34/features_mp/train/6578468511473112-NO_flip.npy
8556709507689160-NO_flip,train,17,UNKNOWN,/content/drive/MyDrive/Kophos_Features_MVP_34/features_mp/train/8556709507689160-NO_flip.npy
7520679942604081-NO_flip,train,17,UNKNOWN,/content/drive/MyDrive/Kophos_Features_MVP_34/features_mp/train/7520679942604081-NO_flip.npy
6645554412949413-NO,train,17,UNKNOWN,/content/drive/MyDrive/Kophos_Features_MVP_34/features_mp/train/6645554412949413-NO.npy
5328649685588343-NO,train,17,UNKNOWN,/content/drive/MyDrive/Kophos_Features_MVP_34/features_mp/train/5328649685588343-NO.npy
2865776262490438-NO_flip,train,17,UNKNOWN,/content/drive/MyDrive/Kophos_Features_MVP_34/features_mp/train/2865776262490438-NO_flip.npy
1398311334433286-NO_flip,train,17,UNKNOWN,/content/drive/MyDrive/Kophos_Features_MVP_34/features_mp/train/1398311334433286-NO_flip.npy
1531106100658737-NO_flip,train,17,UNKNOWN,/content/drive/MyDrive/Kophos_Features_MVP_34/features_mp/train/1531106100658737-NO_flip.npy
5082858473744953-NO,train,17,UNKNOWN,/content/drive/MyDrive/Kophos_Features_MVP_34/features_mp/train/5082858473744953-NO.npy
6901051427765104-NO,train,17,UNKNOWN,/content/drive/MyDrive/Kophos_Features_MVP_34/features_mp/train/6901051427765104-NO.npy
3247833356457248-NO,train,17,UNKNOWN,/content/drive/MyDrive/Kophos_Features_MVP_34/features_mp/train/3247833356457248-NO.npy
8079226457278508-NO,train,17,UNKNOWN,/content/drive/MyDrive/Kophos_Features_MVP_34/features_mp/train/8079226457278508-NO.npy
7525332129995586-NO,train,17,UNKNOWN,/content/drive/MyDrive/Kophos_Features_MVP_34/features_mp/train/7525332129995586-NO.npy
6137110171725737-NO,train,17,UNKNOWN,/content/drive/MyDrive/Kophos_Features_MVP_34/features_mp/train/6137110171725737-NO.npy
2140134632834978-NO,train,17,UNKNOWN,/content/drive/MyDrive/Kophos_Features_MVP_34/features_mp/train/2140134632834978-NO.npy
8363612285577645-NO_flip,train,17,UNKNOWN,/content/drive/MyDrive/Kophos_Features_MVP_34/features_mp/train/8363612285577645-NO_flip.npy
2913044103137998-NO_flip,train,17,UNKNOWN,/content/drive/MyDrive/Kophos_Features_MVP_34/features_mp/train/2913044103137998-NO_flip.npy
5372668319999747-NO,train,17,UNKNOWN,/content/drive/MyDrive/Kophos_Features_MVP_34/features_mp/train/5372668319999747-NO.npy
7932042062420475-NO,train,17,UNKNOWN,/content/drive/MyDrive/Kophos_Features_MVP_34/features_mp/train/7932042062420475-NO.npy
9644130188424822-NO,val,17,UNKNOWN,/content/drive/MyDrive/Kophos_Features_MVP_34/features_mp/val/9644130188424822-NO.npy
7432536933509333-NO_flip,val,17,UNKNOWN,/content/drive/MyDrive/Kophos_Features_MVP_34/features_mp/val/7432536933509333-NO_flip.npy
46074251080029494-NO,val,17,UNKNOWN,/content/drive/MyDrive/Kophos_Features_MVP_34/features_mp/val/46074251080029494-NO.npy
4656606080155459-NO,val,17,UNKNOWN,/content/drive/MyDrive/Kophos_Features_MVP_34/features_mp/val/4656606080155459-NO.npy
370678413428154-NO,val,17,UNKNOWN,/content/drive/MyDrive/Kophos_Features_MVP_34/features_mp/val/370678413428154-NO.npy
3379662832121340-NO_flip,val,17,UNKNOWN,/content/drive/MyDrive/Kophos_Features_MVP_34/features_mp/val/3379662832121340-NO_flip.npy
4502142774562362-NO_flip,val,17,UNKNOWN,/content/drive/MyDrive/Kophos_Features_MVP_34/features_mp/val/4502142774562362-NO_flip.npy
9759987400107406-NO_flip,val,17,UNKNOWN,/content/drive/MyDrive/Kophos_Features_MVP_34/features_mp/val/9759987400107406-NO_flip.npy
1270620920530670-NO_flip,test,17,UNKNOWN,/content/drive/MyDrive/Kophos_Features_MVP_34/features_mp/test/1270620920530670-NO_flip.npy
1375143617778607-NO_flip,test,17,UNKNOWN,/content/drive/MyDrive/Kophos_Features_MVP_34/features_mp/test/1375143617778607-NO_flip.npy
8920807082520505-NO,test,17,UNKNOWN,/content/drive/MyDrive/Kophos_Features_MVP_34/features_mp/test/8920807082520505-NO.npy
2732741727030885-NO,test,17,UNKNOWN,/content/drive/MyDrive/Kophos_Features_MVP_34/features_mp/test/2732741727030885-NO.npy
1588563676420593-NO_flip,test,17,UNKNOWN,/content/drive/MyDrive/Kophos_Features_MVP_34/features_mp/test/1588563676420593-NO_flip.npy
3919396171653571-NO,test,17,UNKNOWN,/content/drive/MyDrive/Kophos_Features_MVP_34/features_mp/test/3919396171653571-NO.npy
9542027365188674-NO,test,17,UNKNOWN,/content/drive/MyDrive/Kophos_Features_MVP_34/features_mp/test/9542027365188674-NO.npy
3473549841332332-NO_flip,test,17,UNKNOWN,/content/drive/MyDrive/Kophos_Features_MVP_34/features_mp/test/3473549841332332-NO_flip.npy
7331636415860394-NO_flip,test,17,UNKNOWN,/content/drive/MyDrive/Kophos_Features_MVP_34/features_mp/test/7331636415860394-NO_flip.npy
09714329486323847-NO,test,17,UNKNOWN,/content/drive/MyDrive/Kophos_Features_MVP_34/features_mp/test/09714329486323847-NO.npy
8757916868422391-PLAY,train,18,UNKNOWN,/content/drive/MyDrive/Kophos_Features_MVP_34/features_mp/train/8757916868422391-PLAY.npy
7722190487047933-PLAY_flip,train,18,UNKNOWN,/content/drive/MyDrive/Kophos_Features_MVP_34/features_mp/train/7722190487047933-PLAY_flip.npy
2035247652647189-PLAY_flip,train,18,UNKNOWN,/content/drive/MyDrive/Kophos_Features_MVP_34/features_mp/train/2035247652647189-PLAY_flip.npy
4760511619636897-PLAY_flip,train,18,UNKNOWN,/content/drive/MyDrive/Kophos_Features_MVP_34/features_mp/train/4760511619636897-PLAY_flip.npy
9021579022118501-PLAY_flip,train,18,UNKNOWN,/content/drive/MyDrive/Kophos_Features_MVP_34/features_mp/train/9021579022118501-PLAY_flip.npy
1320112739939044-PLAY_flip,train,18,UNKNOWN,/content/drive/MyDrive/Kophos_Features_MVP_34/features_mp/train/1320112739939044-PLAY_flip.npy
3625933113381003-PLAY_flip,train,18,UNKNOWN,/content/drive/MyDrive/Kophos_Features_MVP_34/features_mp/train/3625933113381003-PLAY_flip.npy
4155265598520512-PLAY,train,18,UNKNOWN,/content/drive/MyDrive/Kophos_Features_MVP_34/features_mp/train/4155265598520512-PLAY.npy
6164515313445183-PLAY_flip,train,18,UNKNOWN,/content/drive/MyDrive/Kophos_Features_MVP_34/features_mp/train/6164515313445183-PLAY_flip.npy
5661013932933736-PLAY,train,18,UNKNOWN,/content/drive/MyDrive/Kophos_Features_MVP_34/features_mp/train/5661013932933736-PLAY.npy
2738188831230899-PLAY,train,18,UNKNOWN,/content/drive/MyDrive/Kophos_Features_MVP_34/features_mp/train/2738188831230899-PLAY.npy
7487785682153516-PLAY_flip,train,18,UNKNOWN,/content/drive/MyDrive/Kophos_Features_MVP_34/features_mp/train/7487785682153516-PLAY_flip.npy
16316522222182783-PLAY,train,18,UNKNOWN,/content/drive/MyDrive/Kophos_Features_MVP_34/features_mp/train/16316522222182783-PLAY.npy
5489734048116621-PLAY,train,18,UNKNOWN,/content/drive/MyDrive/Kophos_Features_MVP_34/features_mp/train/5489734048116621-PLAY.npy
2368009012276834-PLAY_flip,train,18,UNKNOWN,/content/drive/MyDrive/Kophos_Features_MVP_34/features_mp/train/2368009012276834-PLAY_flip.npy
5624669923723051-PLAY_flip,train,18,UNKNOWN,/content/drive/MyDrive/Kophos_Features_MVP_34/features_mp/train/5624669923723051-PLAY_flip.npy
3974625358847704-PLAY_flip,train,18,UNKNOWN,/content/drive/MyDrive/Kophos_Features_MVP_34/features_mp/train/3974625358847704-PLAY_flip.npy
8020294464280043-PLAY_flip,train,18,UNKNOWN,/content/drive/MyDrive/Kophos_Features_MVP_34/features_mp/train/8020294464280043-PLAY_flip.npy
7670854652105518-PLAY_flip,train,18,UNKNOWN,/content/drive/MyDrive/Kophos_Features_MVP_34/features_mp/train/7670854652105518-PLAY_flip.npy
9068673089516739-PLAY,train,18,UNKNOWN,/content/drive/MyDrive/Kophos_Features_MVP_34/features_mp/train/9068673089516739-PLAY.npy
2292602772976140-PLAY_flip,train,18,UNKNOWN,/content/drive/MyDrive/Kophos_Features_MVP_34/features_mp/train/2292602772976140-PLAY_flip.npy
44278724361473176-PLAY,train,18,UNKNOWN,/content/drive/MyDrive/Kophos_Features_MVP_34/features_mp/train/44278724361473176-PLAY.npy
6833845760562054-PLAY,train,18,UNKNOWN,/content/drive/MyDrive/Kophos_Features_MVP_34/features_mp/train/6833845760562054-PLAY.npy
6809492611625541-PLAY_flip,train,18,UNKNOWN,/content/drive/MyDrive/Kophos_Features_MVP_34/features_mp/train/6809492611625541-PLAY_flip.npy
49482759108353913-PLAY,train,18,UNKNOWN,/content/drive/MyDrive/Kophos_Features_MVP_34/features_mp/train/49482759108353913-PLAY.npy
7603623235018326-PLAY,train,18,UNKNOWN,/content/drive/MyDrive/Kophos_Features_MVP_34/features_mp/train/7603623235018326-PLAY.npy
7150078518286294-PLAY,train,18,UNKNOWN,/content/drive/MyDrive/Kophos_Features_MVP_34/features_mp/train/7150078518286294-PLAY.npy
9540903637993866-PLAY_flip,train,18,UNKNOWN,/content/drive/MyDrive/Kophos_Features_MVP_34/features_mp/train/9540903637993866-PLAY_flip.npy
35626491960261597-PLAY,train,18,UNKNOWN,/content/drive/MyDrive/Kophos_Features_MVP_34/features_mp/train/35626491960261597-PLAY.npy
5348552177745745-PLAY,train,18,UNKNOWN,/content/drive/MyDrive/Kophos_Features_MVP_34/features_mp/train/5348552177745745-PLAY.npy
8640071858633687-PLAY,train,18,UNKNOWN,/content/drive/MyDrive/Kophos_Features_MVP_34/features_mp/train/8640071858633687-PLAY.npy
5009290267870146-PLAY,train,18,UNKNOWN,/content/drive/MyDrive/Kophos_Features_MVP_34/features_mp/train/5009290267870146-PLAY.npy
5497783740137989-PLAY_flip,train,18,UNKNOWN,/content/drive/MyDrive/Kophos_Features_MVP_34/features_mp/train/5497783740137989-PLAY_flip.npy
7350165576269296-PLAY,train,18,UNKNOWN,/content/drive/MyDrive/Kophos_Features_MVP_34/features_mp/train/7350165576269296-PLAY.npy
3557882719723865-PLAY_flip,train,18,UNKNOWN,/content/drive/MyDrive/Kophos_Features_MVP_34/features_mp/train/3557882719723865-PLAY_flip.npy
9783217450544974-PLAY,train,18,UNKNOWN,/content/drive/MyDrive/Kophos_Features_MVP_34/features_mp/train/9783217450544974-PLAY.npy
9642385104988908-PLAY_flip,train,18,UNKNOWN,/content/drive/MyDrive/Kophos_Features_MVP_34/features_mp/train/9642385104988908-PLAY_flip.npy
337523983129415-PLAY,train,18,UNKNOWN,/content/drive/MyDrive/Kophos_Features_MVP_34/features_mp/train/337523983129415-PLAY.npy
1481848928639102-PLAY_flip,train,18,UNKNOWN,/content/drive/MyDrive/Kophos_Features_MVP_34/features_mp/train/1481848928639102-PLAY_flip.npy
4025228829872922-PLAY,train,18,UNKNOWN,/content/drive/MyDrive/Kophos_Features_MVP_34/features_mp/train/4025228829872922-PLAY.npy
8405210694686958-PLAY,train,18,UNKNOWN,/content/drive/MyDrive/Kophos_Features_MVP_34/features_mp/train/8405210694686958-PLAY.npy
4030578710201219-PLAY_flip,train,18,UNKNOWN,/content/drive/MyDrive/Kophos_Features_MVP_34/features_mp/train/4030578710201219-PLAY_flip.npy
24916699439401402-PLAY,val,18,UNKNOWN,/content/drive/MyDrive/Kophos_Features_MVP_34/features_mp/val/24916699439401402-PLAY.npy
7258536161990544-PLAY_flip,val,18,UNKNOWN,/content/drive/MyDrive/Kophos_Features_MVP_34/features_mp/val/7258536161990544-PLAY_flip.npy
5337024315762187-PLAY_flip,val,18,UNKNOWN,/content/drive/MyDrive/Kophos_Features_MVP_34/features_mp/val/5337024315762187-PLAY_flip.npy
5754294612733062-PLAY,val,18,UNKNOWN,/content/drive/MyDrive/Kophos_Features_MVP_34/features_mp/val/5754294612733062-PLAY.npy
26945880222591767-PLAY,val,18,UNKNOWN,/content/drive/MyDrive/Kophos_Features_MVP_34/features_mp/val/26945880222591767-PLAY.npy
3722337885138089-PLAY_flip,val,18,UNKNOWN,/content/drive/MyDrive/Kophos_Features_MVP_34/features_mp/val/3722337885138089-PLAY_flip.npy
5409487242370979-PLAY_flip,val,18,UNKNOWN,/content/drive/MyDrive/Kophos_Features_MVP_34/features_mp/val/5409487242370979-PLAY_flip.npy
6237314361005115-PLAY,val,18,UNKNOWN,/content/drive/MyDrive/Kophos_Features_MVP_34/features_mp/val/6237314361005115-PLAY.npy
8155545076852604-PLAY,val,18,UNKNOWN,/content/drive/MyDrive/Kophos_Features_MVP_34/features_mp/val/8155545076852604-PLAY.npy
5047039696169499-PLAY_flip,val,18,UNKNOWN,/content/drive/MyDrive/Kophos_Features_MVP_34/features_mp/val/5047039696169499-PLAY_flip.npy
7118153806073886-PLAY,test,18,UNKNOWN,/content/drive/MyDrive/Kophos_Features_MVP_34/features_mp/test/7118153806073886-PLAY.npy
18139225250054647-PLAY,test,18,UNKNOWN,/content/drive/MyDrive/Kophos_Features_MVP_34/features_mp/test/18139225250054647-PLAY.npy
9887785094089798-PLAY_flip,test,18,UNKNOWN,/content/drive/MyDrive/Kophos_Features_MVP_34/features_mp/test/9887785094089798-PLAY_flip.npy
9723096123990132-PLAY_flip,test,18,UNKNOWN,/content/drive/MyDrive/Kophos_Features_MVP_34/features_mp/test/9723096123990132-PLAY_flip.npy
5425811561466193-PLAY_flip,test,18,UNKNOWN,/content/drive/MyDrive/Kophos_Features_MVP_34/features_mp/test/5425811561466193-PLAY_flip.npy
3810103883602671-PLAY_flip,test,18,UNKNOWN,/content/drive/MyDrive/Kophos_Features_MVP_34/features_mp/test/3810103883602671-PLAY_flip.npy
5940698048588182-PLAY_flip,test,18,UNKNOWN,/content/drive/MyDrive/Kophos_Features_MVP_34/features_mp/test/5940698048588182-PLAY_flip.npy
32750601321146666-PLAY,test,18,UNKNOWN,/content/drive/MyDrive/Kophos_Features_MVP_34/features_mp/test/32750601321146666-PLAY.npy
5297020534990635-PLAY,test,18,UNKNOWN,/content/drive/MyDrive/Kophos_Features_MVP_34/features_mp/test/5297020534990635-PLAY.npy
24988642567491515-PLAY,test,18,UNKNOWN,/content/drive/MyDrive/Kophos_Features_MVP_34/features_mp/test/24988642567491515-PLAY.npy
7345331584446365-PLEASE_flip,train,19,UNKNOWN,/content/drive/MyDrive/Kophos_Features_MVP_34/features_mp/train/7345331584446365-PLEASE_flip.npy
8449958018804076-PLEASE,train,19,UNKNOWN,/content/drive/MyDrive/Kophos_Features_MVP_34/features_mp/train/8449958018804076-PLEASE.npy
7724185823576239-PLEASE_flip,train,19,UNKNOWN,/content/drive/MyDrive/Kophos_Features_MVP_34/features_mp/train/7724185823576239-PLEASE_flip.npy
8207079603326720-PLEASE_flip,train,19,UNKNOWN,/content/drive/MyDrive/Kophos_Features_MVP_34/features_mp/train/8207079603326720-PLEASE_flip.npy
95072139344285-PLEASE,train,19,UNKNOWN,/content/drive/MyDrive/Kophos_Features_MVP_34/features_mp/train/95072139344285-PLEASE.npy
5207260016610779-PLEASE_flip,train,19,UNKNOWN,/content/drive/MyDrive/Kophos_Features_MVP_34/features_mp/train/5207260016610779-PLEASE_flip.npy
8843743008149126-PLEASE_flip,train,19,UNKNOWN,/content/drive/MyDrive/Kophos_Features_MVP_34/features_mp/train/8843743008149126-PLEASE_flip.npy
5956139983741693-PLEASE,train,19,UNKNOWN,/content/drive/MyDrive/Kophos_Features_MVP_34/features_mp/train/5956139983741693-PLEASE.npy
8166852609962443-PLEASE,train,19,UNKNOWN,/content/drive/MyDrive/Kophos_Features_MVP_34/features_mp/train/8166852609962443-PLEASE.npy
4894968656505606-PLEASE_flip,train,19,UNKNOWN,/content/drive/MyDrive/Kophos_Features_MVP_34/features_mp/train/4894968656505606-PLEASE_flip.npy
1420124492767490-PLEASE_flip,train,19,UNKNOWN,/content/drive/MyDrive/Kophos_Features_MVP_34/features_mp/train/1420124492767490-PLEASE_flip.npy
42961246858695024-PLEASE,train,19,UNKNOWN,/content/drive/MyDrive/Kophos_Features_MVP_34/features_mp/train/42961246858695024-PLEASE.npy
7898386557934811-PLEASE_flip,train,19,UNKNOWN,/content/drive/MyDrive/Kophos_Features_MVP_34/features_mp/train/7898386557934811-PLEASE_flip.npy
2645978999540632-PLEASE_flip,train,19,UNKNOWN,/content/drive/MyDrive/Kophos_Features_MVP_34/features_mp/train/2645978999540632-PLEASE_flip.npy
6838886758860466-PLEASE_flip,train,19,UNKNOWN,/content/drive/MyDrive/Kophos_Features_MVP_34/features_mp/train/6838886758860466-PLEASE_flip.npy
05859480723249688-PLEASE,train,19,UNKNOWN,/content/drive/MyDrive/Kophos_Features_MVP_34/features_mp/train/05859480723249688-PLEASE.npy
6936039479099299-PLEASE,train,19,UNKNOWN,/content/drive/MyDrive/Kophos_Features_MVP_34/features_mp/train/6936039479099299-PLEASE.npy
8069179749693526-PLEASE_flip,train,19,UNKNOWN,/content/drive/MyDrive/Kophos_Features_MVP_34/features_mp/train/8069179749693526-PLEASE_flip.npy
4669434241524618-PLEASE_flip,train,19,UNKNOWN,/content/drive/MyDrive/Kophos_Features_MVP_34/features_mp/train/4669434241524618-PLEASE_flip.npy
5243202695524977-PLEASE_flip,train,19,UNKNOWN,/content/drive/MyDrive/Kophos_Features_MVP_34/features_mp/train/5243202695524977-PLEASE_flip.npy
44272136216354463-PLEASE,train,19,UNKNOWN,/content/drive/MyDrive/Kophos_Features_MVP_34/features_mp/train/44272136216354463-PLEASE.npy
5305284657006966-PLEASE,train,19,UNKNOWN,/content/drive/MyDrive/Kophos_Features_MVP_34/features_mp/train/5305284657006966-PLEASE.npy
9564698745313554-PLEASE_flip,train,19,UNKNOWN,/content/drive/MyDrive/Kophos_Features_MVP_34/features_mp/train/9564698745313554-PLEASE_flip.npy
1558027525961621-PLEASE_flip,train,19,UNKNOWN,/content/drive/MyDrive/Kophos_Features_MVP_34/features_mp/train/1558027525961621-PLEASE_flip.npy
49277089703101806-PLEASE,train,19,UNKNOWN,/content/drive/MyDrive/Kophos_Features_MVP_34/features_mp/train/49277089703101806-PLEASE.npy
5042323343464843-PLEASE,train,19,UNKNOWN,/content/drive/MyDrive/Kophos_Features_MVP_34/features_mp/train/5042323343464843-PLEASE.npy
7938004115629801-PLEASE_flip,train,19,UNKNOWN,/content/drive/MyDrive/Kophos_Features_MVP_34/features_mp/train/7938004115629801-PLEASE_flip.npy
7315727436787696-PLEASE,train,19,UNKNOWN,/content/drive/MyDrive/Kophos_Features_MVP_34/features_mp/train/7315727436787696-PLEASE.npy
9960146118001314-PLEASE,train,19,UNKNOWN,/content/drive/MyDrive/Kophos_Features_MVP_34/features_mp/train/9960146118001314-PLEASE.npy
7848313534906113-PLEASE_flip,train,19,UNKNOWN,/content/drive/MyDrive/Kophos_Features_MVP_34/features_mp/train/7848313534906113-PLEASE_flip.npy
9117047483562963-PLEASE,train,19,UNKNOWN,/content/drive/MyDrive/Kophos_Features_MVP_34/features_mp/train/9117047483562963-PLEASE.npy
1267839668176281-PLEASE_flip,train,19,UNKNOWN,/content/drive/MyDrive/Kophos_Features_MVP_34/features_mp/train/1267839668176281-PLEASE_flip.npy
3102582386948972-PLEASE_flip,train,19,UNKNOWN,/content/drive/MyDrive/Kophos_Features_MVP_34/features_mp/train/3102582386948972-PLEASE_flip.npy
43778843855311433-PLEASE,train,19,UNKNOWN,/content/drive/MyDrive/Kophos_Features_MVP_34/features_mp/train/43778843855311433-PLEASE.npy
4782730717831809-PLEASE,train,19,UNKNOWN,/content/drive/MyDrive/Kophos_Features_MVP_34/features_mp/train/4782730717831809-PLEASE.npy
9697873113607589-PLEASE,train,19,UNKNOWN,/content/drive/MyDrive/Kophos_Features_MVP_34/features_mp/train/9697873113607589-PLEASE.npy
583219774394824-PLEASE,train,19,UNKNOWN,/content/drive/MyDrive/Kophos_Features_MVP_34/features_mp/train/583219774394824-PLEASE.npy
1219568645793333-PLEASE_flip,train,19,UNKNOWN,/content/drive/MyDrive/Kophos_Features_MVP_34/features_mp/train/1219568645793333-PLEASE_flip.npy
31545854783740124-PLEASE,train,19,UNKNOWN,/content/drive/MyDrive/Kophos_Features_MVP_34/features_mp/train/31545854783740124-PLEASE.npy
3584447878251358-PLEASE,train,19,UNKNOWN,/content/drive/MyDrive/Kophos_Features_MVP_34/features_mp/train/3584447878251358-PLEASE.npy
5456442720718721-PLEASE_flip,train,19,UNKNOWN,/content/drive/MyDrive/Kophos_Features_MVP_34/features_mp/train/5456442720718721-PLEASE_flip.npy
11854818371036102-PLEASE,train,19,UNKNOWN,/content/drive/MyDrive/Kophos_Features_MVP_34/features_mp/train/11854818371036102-PLEASE.npy
3987886673811478-PLEASE_flip,val,19,UNKNOWN,/content/drive/MyDrive/Kophos_Features_MVP_34/features_mp/val/3987886673811478-PLEASE_flip.npy
04515307711600891-PLEASE,val,19,UNKNOWN,/content/drive/MyDrive/Kophos_Features_MVP_34/features_mp/val/04515307711600891-PLEASE.npy
6400788027798874-PLEASE,val,19,UNKNOWN,/content/drive/MyDrive/Kophos_Features_MVP_34/features_mp/val/6400788027798874-PLEASE.npy
9612344511065132-PLEASE_flip,val,19,UNKNOWN,/content/drive/MyDrive/Kophos_Features_MVP_34/features_mp/val/9612344511065132-PLEASE_flip.npy
6349610324337121-PLEASE_flip,val,19,UNKNOWN,/content/drive/MyDrive/Kophos_Features_MVP_34/features_mp/val/6349610324337121-PLEASE_flip.npy
9168751898024324-PLEASE_flip,val,19,UNKNOWN,/content/drive/MyDrive/Kophos_Features_MVP_34/features_mp/val/9168751898024324-PLEASE_flip.npy
9004431867747704-PLEASE,val,19,UNKNOWN,/content/drive/MyDrive/Kophos_Features_MVP_34/features_mp/val/9004431867747704-PLEASE.npy
8835822739071177-PLEASE,val,19,UNKNOWN,/content/drive/MyDrive/Kophos_Features_MVP_34/features_mp/val/8835822739071177-PLEASE.npy
9590045625827504-PLEASE_flip,test,19,UNKNOWN,/content/drive/MyDrive/Kophos_Features_MVP_34/features_mp/test/9590045625827504-PLEASE_flip.npy
3030890113169220-PLEASE_flip,test,19,UNKNOWN,/content/drive/MyDrive/Kophos_Features_MVP_34/features_mp/test/3030890113169220-PLEASE_flip.npy
8801721942460268-PLEASE,test,19,UNKNOWN,/content/drive/MyDrive/Kophos_Features_MVP_34/features_mp/test/8801721942460268-PLEASE.npy
2995994996247810-PLEASE_flip,test,19,UNKNOWN,/content/drive/MyDrive/Kophos_Features_MVP_34/features_mp/test/2995994996247810-PLEASE_flip.npy
5660112157776246-PLEASE_flip,test,19,UNKNOWN,/content/drive/MyDrive/Kophos_Features_MVP_34/features_mp/test/5660112157776246-PLEASE_flip.npy
18053723532999788-PLEASE,test,19,UNKNOWN,/content/drive/MyDrive/Kophos_Features_MVP_34/features_mp/test/18053723532999788-PLEASE.npy
6330094542104612-PLEASE,test,19,UNKNOWN,/content/drive/MyDrive/Kophos_Features_MVP_34/features_mp/test/6330094542104612-PLEASE.npy
4096147054343935-PLEASE,test,19,UNKNOWN,/content/drive/MyDrive/Kophos_Features_MVP_34/features_mp/test/4096147054343935-PLEASE.npy
7328260605453549-PLEASE,test,19,UNKNOWN,/content/drive/MyDrive/Kophos_Features_MVP_34/features_mp/test/7328260605453549-PLEASE.npy
9039830767401224-PLEASE_flip,test,19,UNKNOWN,/content/drive/MyDrive/Kophos_Features_MVP_34/features_mp/test/9039830767401224-PLEASE_flip.npy
8549408059799965-READ_flip,train,20,UNKNOWN,/content/drive/MyDrive/Kophos_Features_MVP_34/features_mp/train/8549408059799965-READ_flip.npy
11695712459013086-READ,train,20,UNKNOWN,/content/drive/MyDrive/Kophos_Features_MVP_34/features_mp/train/11695712459013086-READ.npy
9240465949799954-READ_flip,train,20,UNKNOWN,/content/drive/MyDrive/Kophos_Features_MVP_34/features_mp/train/9240465949799954-READ_flip.npy
07495102384627716-READ,train,20,UNKNOWN,/content/drive/MyDrive/Kophos_Features_MVP_34/features_mp/train/07495102384627716-READ.npy
5063489682021265-READ_flip,train,20,UNKNOWN,/content/drive/MyDrive/Kophos_Features_MVP_34/features_mp/train/5063489682021265-READ_flip.npy
2348757758175055-READ_flip,train,20,UNKNOWN,/content/drive/MyDrive/Kophos_Features_MVP_34/features_mp/train/2348757758175055-READ_flip.npy
039314365088337855-READ,train,20,UNKNOWN,/content/drive/MyDrive/Kophos_Features_MVP_34/features_mp/train/039314365088337855-READ.npy
8156740964285663-READ,train,20,UNKNOWN,/content/drive/MyDrive/Kophos_Features_MVP_34/features_mp/train/8156740964285663-READ.npy
25413373086933655-READ,train,20,UNKNOWN,/content/drive/MyDrive/Kophos_Features_MVP_34/features_mp/train/25413373086933655-READ.npy
1053078943421428-READ_flip,train,20,UNKNOWN,/content/drive/MyDrive/Kophos_Features_MVP_34/features_mp/train/1053078943421428-READ_flip.npy
8875328482884520-READ_flip,train,20,UNKNOWN,/content/drive/MyDrive/Kophos_Features_MVP_34/features_mp/train/8875328482884520-READ_flip.npy
825397870603666-READ,train,20,UNKNOWN,/content/drive/MyDrive/Kophos_Features_MVP_34/features_mp/train/825397870603666-READ.npy
6912092976295322-READ_flip,train,20,UNKNOWN,/content/drive/MyDrive/Kophos_Features_MVP_34/features_mp/train/6912092976295322-READ_flip.npy
5535325528171982-READ_flip,train,20,UNKNOWN,/content/drive/MyDrive/Kophos_Features_MVP_34/features_mp/train/5535325528171982-READ_flip.npy
3423137976642254-READ_flip,train,20,UNKNOWN,/content/drive/MyDrive/Kophos_Features_MVP_34/features_mp/train/3423137976642254-READ_flip.npy
6587650480475413-READ_flip,train,20,UNKNOWN,/content/drive/MyDrive/Kophos_Features_MVP_34/features_mp/train/6587650480475413-READ_flip.npy
3363898293845027-READ,train,20,UNKNOWN,/content/drive/MyDrive/Kophos_Features_MVP_34/features_mp/train/3363898293845027-READ.npy
9462911879524233-READ_flip,train,20,UNKNOWN,/content/drive/MyDrive/Kophos_Features_MVP_34/features_mp/train/9462911879524233-READ_flip.npy
9962526929135627-READ,train,20,UNKNOWN,/content/drive/MyDrive/Kophos_Features_MVP_34/features_mp/train/9962526929135627-READ.npy
49657630896098426-READ,train,20,UNKNOWN,/content/drive/MyDrive/Kophos_Features_MVP_34/features_mp/train/49657630896098426-READ.npy
4961492054695728-READ_flip,train,20,UNKNOWN,/content/drive/MyDrive/Kophos_Features_MVP_34/features_mp/train/4961492054695728-READ_flip.npy
07700895767889127-READ,train,20,UNKNOWN,/content/drive/MyDrive/Kophos_Features_MVP_34/features_mp/train/07700895767889127-READ.npy
8768187111328801-READ_flip,train,20,UNKNOWN,/content/drive/MyDrive/Kophos_Features_MVP_34/features_mp/train/8768187111328801-READ_flip.npy
5920622516012328-READ_flip,train,20,UNKNOWN,/content/drive/MyDrive/Kophos_Features_MVP_34/features_mp/train/5920622516012328-READ_flip.npy
06836612476374282-READ,train,20,UNKNOWN,/content/drive/MyDrive/Kophos_Features_MVP_34/features_mp/train/06836612476374282-READ.npy
8703954060284524-READ,train,20,UNKNOWN,/content/drive/MyDrive/Kophos_Features_MVP_34/features_mp/train/8703954060284524-READ.npy
8783141596882231-READ_flip,train,20,UNKNOWN,/content/drive/MyDrive/Kophos_Features_MVP_34/features_mp/train/8783141596882231-READ_flip.npy
5825680019154595-READ_flip,train,20,UNKNOWN,/content/drive/MyDrive/Kophos_Features_MVP_34/features_mp/train/5825680019154595-READ_flip.npy
8679847374335452-READ,train,20,UNKNOWN,/content/drive/MyDrive/Kophos_Features_MVP_34/features_mp/train/8679847374335452-READ.npy
2666345489069475-READ_flip,train,20,UNKNOWN,/content/drive/MyDrive/Kophos_Features_MVP_34/features_mp/train/2666345489069475-READ_flip.npy
6919794334027715-READ_flip,train,20,UNKNOWN,/content/drive/MyDrive/Kophos_Features_MVP_34/features_mp/train/6919794334027715-READ_flip.npy
6013462323405956-READ,train,20,UNKNOWN,/content/drive/MyDrive/Kophos_Features_MVP_34/features_mp/train/6013462323405956-READ.npy
3372554058959365-READ,train,20,UNKNOWN,/content/drive/MyDrive/Kophos_Features_MVP_34/features_mp/train/3372554058959365-READ.npy
2866555978459119-READ_flip,train,20,UNKNOWN,/content/drive/MyDrive/Kophos_Features_MVP_34/features_mp/train/2866555978459119-READ_flip.npy
2401411998710149-READ_flip,train,20,UNKNOWN,/content/drive/MyDrive/Kophos_Features_MVP_34/features_mp/train/2401411998710149-READ_flip.npy
4735139775623184-READ_flip,train,20,UNKNOWN,/content/drive/MyDrive/Kophos_Features_MVP_34/features_mp/train/4735139775623184-READ_flip.npy
9348890850178846-READ_flip,train,20,UNKNOWN,/content/drive/MyDrive/Kophos_Features_MVP_34/features_mp/train/9348890850178846-READ_flip.npy
9985068116144047-READ,train,20,UNKNOWN,/content/drive/MyDrive/Kophos_Features_MVP_34/features_mp/train/9985068116144047-READ.npy
4987877793443739-READ_flip,train,20,UNKNOWN,/content/drive/MyDrive/Kophos_Features_MVP_34/features_mp/train/4987877793443739-READ_flip.npy
5998931523098313-READ_flip,train,20,UNKNOWN,/content/drive/MyDrive/Kophos_Features_MVP_34/features_mp/train/5998931523098313-READ_flip.npy
9480580549313959-READ,train,20,UNKNOWN,/content/drive/MyDrive/Kophos_Features_MVP_34/features_mp/train/9480580549313959-READ.npy
3371488705716805-READ_flip,train,20,UNKNOWN,/content/drive/MyDrive/Kophos_Features_MVP_34/features_mp/train/3371488705716805-READ_flip.npy
1930762773658538-READ_flip,train,20,UNKNOWN,/content/drive/MyDrive/Kophos_Features_MVP_34/features_mp/train/1930762773658538-READ_flip.npy
9369486890669371-READ_flip,train,20,UNKNOWN,/content/drive/MyDrive/Kophos_Features_MVP_34/features_mp/train/9369486890669371-READ_flip.npy
6048966880322259-READ_flip,train,20,UNKNOWN,/content/drive/MyDrive/Kophos_Features_MVP_34/features_mp/train/6048966880322259-READ_flip.npy
486521679239563-READ,train,20,UNKNOWN,/content/drive/MyDrive/Kophos_Features_MVP_34/features_mp/train/486521679239563-READ.npy
6971578272827459-READ_flip,train,20,UNKNOWN,/content/drive/MyDrive/Kophos_Features_MVP_34/features_mp/train/6971578272827459-READ_flip.npy
920002573608864-READ,train,20,UNKNOWN,/content/drive/MyDrive/Kophos_Features_MVP_34/features_mp/train/920002573608864-READ.npy
5316414845028453-READ_flip,train,20,UNKNOWN,/content/drive/MyDrive/Kophos_Features_MVP_34/features_mp/train/5316414845028453-READ_flip.npy
9230578255548064-READ_flip,train,20,UNKNOWN,/content/drive/MyDrive/Kophos_Features_MVP_34/features_mp/train/9230578255548064-READ_flip.npy
9292462871011883-READ_flip,train,20,UNKNOWN,/content/drive/MyDrive/Kophos_Features_MVP_34/features_mp/train/9292462871011883-READ_flip.npy
9493723591699597-READ_flip,train,20,UNKNOWN,/content/drive/MyDrive/Kophos_Features_MVP_34/features_mp/train/9493723591699597-READ_flip.npy
21828575560875674-READ,train,20,UNKNOWN,/content/drive/MyDrive/Kophos_Features_MVP_34/features_mp/train/21828575560875674-READ.npy
2291826324522031-READ_flip,train,20,UNKNOWN,/content/drive/MyDrive/Kophos_Features_MVP_34/features_mp/train/2291826324522031-READ_flip.npy
8239000292030016-READ_flip,train,20,UNKNOWN,/content/drive/MyDrive/Kophos_Features_MVP_34/features_mp/train/8239000292030016-READ_flip.npy
2722905167029109-READ_flip,train,20,UNKNOWN,/content/drive/MyDrive/Kophos_Features_MVP_34/features_mp/train/2722905167029109-READ_flip.npy
8289268514177518-READ_flip,train,20,UNKNOWN,/content/drive/MyDrive/Kophos_Features_MVP_34/features_mp/train/8289268514177518-READ_flip.npy
1073306812961588-READ_flip,train,20,UNKNOWN,/content/drive/MyDrive/Kophos_Features_MVP_34/features_mp/train/1073306812961588-READ_flip.npy
8430740111731975-READ_flip,train,20,UNKNOWN,/content/drive/MyDrive/Kophos_Features_MVP_34/features_mp/train/8430740111731975-READ_flip.npy
9407731277990181-READ_flip,train,20,UNKNOWN,/content/drive/MyDrive/Kophos_Features_MVP_34/features_mp/train/9407731277990181-READ_flip.npy
3100750635869403-READ_flip,train,20,UNKNOWN,/content/drive/MyDrive/Kophos_Features_MVP_34/features_mp/train/3100750635869403-READ_flip.npy
8384181897921031-READ_flip,train,20,UNKNOWN,/content/drive/MyDrive/Kophos_Features_MVP_34/features_mp/train/8384181897921031-READ_flip.npy
4694492768500816-READ_flip,train,20,UNKNOWN,/content/drive/MyDrive/Kophos_Features_MVP_34/features_mp/train/4694492768500816-READ_flip.npy
9629079342867501-READ,train,20,UNKNOWN,/content/drive/MyDrive/Kophos_Features_MVP_34/features_mp/train/9629079342867501-READ.npy
6926780896682358-READ_flip,train,20,UNKNOWN,/content/drive/MyDrive/Kophos_Features_MVP_34/features_mp/train/6926780896682358-READ_flip.npy
1425121497416974-READ_flip,train,20,UNKNOWN,/content/drive/MyDrive/Kophos_Features_MVP_34/features_mp/train/1425121497416974-READ_flip.npy
2620758091440192-READ_flip,train,20,UNKNOWN,/content/drive/MyDrive/Kophos_Features_MVP_34/features_mp/train/2620758091440192-READ_flip.npy
6234583596540304-READ_flip,train,20,UNKNOWN,/content/drive/MyDrive/Kophos_Features_MVP_34/features_mp/train/6234583596540304-READ_flip.npy
7421587518619313-READ_flip,train,20,UNKNOWN,/content/drive/MyDrive/Kophos_Features_MVP_34/features_mp/train/7421587518619313-READ_flip.npy
4103900407521166-READ,train,20,UNKNOWN,/content/drive/MyDrive/Kophos_Features_MVP_34/features_mp/train/4103900407521166-READ.npy
2460302706857091-READ_flip,train,20,UNKNOWN,/content/drive/MyDrive/Kophos_Features_MVP_34/features_mp/train/2460302706857091-READ_flip.npy
44835657742775226-READ,train,20,UNKNOWN,/content/drive/MyDrive/Kophos_Features_MVP_34/features_mp/train/44835657742775226-READ.npy
6184295579650462-READ_flip,val,20,UNKNOWN,/content/drive/MyDrive/Kophos_Features_MVP_34/features_mp/val/6184295579650462-READ_flip.npy
4124339150496943-READ,val,20,UNKNOWN,/content/drive/MyDrive/Kophos_Features_MVP_34/features_mp/val/4124339150496943-READ.npy
4760820413716143-READ_flip,val,20,UNKNOWN,/content/drive/MyDrive/Kophos_Features_MVP_34/features_mp/val/4760820413716143-READ_flip.npy
4398738790452909-READ_flip,val,20,UNKNOWN,/content/drive/MyDrive/Kophos_Features_MVP_34/features_mp/val/4398738790452909-READ_flip.npy
1078639615409693-READ_flip,val,20,UNKNOWN,/content/drive/MyDrive/Kophos_Features_MVP_34/features_mp/val/1078639615409693-READ_flip.npy
10439418782525745-READ,val,20,UNKNOWN,/content/drive/MyDrive/Kophos_Features_MVP_34/features_mp/val/10439418782525745-READ.npy
6024023486827315-READ,val,20,UNKNOWN,/content/drive/MyDrive/Kophos_Features_MVP_34/features_mp/val/6024023486827315-READ.npy
05214904253811725-READ,val,20,UNKNOWN,/content/drive/MyDrive/Kophos_Features_MVP_34/features_mp/val/05214904253811725-READ.npy
5471170729843933-READ,val,20,UNKNOWN,/content/drive/MyDrive/Kophos_Features_MVP_34/features_mp/val/5471170729843933-READ.npy
7179257483743249-READ,test,20,UNKNOWN,/content/drive/MyDrive/Kophos_Features_MVP_34/features_mp/test/7179257483743249-READ.npy
9744124809578848-READ_flip,test,20,UNKNOWN,/content/drive/MyDrive/Kophos_Features_MVP_34/features_mp/test/9744124809578848-READ_flip.npy
6381459819630128-READ_flip,test,20,UNKNOWN,/content/drive/MyDrive/Kophos_Features_MVP_34/features_mp/test/6381459819630128-READ_flip.npy
5229793250490411-READ_flip,test,20,UNKNOWN,/content/drive/MyDrive/Kophos_Features_MVP_34/features_mp/test/5229793250490411-READ_flip.npy
6962799535739700-READ_flip,test,20,UNKNOWN,/content/drive/MyDrive/Kophos_Features_MVP_34/features_mp/test/6962799535739700-READ_flip.npy
4180704642985019-READ_flip,test,20,UNKNOWN,/content/drive/MyDrive/Kophos_Features_MVP_34/features_mp/test/4180704642985019-READ_flip.npy
9446698811147057-READ_flip,test,20,UNKNOWN,/content/drive/MyDrive/Kophos_Features_MVP_34/features_mp/test/9446698811147057-READ_flip.npy
3751639377408751-READ_flip,test,20,UNKNOWN,/content/drive/MyDrive/Kophos_Features_MVP_34/features_mp/test/3751639377408751-READ_flip.npy
6264899046227357-READ,test,20,UNKNOWN,/content/drive/MyDrive/Kophos_Features_MVP_34/features_mp/test/6264899046227357-READ.npy
6653518684429025-SHOW_flip,train,21,UNKNOWN,/content/drive/MyDrive/Kophos_Features_MVP_34/features_mp/train/6653518684429025-SHOW_flip.npy
2951892304801858-SHOW_flip,train,21,UNKNOWN,/content/drive/MyDrive/Kophos_Features_MVP_34/features_mp/train/2951892304801858-SHOW_flip.npy
392526939154934-SHOW,train,21,UNKNOWN,/content/drive/MyDrive/Kophos_Features_MVP_34/features_mp/train/392526939154934-SHOW.npy
7953768513215604-SHOW_flip,train,21,UNKNOWN,/content/drive/MyDrive/Kophos_Features_MVP_34/features_mp/train/7953768513215604-SHOW_flip.npy
8749819123600146-SHOW_flip,train,21,UNKNOWN,/content/drive/MyDrive/Kophos_Features_MVP_34/features_mp/train/8749819123600146-SHOW_flip.npy
5730378232143578-SHOW,train,21,UNKNOWN,/content/drive/MyDrive/Kophos_Features_MVP_34/features_mp/train/5730378232143578-SHOW.npy
22977877961428916-SHOW,train,21,UNKNOWN,/content/drive/MyDrive/Kophos_Features_MVP_34/features_mp/train/22977877961428916-SHOW.npy
6149915875733166-SHOW_flip,train,21,UNKNOWN,/content/drive/MyDrive/Kophos_Features_MVP_34/features_mp/train/6149915875733166-SHOW_flip.npy
9927858749370409-SHOW_flip,train,21,UNKNOWN,/content/drive/MyDrive/Kophos_Features_MVP_34/features_mp/train/9927858749370409-SHOW_flip.npy
7008978533941530-SHOW_flip,train,21,UNKNOWN,/content/drive/MyDrive/Kophos_Features_MVP_34/features_mp/train/7008978533941530-SHOW_flip.npy
8725106492066892-SHOW,train,21,UNKNOWN,/content/drive/MyDrive/Kophos_Features_MVP_34/features_mp/train/8725106492066892-SHOW.npy
7533095372634396-SHOW_flip,train,21,UNKNOWN,/content/drive/MyDrive/Kophos_Features_MVP_34/features_mp/train/7533095372634396-SHOW_flip.npy
11889140444825674-SHOW,train,21,UNKNOWN,/content/drive/MyDrive/Kophos_Features_MVP_34/features_mp/train/11889140444825674-SHOW.npy
6574144734991056-SHOW,train,21,UNKNOWN,/content/drive/MyDrive/Kophos_Features_MVP_34/features_mp/train/6574144734991056-SHOW.npy
23498393550327323-SHOW,train,21,UNKNOWN,/content/drive/MyDrive/Kophos_Features_MVP_34/features_mp/train/23498393550327323-SHOW.npy
4570422523366495-SHOW,train,21,UNKNOWN,/content/drive/MyDrive/Kophos_Features_MVP_34/features_mp/train/4570422523366495-SHOW.npy
7254792418208131-SHOW,train,21,UNKNOWN,/content/drive/MyDrive/Kophos_Features_MVP_34/features_mp/train/7254792418208131-SHOW.npy
6150891574066981-SHOW_flip,train,21,UNKNOWN,/content/drive/MyDrive/Kophos_Features_MVP_34/features_mp/train/6150891574066981-SHOW_flip.npy
1347757369455536-SHOW_flip,train,21,UNKNOWN,/content/drive/MyDrive/Kophos_Features_MVP_34/features_mp/train/1347757369455536-SHOW_flip.npy
20298892697180704-SHOW,train,21,UNKNOWN,/content/drive/MyDrive/Kophos_Features_MVP_34/features_mp/train/20298892697180704-SHOW.npy
5285265384047099-SHOW_flip,train,21,UNKNOWN,/content/drive/MyDrive/Kophos_Features_MVP_34/features_mp/train/5285265384047099-SHOW_flip.npy
2864028570427184-SHOW_flip,train,21,UNKNOWN,/content/drive/MyDrive/Kophos_Features_MVP_34/features_mp/train/2864028570427184-SHOW_flip.npy
9249328106937601-SHOW_flip,train,21,UNKNOWN,/content/drive/MyDrive/Kophos_Features_MVP_34/features_mp/train/9249328106937601-SHOW_flip.npy
3136627456151221-SHOW_flip,train,21,UNKNOWN,/content/drive/MyDrive/Kophos_Features_MVP_34/features_mp/train/3136627456151221-SHOW_flip.npy
9767558884280662-SHOW_flip,train,21,UNKNOWN,/content/drive/MyDrive/Kophos_Features_MVP_34/features_mp/train/9767558884280662-SHOW_flip.npy
3486813814799890-SHOW_flip,train,21,UNKNOWN,/content/drive/MyDrive/Kophos_Features_MVP_34/features_mp/train/3486813814799890-SHOW_flip.npy
7295216429068679-SHOW_flip,train,21,UNKNOWN,/content/drive/MyDrive/Kophos_Features_MVP_34/features_mp/train/7295216429068679-SHOW_flip.npy
7601306530731727-SHOW_flip,train,21,UNKNOWN,/content/drive/MyDrive/Kophos_Features_MVP_34/features_mp/train/7601306530731727-SHOW_flip.npy
2673092559841500-SHOW_flip,train,21,UNKNOWN,/content/drive/MyDrive/Kophos_Features_MVP_34/features_mp/train/2673092559841500-SHOW_flip.npy
1861894706552572-SHOW_flip,train,21,UNKNOWN,/content/drive/MyDrive/Kophos_Features_MVP_34/features_mp/train/1861894706552572-SHOW_flip.npy
8160017128861751-SHOW_flip,train,21,UNKNOWN,/content/drive/MyDrive/Kophos_Features_MVP_34/features_mp/train/8160017128861751-SHOW_flip.npy
7494505629603148-SHOW_flip,train,21,UNKNOWN,/content/drive/MyDrive/Kophos_Features_MVP_34/features_mp/train/7494505629603148-SHOW_flip.npy
1517939769059558-SHOW_flip,train,21,UNKNOWN,/content/drive/MyDrive/Kophos_Features_MVP_34/features_mp/train/1517939769059558-SHOW_flip.npy
22206095570444595-SHOW,train,21,UNKNOWN,/content/drive/MyDrive/Kophos_Features_MVP_34/features_mp/train/22206095570444595-SHOW.npy
5665911030039517-SHOW,train,21,UNKNOWN,/content/drive/MyDrive/Kophos_Features_MVP_34/features_mp/train/5665911030039517-SHOW.npy
8715318920527459-SHOW_flip,train,21,UNKNOWN,/content/drive/MyDrive/Kophos_Features_MVP_34/features_mp/train/8715318920527459-SHOW_flip.npy
3815988679943204-SHOW_flip,train,21,UNKNOWN,/content/drive/MyDrive/Kophos_Features_MVP_34/features_mp/train/3815988679943204-SHOW_flip.npy
2777784847144027-SHOW,train,21,UNKNOWN,/content/drive/MyDrive/Kophos_Features_MVP_34/features_mp/train/2777784847144027-SHOW.npy
2996920797274746-SHOW_flip,train,21,UNKNOWN,/content/drive/MyDrive/Kophos_Features_MVP_34/features_mp/train/2996920797274746-SHOW_flip.npy
4377676659779459-SHOW_flip,train,21,UNKNOWN,/content/drive/MyDrive/Kophos_Features_MVP_34/features_mp/train/4377676659779459-SHOW_flip.npy
8066288865216531-SHOW,train,21,UNKNOWN,/content/drive/MyDrive/Kophos_Features_MVP_34/features_mp/train/8066288865216531-SHOW.npy
4533927964701037-SHOW_flip,train,21,UNKNOWN,/content/drive/MyDrive/Kophos_Features_MVP_34/features_mp/train/4533927964701037-SHOW_flip.npy
6938338914033659-SHOW,train,21,UNKNOWN,/content/drive/MyDrive/Kophos_Features_MVP_34/features_mp/train/6938338914033659-SHOW.npy
2495517523756168-SHOW_flip,train,21,UNKNOWN,/content/drive/MyDrive/Kophos_Features_MVP_34/features_mp/train/2495517523756168-SHOW_flip.npy
8831371333313696-SHOW_flip,train,21,UNKNOWN,/content/drive/MyDrive/Kophos_Features_MVP_34/features_mp/train/8831371333313696-SHOW_flip.npy
7661574386097922-SHOW,train,21,UNKNOWN,/content/drive/MyDrive/Kophos_Features_MVP_34/features_mp/train/7661574386097922-SHOW.npy
4385320732056929-SHOW_flip,train,21,UNKNOWN,/content/drive/MyDrive/Kophos_Features_MVP_34/features_mp/train/4385320732056929-SHOW_flip.npy
5874260647139629-SHOW,train,21,UNKNOWN,/content/drive/MyDrive/Kophos_Features_MVP_34/features_mp/train/5874260647139629-SHOW.npy
4586425708304669-SHOW,train,21,UNKNOWN,/content/drive/MyDrive/Kophos_Features_MVP_34/features_mp/train/4586425708304669-SHOW.npy
7363889313214876-SHOW_flip,train,21,UNKNOWN,/content/drive/MyDrive/Kophos_Features_MVP_34/features_mp/train/7363889313214876-SHOW_flip.npy
5217260134052051-SHOW_flip,train,21,UNKNOWN,/content/drive/MyDrive/Kophos_Features_MVP_34/features_mp/train/5217260134052051-SHOW_flip.npy
5137435860425557-SHOW_flip,train,21,UNKNOWN,/content/drive/MyDrive/Kophos_Features_MVP_34/features_mp/train/5137435860425557-SHOW_flip.npy
4431314106265436-SHOW_flip,train,21,UNKNOWN,/content/drive/MyDrive/Kophos_Features_MVP_34/features_mp/train/4431314106265436-SHOW_flip.npy
042108112572596834-SHOW,train,21,UNKNOWN,/content/drive/MyDrive/Kophos_Features_MVP_34/features_mp/train/042108112572596834-SHOW.npy
8811272572609561-SHOW_flip,train,21,UNKNOWN,/content/drive/MyDrive/Kophos_Features_MVP_34/features_mp/train/8811272572609561-SHOW_flip.npy
5766369796108611-SHOW_flip,train,21,UNKNOWN,/content/drive/MyDrive/Kophos_Features_MVP_34/features_mp/train/5766369796108611-SHOW_flip.npy
9351731569091157-SHOW,train,21,UNKNOWN,/content/drive/MyDrive/Kophos_Features_MVP_34/features_mp/train/9351731569091157-SHOW.npy
6257757646279943-SHOW_flip,train,21,UNKNOWN,/content/drive/MyDrive/Kophos_Features_MVP_34/features_mp/train/6257757646279943-SHOW_flip.npy
8280956260005178-SHOW_flip,train,21,UNKNOWN,/content/drive/MyDrive/Kophos_Features_MVP_34/features_mp/train/8280956260005178-SHOW_flip.npy
4735262621167744-SHOW,train,21,UNKNOWN,/content/drive/MyDrive/Kophos_Features_MVP_34/features_mp/train/4735262621167744-SHOW.npy
13885945719859394-SHOW,train,21,UNKNOWN,/content/drive/MyDrive/Kophos_Features_MVP_34/features_mp/train/13885945719859394-SHOW.npy
8740335084795950-SHOW_flip,train,21,UNKNOWN,/content/drive/MyDrive/Kophos_Features_MVP_34/features_mp/train/8740335084795950-SHOW_flip.npy
6337275132687289-SHOW_flip,train,21,UNKNOWN,/content/drive/MyDrive/Kophos_Features_MVP_34/features_mp/train/6337275132687289-SHOW_flip.npy
8783941012502353-SHOW_flip,train,21,UNKNOWN,/content/drive/MyDrive/Kophos_Features_MVP_34/features_mp/train/8783941012502353-SHOW_flip.npy
5395219513651961-SHOW,val,21,UNKNOWN,/content/drive/MyDrive/Kophos_Features_MVP_34/features_mp/val/5395219513651961-SHOW.npy
5638884516081213-SHOW,val,21,UNKNOWN,/content/drive/MyDrive/Kophos_Features_MVP_34/features_mp/val/5638884516081213-SHOW.npy
4264648485314408-SHOW_flip,val,21,UNKNOWN,/content/drive/MyDrive/Kophos_Features_MVP_34/features_mp/val/4264648485314408-SHOW_flip.npy
3036792187032147-SHOW_flip,val,21,UNKNOWN,/content/drive/MyDrive/Kophos_Features_MVP_34/features_mp/val/3036792187032147-SHOW_flip.npy
4738262101784087-SHOW_flip,val,21,UNKNOWN,/content/drive/MyDrive/Kophos_Features_MVP_34/features_mp/val/4738262101784087-SHOW_flip.npy
5954205978874077-SHOW_flip,val,21,UNKNOWN,/content/drive/MyDrive/Kophos_Features_MVP_34/features_mp/val/5954205978874077-SHOW_flip.npy
6994576371024703-SHOW_flip,val,21,UNKNOWN,/content/drive/MyDrive/Kophos_Features_MVP_34/features_mp/val/6994576371024703-SHOW_flip.npy
4311474210443337-SHOW_flip,val,21,UNKNOWN,/content/drive/MyDrive/Kophos_Features_MVP_34/features_mp/val/4311474210443337-SHOW_flip.npy
2856427287273148-SHOW_flip,test,21,UNKNOWN,/content/drive/MyDrive/Kophos_Features_MVP_34/features_mp/test/2856427287273148-SHOW_flip.npy
7880524976832026-SHOW_flip,test,21,UNKNOWN,/content/drive/MyDrive/Kophos_Features_MVP_34/features_mp/test/7880524976832026-SHOW_flip.npy
6729606944814633-SHOW_flip,test,21,UNKNOWN,/content/drive/MyDrive/Kophos_Features_MVP_34/features_mp/test/6729606944814633-SHOW_flip.npy
17569839562454304-SHOW,test,21,UNKNOWN,/content/drive/MyDrive/Kophos_Features_MVP_34/features_mp/test/17569839562454304-SHOW.npy
8713297281469173-SHOW_flip,test,21,UNKNOWN,/content/drive/MyDrive/Kophos_Features_MVP_34/features_mp/test/8713297281469173-SHOW_flip.npy
3892274237335443-SHOW_flip,test,21,UNKNOWN,/content/drive/MyDrive/Kophos_Features_MVP_34/features_mp/test/3892274237335443-SHOW_flip.npy
9019212346811638-SHOW,test,21,UNKNOWN,/content/drive/MyDrive/Kophos_Features_MVP_34/features_mp/test/9019212346811638-SHOW.npy
7172369637604381-SHOW,test,21,UNKNOWN,/content/drive/MyDrive/Kophos_Features_MVP_34/features_mp/test/7172369637604381-SHOW.npy
9744108137187107-SHOW_flip,test,21,UNKNOWN,/content/drive/MyDrive/Kophos_Features_MVP_34/features_mp/test/9744108137187107-SHOW_flip.npy
1228899835934687-START,train,22,UNKNOWN,/content/drive/MyDrive/Kophos_Features_MVP_34/features_mp/train/1228899835934687-START.npy
861933051770718-START,train,22,UNKNOWN,/content/drive/MyDrive/Kophos_Features_MVP_34/features_mp/train/861933051770718-START.npy
5433027647202747-START_flip,train,22,UNKNOWN,/content/drive/MyDrive/Kophos_Features_MVP_34/features_mp/train/5433027647202747-START_flip.npy
8752870029785203-START_flip,train,22,UNKNOWN,/content/drive/MyDrive/Kophos_Features_MVP_34/features_mp/train/8752870029785203-START_flip.npy
9902962595615656-START_flip,train,22,UNKNOWN,/content/drive/MyDrive/Kophos_Features_MVP_34/features_mp/train/9902962595615656-START_flip.npy
1763127093936666-START_flip,train,22,UNKNOWN,/content/drive/MyDrive/Kophos_Features_MVP_34/features_mp/train/1763127093936666-START_flip.npy
9326884224626522-START_flip,train,22,UNKNOWN,/content/drive/MyDrive/Kophos_Features_MVP_34/features_mp/train/9326884224626522-START_flip.npy
39098476735830334-START,train,22,UNKNOWN,/content/drive/MyDrive/Kophos_Features_MVP_34/features_mp/train/39098476735830334-START.npy
4265612639832259-START,train,22,UNKNOWN,/content/drive/MyDrive/Kophos_Features_MVP_34/features_mp/train/4265612639832259-START.npy
04372360875999326-START,train,22,UNKNOWN,/content/drive/MyDrive/Kophos_Features_MVP_34/features_mp/train/04372360875999326-START.npy
1894581689029914-START_flip,train,22,UNKNOWN,/content/drive/MyDrive/Kophos_Features_MVP_34/features_mp/train/1894581689029914-START_flip.npy
8898769288524875-START,train,22,UNKNOWN,/content/drive/MyDrive/Kophos_Features_MVP_34/features_mp/train/8898769288524875-START.npy
4975844834532846-START_flip,train,22,UNKNOWN,/content/drive/MyDrive/Kophos_Features_MVP_34/features_mp/train/4975844834532846-START_flip.npy
1074832241452097-START_flip,train,22,UNKNOWN,/content/drive/MyDrive/Kophos_Features_MVP_34/features_mp/train/1074832241452097-START_flip.npy
8795618014543152-START,train,22,UNKNOWN,/content/drive/MyDrive/Kophos_Features_MVP_34/features_mp/train/8795618014543152-START.npy
3528429322583728-START,train,22,UNKNOWN,/content/drive/MyDrive/Kophos_Features_MVP_34/features_mp/train/3528429322583728-START.npy
9225709395141942-START_flip,train,22,UNKNOWN,/content/drive/MyDrive/Kophos_Features_MVP_34/features_mp/train/9225709395141942-START_flip.npy
5009610792343683-START_flip,train,22,UNKNOWN,/content/drive/MyDrive/Kophos_Features_MVP_34/features_mp/train/5009610792343683-START_flip.npy
2403457552392866-START_flip,train,22,UNKNOWN,/content/drive/MyDrive/Kophos_Features_MVP_34/features_mp/train/2403457552392866-START_flip.npy
2677982893164086-START_flip,train,22,UNKNOWN,/content/drive/MyDrive/Kophos_Features_MVP_34/features_mp/train/2677982893164086-START_flip.npy
7155243837151653-START_flip,train,22,UNKNOWN,/content/drive/MyDrive/Kophos_Features_MVP_34/features_mp/train/7155243837151653-START_flip.npy
037584338939091744-START,train,22,UNKNOWN,/content/drive/MyDrive/Kophos_Features_MVP_34/features_mp/train/037584338939091744-START.npy
2284975598632488-START_flip,train,22,UNKNOWN,/content/drive/MyDrive/Kophos_Features_MVP_34/features_mp/train/2284975598632488-START_flip.npy
7261118889516282-START_flip,train,22,UNKNOWN,/content/drive/MyDrive/Kophos_Features_MVP_34/features_mp/train/7261118889516282-START_flip.npy
801970867640186-START,train,22,UNKNOWN,/content/drive/MyDrive/Kophos_Features_MVP_34/features_mp/train/801970867640186-START.npy
8333318929919998-START_flip,train,22,UNKNOWN,/content/drive/MyDrive/Kophos_Features_MVP_34/features_mp/train/8333318929919998-START_flip.npy
9575739854971620-START_flip,train,22,UNKNOWN,/content/drive/MyDrive/Kophos_Features_MVP_34/features_mp/train/9575739854971620-START_flip.npy
7318461225950741-START,train,22,UNKNOWN,/content/drive/MyDrive/Kophos_Features_MVP_34/features_mp/train/7318461225950741-START.npy
1756168226754132-START_flip,train,22,UNKNOWN,/content/drive/MyDrive/Kophos_Features_MVP_34/features_mp/train/1756168226754132-START_flip.npy
27723416720074834-START,train,22,UNKNOWN,/content/drive/MyDrive/Kophos_Features_MVP_34/features_mp/train/27723416720074834-START.npy
7840577474815005-START_flip,train,22,UNKNOWN,/content/drive/MyDrive/Kophos_Features_MVP_34/features_mp/train/7840577474815005-START_flip.npy
7486681585333321-START_flip,train,22,UNKNOWN,/content/drive/MyDrive/Kophos_Features_MVP_34/features_mp/train/7486681585333321-START_flip.npy
6519458828052249-START_flip,train,22,UNKNOWN,/content/drive/MyDrive/Kophos_Features_MVP_34/features_mp/train/6519458828052249-START_flip.npy
6841462316339684-START_flip,train,22,UNKNOWN,/content/drive/MyDrive/Kophos_Features_MVP_34/features_mp/train/6841462316339684-START_flip.npy
6803461641311079-START_flip,train,22,UNKNOWN,/content/drive/MyDrive/Kophos_Features_MVP_34/features_mp/train/6803461641311079-START_flip.npy
3817687945835429-START_flip,train,22,UNKNOWN,/content/drive/MyDrive/Kophos_Features_MVP_34/features_mp/train/3817687945835429-START_flip.npy
4664356046166651-START,train,22,UNKNOWN,/content/drive/MyDrive/Kophos_Features_MVP_34/features_mp/train/4664356046166651-START.npy
43058639110125596-START,train,22,UNKNOWN,/content/drive/MyDrive/Kophos_Features_MVP_34/features_mp/train/43058639110125596-START.npy
4242953872356815-START_flip,train,22,UNKNOWN,/content/drive/MyDrive/Kophos_Features_MVP_34/features_mp/train/4242953872356815-START_flip.npy
959479246086911-START,train,22,UNKNOWN,/content/drive/MyDrive/Kophos_Features_MVP_34/features_mp/train/959479246086911-START.npy
09899721690579599-START,train,22,UNKNOWN,/content/drive/MyDrive/Kophos_Features_MVP_34/features_mp/train/09899721690579599-START.npy
2757003925136910-START_flip,train,22,UNKNOWN,/content/drive/MyDrive/Kophos_Features_MVP_34/features_mp/train/2757003925136910-START_flip.npy
8927519488908593-START_flip,train,22,UNKNOWN,/content/drive/MyDrive/Kophos_Features_MVP_34/features_mp/train/8927519488908593-START_flip.npy
1113123781938544-START_flip,train,22,UNKNOWN,/content/drive/MyDrive/Kophos_Features_MVP_34/features_mp/train/1113123781938544-START_flip.npy
2779253023660951-START_flip,train,22,UNKNOWN,/content/drive/MyDrive/Kophos_Features_MVP_34/features_mp/train/2779253023660951-START_flip.npy
4244937743662735-START_flip,train,22,UNKNOWN,/content/drive/MyDrive/Kophos_Features_MVP_34/features_mp/train/4244937743662735-START_flip.npy
8601200936840461-START,train,22,UNKNOWN,/content/drive/MyDrive/Kophos_Features_MVP_34/features_mp/train/8601200936840461-START.npy
4424926051327753-START_flip,train,22,UNKNOWN,/content/drive/MyDrive/Kophos_Features_MVP_34/features_mp/train/4424926051327753-START_flip.npy
3811082463743378-START_flip,train,22,UNKNOWN,/content/drive/MyDrive/Kophos_Features_MVP_34/features_mp/train/3811082463743378-START_flip.npy
9763774623412582-START,train,22,UNKNOWN,/content/drive/MyDrive/Kophos_Features_MVP_34/features_mp/train/9763774623412582-START.npy
2730441796872136-START,train,22,UNKNOWN,/content/drive/MyDrive/Kophos_Features_MVP_34/features_mp/train/2730441796872136-START.npy
4103280024836799-START_flip,train,22,UNKNOWN,/content/drive/MyDrive/Kophos_Features_MVP_34/features_mp/train/4103280024836799-START_flip.npy
4303906374123354-START,train,22,UNKNOWN,/content/drive/MyDrive/Kophos_Features_MVP_34/features_mp/train/4303906374123354-START.npy
4974232387803268-START_flip,train,22,UNKNOWN,/content/drive/MyDrive/Kophos_Features_MVP_34/features_mp/train/4974232387803268-START_flip.npy
6124472112546923-START_flip,train,22,UNKNOWN,/content/drive/MyDrive/Kophos_Features_MVP_34/features_mp/train/6124472112546923-START_flip.npy
2557173449127974-START_flip,train,22,UNKNOWN,/content/drive/MyDrive/Kophos_Features_MVP_34/features_mp/train/2557173449127974-START_flip.npy
4877386203321804-START_flip,train,22,UNKNOWN,/content/drive/MyDrive/Kophos_Features_MVP_34/features_mp/train/4877386203321804-START_flip.npy
2731451998758908-START_flip,train,22,UNKNOWN,/content/drive/MyDrive/Kophos_Features_MVP_34/features_mp/train/2731451998758908-START_flip.npy
880391746148123-START,train,22,UNKNOWN,/content/drive/MyDrive/Kophos_Features_MVP_34/features_mp/train/880391746148123-START.npy
03244901112340237-START,train,22,UNKNOWN,/content/drive/MyDrive/Kophos_Features_MVP_34/features_mp/train/03244901112340237-START.npy
3956486375533937-START_flip,train,22,UNKNOWN,/content/drive/MyDrive/Kophos_Features_MVP_34/features_mp/train/3956486375533937-START_flip.npy
6912603663218658-START_flip,train,22,UNKNOWN,/content/drive/MyDrive/Kophos_Features_MVP_34/features_mp/train/6912603663218658-START_flip.npy
2929448530295817-START_flip,train,22,UNKNOWN,/content/drive/MyDrive/Kophos_Features_MVP_34/features_mp/train/2929448530295817-START_flip.npy
7426898327406303-START_flip,train,22,UNKNOWN,/content/drive/MyDrive/Kophos_Features_MVP_34/features_mp/train/7426898327406303-START_flip.npy
6669735111173198-START_flip,train,22,UNKNOWN,/content/drive/MyDrive/Kophos_Features_MVP_34/features_mp/train/6669735111173198-START_flip.npy
5684542452979495-START_flip,train,22,UNKNOWN,/content/drive/MyDrive/Kophos_Features_MVP_34/features_mp/train/5684542452979495-START_flip.npy
3995338917753565-START_flip,train,22,UNKNOWN,/content/drive/MyDrive/Kophos_Features_MVP_34/features_mp/train/3995338917753565-START_flip.npy
7549086723026671-START_flip,train,22,UNKNOWN,/content/drive/MyDrive/Kophos_Features_MVP_34/features_mp/train/7549086723026671-START_flip.npy
4607474006256995-START,train,22,UNKNOWN,/content/drive/MyDrive/Kophos_Features_MVP_34/features_mp/train/4607474006256995-START.npy
3024235099773002-START_flip,val,22,UNKNOWN,/content/drive/MyDrive/Kophos_Features_MVP_34/features_mp/val/3024235099773002-START_flip.npy
3732575384926575-START,val,22,UNKNOWN,/content/drive/MyDrive/Kophos_Features_MVP_34/features_mp/val/3732575384926575-START.npy
18446305030701837-START,val,22,UNKNOWN,/content/drive/MyDrive/Kophos_Features_MVP_34/features_mp/val/18446305030701837-START.npy
4186619397542466-START_flip,val,22,UNKNOWN,/content/drive/MyDrive/Kophos_Features_MVP_34/features_mp/val/4186619397542466-START_flip.npy
6004896744471458-START_flip,val,22,UNKNOWN,/content/drive/MyDrive/Kophos_Features_MVP_34/features_mp/val/6004896744471458-START_flip.npy
8635413476673892-START_flip,val,22,UNKNOWN,/content/drive/MyDrive/Kophos_Features_MVP_34/features_mp/val/8635413476673892-START_flip.npy
1387503890819955-START_flip,val,22,UNKNOWN,/content/drive/MyDrive/Kophos_Features_MVP_34/features_mp/val/1387503890819955-START_flip.npy
3835778719926669-START_flip,val,22,UNKNOWN,/content/drive/MyDrive/Kophos_Features_MVP_34/features_mp/val/3835778719926669-START_flip.npy
7416169812825322-START,val,22,UNKNOWN,/content/drive/MyDrive/Kophos_Features_MVP_34/features_mp/val/7416169812825322-START.npy
9284158991408038-START,test,22,UNKNOWN,/content/drive/MyDrive/Kophos_Features_MVP_34/features_mp/test/9284158991408038-START.npy
7115050716678770-START_flip,test,22,UNKNOWN,/content/drive/MyDrive/Kophos_Features_MVP_34/features_mp/test/7115050716678770-START_flip.npy
9901180674407162-START,test,22,UNKNOWN,/content/drive/MyDrive/Kophos_Features_MVP_34/features_mp/test/9901180674407162-START.npy
6545392986265053-START_flip,test,22,UNKNOWN,/content/drive/MyDrive/Kophos_Features_MVP_34/features_mp/test/6545392986265053-START_flip.npy
3614538541089053-START_flip,test,22,UNKNOWN,/content/drive/MyDrive/Kophos_Features_MVP_34/features_mp/test/3614538541089053-START_flip.npy
9348990354878253-START_flip,test,22,UNKNOWN,/content/drive/MyDrive/Kophos_Features_MVP_34/features_mp/test/9348990354878253-START_flip.npy
8718367914060742-START_flip,test,22,UNKNOWN,/content/drive/MyDrive/Kophos_Features_MVP_34/features_mp/test/8718367914060742-START_flip.npy
6036512594628762-START,test,22,UNKNOWN,/content/drive/MyDrive/Kophos_Features_MVP_34/features_mp/test/6036512594628762-START.npy
5635334676533050-START_flip,test,22,UNKNOWN,/content/drive/MyDrive/Kophos_Features_MVP_34/features_mp/test/5635334676533050-START_flip.npy
3323227102694808-TELL_flip,train,23,UNKNOWN,/content/drive/MyDrive/Kophos_Features_MVP_34/features_mp/train/3323227102694808-TELL_flip.npy
8164546968822641-TELL_flip,train,23,UNKNOWN,/content/drive/MyDrive/Kophos_Features_MVP_34/features_mp/train/8164546968822641-TELL_flip.npy
8164544768977987-TELL_flip,train,23,UNKNOWN,/content/drive/MyDrive/Kophos_Features_MVP_34/features_mp/train/8164544768977987-TELL_flip.npy
4520417289404698-TELL_flip,train,23,UNKNOWN,/content/drive/MyDrive/Kophos_Features_MVP_34/features_mp/train/4520417289404698-TELL_flip.npy
8305267960748105-TELL_flip,train,23,UNKNOWN,/content/drive/MyDrive/Kophos_Features_MVP_34/features_mp/train/8305267960748105-TELL_flip.npy
9885883612306223-TELL,train,23,UNKNOWN,/content/drive/MyDrive/Kophos_Features_MVP_34/features_mp/train/9885883612306223-TELL.npy
6083073357449457-TELL_flip,train,23,UNKNOWN,/content/drive/MyDrive/Kophos_Features_MVP_34/features_mp/train/6083073357449457-TELL_flip.npy
8208026015020325-TELL_flip,train,23,UNKNOWN,/content/drive/MyDrive/Kophos_Features_MVP_34/features_mp/train/8208026015020325-TELL_flip.npy
5885498646544737-TELL_flip,train,23,UNKNOWN,/content/drive/MyDrive/Kophos_Features_MVP_34/features_mp/train/5885498646544737-TELL_flip.npy
6954996399612601-TELL,train,23,UNKNOWN,/content/drive/MyDrive/Kophos_Features_MVP_34/features_mp/train/6954996399612601-TELL.npy
2403257211724971-TELL_flip,train,23,UNKNOWN,/content/drive/MyDrive/Kophos_Features_MVP_34/features_mp/train/2403257211724971-TELL_flip.npy
2093849682049294-TELL_flip,train,23,UNKNOWN,/content/drive/MyDrive/Kophos_Features_MVP_34/features_mp/train/2093849682049294-TELL_flip.npy
41922372703553545-TELL,train,23,UNKNOWN,/content/drive/MyDrive/Kophos_Features_MVP_34/features_mp/train/41922372703553545-TELL.npy
1420761625942607-TELL_flip,train,23,UNKNOWN,/content/drive/MyDrive/Kophos_Features_MVP_34/features_mp/train/1420761625942607-TELL_flip.npy
3377761068886662-TELL,train,23,UNKNOWN,/content/drive/MyDrive/Kophos_Features_MVP_34/features_mp/train/3377761068886662-TELL.npy
8235223930409292-TELL_flip,train,23,UNKNOWN,/content/drive/MyDrive/Kophos_Features_MVP_34/features_mp/train/8235223930409292-TELL_flip.npy
2359202762828891-TELL_flip,train,23,UNKNOWN,/content/drive/MyDrive/Kophos_Features_MVP_34/features_mp/train/2359202762828891-TELL_flip.npy
5410134276773499-TELL_flip,train,23,UNKNOWN,/content/drive/MyDrive/Kophos_Features_MVP_34/features_mp/train/5410134276773499-TELL_flip.npy
9622466467630577-TELL,train,23,UNKNOWN,/content/drive/MyDrive/Kophos_Features_MVP_34/features_mp/train/9622466467630577-TELL.npy
1180663333440475-TELL_flip,train,23,UNKNOWN,/content/drive/MyDrive/Kophos_Features_MVP_34/features_mp/train/1180663333440475-TELL_flip.npy
5841675056998710-TELL_flip,train,23,UNKNOWN,/content/drive/MyDrive/Kophos_Features_MVP_34/features_mp/train/5841675056998710-TELL_flip.npy
5444889188791144-TELL_flip,train,23,UNKNOWN,/content/drive/MyDrive/Kophos_Features_MVP_34/features_mp/train/5444889188791144-TELL_flip.npy
1441251948644047-TELL_flip,train,23,UNKNOWN,/content/drive/MyDrive/Kophos_Features_MVP_34/features_mp/train/1441251948644047-TELL_flip.npy
1295646396211562-TELL_flip,train,23,UNKNOWN,/content/drive/MyDrive/Kophos_Features_MVP_34/features_mp/train/1295646396211562-TELL_flip.npy
5514761368099139-TELL_flip,train,23,UNKNOWN,/content/drive/MyDrive/Kophos_Features_MVP_34/features_mp/train/5514761368099139-TELL_flip.npy
1784447552931374-TELL,train,23,UNKNOWN,/content/drive/MyDrive/Kophos_Features_MVP_34/features_mp/train/1784447552931374-TELL.npy
9753807924451780-TELL_flip,train,23,UNKNOWN,/content/drive/MyDrive/Kophos_Features_MVP_34/features_mp/train/9753807924451780-TELL_flip.npy
1209065258005371-TELL_flip,train,23,UNKNOWN,/content/drive/MyDrive/Kophos_Features_MVP_34/features_mp/train/1209065258005371-TELL_flip.npy
2154934865453130-TELL_flip,train,23,UNKNOWN,/content/drive/MyDrive/Kophos_Features_MVP_34/features_mp/train/2154934865453130-TELL_flip.npy
3457229695528313-TELL_flip,train,23,UNKNOWN,/content/drive/MyDrive/Kophos_Features_MVP_34/features_mp/train/3457229695528313-TELL_flip.npy
22047412457689952-TELL,train,23,UNKNOWN,/content/drive/MyDrive/Kophos_Features_MVP_34/features_mp/train/22047412457689952-TELL.npy
2251508961669051-TELL,train,23,UNKNOWN,/content/drive/MyDrive/Kophos_Features_MVP_34/features_mp/train/2251508961669051-TELL.npy
4808333059978460-TELL_flip,train,23,UNKNOWN,/content/drive/MyDrive/Kophos_Features_MVP_34/features_mp/train/4808333059978460-TELL_flip.npy
3714668431830563-TELL_flip,train,23,UNKNOWN,/content/drive/MyDrive/Kophos_Features_MVP_34/features_mp/train/3714668431830563-TELL_flip.npy
030859863529683285-TELL,train,23,UNKNOWN,/content/drive/MyDrive/Kophos_Features_MVP_34/features_mp/train/030859863529683285-TELL.npy
4371945003518727-TELL_flip,train,23,UNKNOWN,/content/drive/MyDrive/Kophos_Features_MVP_34/features_mp/train/4371945003518727-TELL_flip.npy
1661169550078093-TELL_flip,train,23,UNKNOWN,/content/drive/MyDrive/Kophos_Features_MVP_34/features_mp/train/1661169550078093-TELL_flip.npy
03799834629318344-TELL,train,23,UNKNOWN,/content/drive/MyDrive/Kophos_Features_MVP_34/features_mp/train/03799834629318344-TELL.npy
5586810049469138-TELL_flip,train,23,UNKNOWN,/content/drive/MyDrive/Kophos_Features_MVP_34/features_mp/train/5586810049469138-TELL_flip.npy
9109163228025828-TELL_flip,train,23,UNKNOWN,/content/drive/MyDrive/Kophos_Features_MVP_34/features_mp/train/9109163228025828-TELL_flip.npy
5118902560831018-TELL,train,23,UNKNOWN,/content/drive/MyDrive/Kophos_Features_MVP_34/features_mp/train/5118902560831018-TELL.npy
7235395025868234-TELL_flip,train,23,UNKNOWN,/content/drive/MyDrive/Kophos_Features_MVP_34/features_mp/train/7235395025868234-TELL_flip.npy
9517356256695517-TELL,train,23,UNKNOWN,/content/drive/MyDrive/Kophos_Features_MVP_34/features_mp/train/9517356256695517-TELL.npy
3839343467917341-TELL_flip,train,23,UNKNOWN,/content/drive/MyDrive/Kophos_Features_MVP_34/features_mp/train/3839343467917341-TELL_flip.npy
6812786099129158-TELL_flip,train,23,UNKNOWN,/content/drive/MyDrive/Kophos_Features_MVP_34/features_mp/train/6812786099129158-TELL_flip.npy
3823509508410865-TELL,train,23,UNKNOWN,/content/drive/MyDrive/Kophos_Features_MVP_34/features_mp/train/3823509508410865-TELL.npy
1723377762549613-TELL_flip,train,23,UNKNOWN,/content/drive/MyDrive/Kophos_Features_MVP_34/features_mp/train/1723377762549613-TELL_flip.npy
9546720188783062-TELL,train,23,UNKNOWN,/content/drive/MyDrive/Kophos_Features_MVP_34/features_mp/train/9546720188783062-TELL.npy
2282475375976323-TELL_flip,train,23,UNKNOWN,/content/drive/MyDrive/Kophos_Features_MVP_34/features_mp/train/2282475375976323-TELL_flip.npy
2242815620404081-TELL_flip,train,23,UNKNOWN,/content/drive/MyDrive/Kophos_Features_MVP_34/features_mp/train/2242815620404081-TELL_flip.npy
587281120326582-TELL,train,23,UNKNOWN,/content/drive/MyDrive/Kophos_Features_MVP_34/features_mp/train/587281120326582-TELL.npy
02205485916234662-TELL,train,23,UNKNOWN,/content/drive/MyDrive/Kophos_Features_MVP_34/features_mp/train/02205485916234662-TELL.npy
6610433385031589-TELL_flip,train,23,UNKNOWN,/content/drive/MyDrive/Kophos_Features_MVP_34/features_mp/train/6610433385031589-TELL_flip.npy
6813710286182664-TELL,train,23,UNKNOWN,/content/drive/MyDrive/Kophos_Features_MVP_34/features_mp/train/6813710286182664-TELL.npy
2122173191145086-TELL_flip,train,23,UNKNOWN,/content/drive/MyDrive/Kophos_Features_MVP_34/features_mp/train/2122173191145086-TELL_flip.npy
1369689837912495-TELL_flip,train,23,UNKNOWN,/content/drive/MyDrive/Kophos_Features_MVP_34/features_mp/train/1369689837912495-TELL_flip.npy
9662843888411099-TELL,train,23,UNKNOWN,/content/drive/MyDrive/Kophos_Features_MVP_34/features_mp/train/9662843888411099-TELL.npy
6023631269152937-TELL_flip,train,23,UNKNOWN,/content/drive/MyDrive/Kophos_Features_MVP_34/features_mp/train/6023631269152937-TELL_flip.npy
5676891466804736-TELL_flip,train,23,UNKNOWN,/content/drive/MyDrive/Kophos_Features_MVP_34/features_mp/train/5676891466804736-TELL_flip.npy
2633712388671063-TELL_flip,train,23,UNKNOWN,/content/drive/MyDrive/Kophos_Features_MVP_34/features_mp/train/2633712388671063-TELL_flip.npy
39911303417002464-TELL,train,23,UNKNOWN,/content/drive/MyDrive/Kophos_Features_MVP_34/features_mp/train/39911303417002464-TELL.npy
6624610069346154-TELL_flip,train,23,UNKNOWN,/content/drive/MyDrive/Kophos_Features_MVP_34/features_mp/train/6624610069346154-TELL_flip.npy
6075327466907637-TELL_flip,train,23,UNKNOWN,/content/drive/MyDrive/Kophos_Features_MVP_34/features_mp/train/6075327466907637-TELL_flip.npy
22448269867455983-TELL,train,23,UNKNOWN,/content/drive/MyDrive/Kophos_Features_MVP_34/features_mp/train/22448269867455983-TELL.npy
5106390250218502-TELL_flip,train,23,UNKNOWN,/content/drive/MyDrive/Kophos_Features_MVP_34/features_mp/train/5106390250218502-TELL_flip.npy
9573353641900159-TELL_flip,train,23,UNKNOWN,/content/drive/MyDrive/Kophos_Features_MVP_34/features_mp/train/9573353641900159-TELL_flip.npy
7980791622967522-TELL,train,23,UNKNOWN,/content/drive/MyDrive/Kophos_Features_MVP_34/features_mp/train/7980791622967522-TELL.npy
1173534189335208-TELL,train,23,UNKNOWN,/content/drive/MyDrive/Kophos_Features_MVP_34/features_mp/train/1173534189335208-TELL.npy
4865184463433949-TELL_flip,train,23,UNKNOWN,/content/drive/MyDrive/Kophos_Features_MVP_34/features_mp/train/4865184463433949-TELL_flip.npy
33746486664369946-TELL,val,23,UNKNOWN,/content/drive/MyDrive/Kophos_Features_MVP_34/features_mp/val/33746486664369946-TELL.npy
5949109292240677-TELL,val,23,UNKNOWN,/content/drive/MyDrive/Kophos_Features_MVP_34/features_mp/val/5949109292240677-TELL.npy
7735915956851553-TELL_flip,val,23,UNKNOWN,/content/drive/MyDrive/Kophos_Features_MVP_34/features_mp/val/7735915956851553-TELL_flip.npy
6693086438532904-TELL_flip,val,23,UNKNOWN,/content/drive/MyDrive/Kophos_Features_MVP_34/features_mp/val/6693086438532904-TELL_flip.npy
1521467655217751-TELL_flip,val,23,UNKNOWN,/content/drive/MyDrive/Kophos_Features_MVP_34/features_mp/val/1521467655217751-TELL_flip.npy
1594949263132049-TELL_flip,val,23,UNKNOWN,/content/drive/MyDrive/Kophos_Features_MVP_34/features_mp/val/1594949263132049-TELL_flip.npy
3457192638019339-TELL_flip,val,23,UNKNOWN,/content/drive/MyDrive/Kophos_Features_MVP_34/features_mp/val/3457192638019339-TELL_flip.npy
1372427063199669-TELL_flip,val,23,UNKNOWN,/content/drive/MyDrive/Kophos_Features_MVP_34/features_mp/val/1372427063199669-TELL_flip.npy
682290148919185-TELL,val,23,UNKNOWN,/content/drive/MyDrive/Kophos_Features_MVP_34/features_mp/val/682290148919185-TELL.npy
4213641813527903-TELL_flip,test,23,UNKNOWN,/content/drive/MyDrive/Kophos_Features_MVP_34/features_mp/test/4213641813527903-TELL_flip.npy
7716072231213959-TELL_flip,test,23,UNKNOWN,/content/drive/MyDrive/Kophos_Features_MVP_34/features_mp/test/7716072231213959-TELL_flip.npy
051465824178710706-TELL,test,23,UNKNOWN,/content/drive/MyDrive/Kophos_Features_MVP_34/features_mp/test/051465824178710706-TELL.npy
22517045161179094-TELL,test,23,UNKNOWN,/content/drive/MyDrive/Kophos_Features_MVP_34/features_mp/test/22517045161179094-TELL.npy
6851460951757296-TELL,test,23,UNKNOWN,/content/drive/MyDrive/Kophos_Features_MVP_34/features_mp/test/6851460951757296-TELL.npy
7541858455841211-TELL_flip,test,23,UNKNOWN,/content/drive/MyDrive/Kophos_Features_MVP_34/features_mp/test/7541858455841211-TELL_flip.npy
4791243303926585-TELL_flip,test,23,UNKNOWN,/content/drive/MyDrive/Kophos_Features_MVP_34/features_mp/test/4791243303926585-TELL_flip.npy
9818111618954633-TELL_flip,test,23,UNKNOWN,/content/drive/MyDrive/Kophos_Features_MVP_34/features_mp/test/9818111618954633-TELL_flip.npy
43522383341418003-TELL,test,23,UNKNOWN,/content/drive/MyDrive/Kophos_Features_MVP_34/features_mp/test/43522383341418003-TELL.npy
06170286063004182-THINK,train,24,UNKNOWN,/content/drive/MyDrive/Kophos_Features_MVP_34/features_mp/train/06170286063004182-THINK.npy
9923665701020795-THINK_flip,train,24,UNKNOWN,/content/drive/MyDrive/Kophos_Features_MVP_34/features_mp/train/9923665701020795-THINK_flip.npy
1931829449490161-THINK,train,24,UNKNOWN,/content/drive/MyDrive/Kophos_Features_MVP_34/features_mp/train/1931829449490161-THINK.npy
3016477191101931-THINK_flip,train,24,UNKNOWN,/content/drive/MyDrive/Kophos_Features_MVP_34/features_mp/train/3016477191101931-THINK_flip.npy
7471615704558243-THINK_flip,train,24,UNKNOWN,/content/drive/MyDrive/Kophos_Features_MVP_34/features_mp/train/7471615704558243-THINK_flip.npy
2825572999597290-THINK_flip,train,24,UNKNOWN,/content/drive/MyDrive/Kophos_Features_MVP_34/features_mp/train/2825572999597290-THINK_flip.npy
46593950586469-THINK,train,24,UNKNOWN,/content/drive/MyDrive/Kophos_Features_MVP_34/features_mp/train/46593950586469-THINK.npy
7701233083892258-THINK_flip,train,24,UNKNOWN,/content/drive/MyDrive/Kophos_Features_MVP_34/features_mp/train/7701233083892258-THINK_flip.npy
8178850636707293-THINK,train,24,UNKNOWN,/content/drive/MyDrive/Kophos_Features_MVP_34/features_mp/train/8178850636707293-THINK.npy
7219677772800852-THINK,train,24,UNKNOWN,/content/drive/MyDrive/Kophos_Features_MVP_34/features_mp/train/7219677772800852-THINK.npy
4480214646496227-THINK_flip,train,24,UNKNOWN,/content/drive/MyDrive/Kophos_Features_MVP_34/features_mp/train/4480214646496227-THINK_flip.npy
4574155529248376-THINK_flip,train,24,UNKNOWN,/content/drive/MyDrive/Kophos_Features_MVP_34/features_mp/train/4574155529248376-THINK_flip.npy
9574747765806034-THINK_flip,train,24,UNKNOWN,/content/drive/MyDrive/Kophos_Features_MVP_34/features_mp/train/9574747765806034-THINK_flip.npy
5518199948369500-THINK_flip,train,24,UNKNOWN,/content/drive/MyDrive/Kophos_Features_MVP_34/features_mp/train/5518199948369500-THINK_flip.npy
8981918903910342-THINK,train,24,UNKNOWN,/content/drive/MyDrive/Kophos_Features_MVP_34/features_mp/train/8981918903910342-THINK.npy
8381512686466110-THINK_flip,train,24,UNKNOWN,/content/drive/MyDrive/Kophos_Features_MVP_34/features_mp/train/8381512686466110-THINK_flip.npy
26212242869528013-THINK,train,24,UNKNOWN,/content/drive/MyDrive/Kophos_Features_MVP_34/features_mp/train/26212242869528013-THINK.npy
6209801847732617-THINK_flip,train,24,UNKNOWN,/content/drive/MyDrive/Kophos_Features_MVP_34/features_mp/train/6209801847732617-THINK_flip.npy
7763349468767458-THINK,train,24,UNKNOWN,/content/drive/MyDrive/Kophos_Features_MVP_34/features_mp/train/7763349468767458-THINK.npy
8094508668023667-THINK_flip,train,24,UNKNOWN,/content/drive/MyDrive/Kophos_Features_MVP_34/features_mp/train/8094508668023667-THINK_flip.npy
7141009069516799-THINK_flip,train,24,UNKNOWN,/content/drive/MyDrive/Kophos_Features_MVP_34/features_mp/train/7141009069516799-THINK_flip.npy
5072772004909965-THINK_flip,train,24,UNKNOWN,/content/drive/MyDrive/Kophos_Features_MVP_34/features_mp/train/5072772004909965-THINK_flip.npy
1958958540057226-THINK_flip,train,24,UNKNOWN,/content/drive/MyDrive/Kophos_Features_MVP_34/features_mp/train/1958958540057226-THINK_flip.npy
7471132360301061-THINK_flip,train,24,UNKNOWN,/content/drive/MyDrive/Kophos_Features_MVP_34/features_mp/train/7471132360301061-THINK_flip.npy
2002618148915863-THINK_flip,train,24,UNKNOWN,/content/drive/MyDrive/Kophos_Features_MVP_34/features_mp/train/2002618148915863-THINK_flip.npy
5330485157616812-THINK_flip,train,24,UNKNOWN,/content/drive/MyDrive/Kophos_Features_MVP_34/features_mp/train/5330485157616812-THINK_flip.npy
9516214129149208-THINK,train,24,UNKNOWN,/content/drive/MyDrive/Kophos_Features_MVP_34/features_mp/train/9516214129149208-THINK.npy
5784147911843630-THINK_flip,train,24,UNKNOWN,/content/drive/MyDrive/Kophos_Features_MVP_34/features_mp/train/5784147911843630-THINK_flip.npy
3210272796281727-THINK_flip,train,24,UNKNOWN,/content/drive/MyDrive/Kophos_Features_MVP_34/features_mp/train/3210272796281727-THINK_flip.npy
3375958394984591-THINK_flip,train,24,UNKNOWN,/content/drive/MyDrive/Kophos_Features_MVP_34/features_mp/train/3375958394984591-THINK_flip.npy
3718643935692539-THINK_flip,train,24,UNKNOWN,/content/drive/MyDrive/Kophos_Features_MVP_34/features_mp/train/3718643935692539-THINK_flip.npy
5977762842020984-THINK,train,24,UNKNOWN,/content/drive/MyDrive/Kophos_Features_MVP_34/features_mp/train/5977762842020984-THINK.npy
2612615562093556-THINK_flip,train,24,UNKNOWN,/content/drive/MyDrive/Kophos_Features_MVP_34/features_mp/train/2612615562093556-THINK_flip.npy
8495541035904848-THINK_flip,train,24,UNKNOWN,/content/drive/MyDrive/Kophos_Features_MVP_34/features_mp/train/8495541035904848-THINK_flip.npy
5942910381149817-THINK,train,24,UNKNOWN,/content/drive/MyDrive/Kophos_Features_MVP_34/features_mp/train/5942910381149817-THINK.npy
8606720192463485-THINK_flip,train,24,UNKNOWN,/content/drive/MyDrive/Kophos_Features_MVP_34/features_mp/train/8606720192463485-THINK_flip.npy
5556596744977407-THINK,train,24,UNKNOWN,/content/drive/MyDrive/Kophos_Features_MVP_34/features_mp/train/5556596744977407-THINK.npy
9971363606653429-THINK_flip,train,24,UNKNOWN,/content/drive/MyDrive/Kophos_Features_MVP_34/features_mp/train/9971363606653429-THINK_flip.npy
16629744901108845-THINK,train,24,UNKNOWN,/content/drive/MyDrive/Kophos_Features_MVP_34/features_mp/train/16629744901108845-THINK.npy
954911942661782-THINK,train,24,UNKNOWN,/content/drive/MyDrive/Kophos_Features_MVP_34/features_mp/train/954911942661782-THINK.npy
2886853981684552-THINK_flip,train,24,UNKNOWN,/content/drive/MyDrive/Kophos_Features_MVP_34/features_mp/train/2886853981684552-THINK_flip.npy
2560217617688928-THINK_flip,train,24,UNKNOWN,/content/drive/MyDrive/Kophos_Features_MVP_34/features_mp/train/2560217617688928-THINK_flip.npy
8956041181644221-THINK_flip,train,24,UNKNOWN,/content/drive/MyDrive/Kophos_Features_MVP_34/features_mp/train/8956041181644221-THINK_flip.npy
6573181348746162-THINK_flip,train,24,UNKNOWN,/content/drive/MyDrive/Kophos_Features_MVP_34/features_mp/train/6573181348746162-THINK_flip.npy
8842589411913844-THINK_flip,train,24,UNKNOWN,/content/drive/MyDrive/Kophos_Features_MVP_34/features_mp/train/8842589411913844-THINK_flip.npy
6722427942478536-THINK_flip,train,24,UNKNOWN,/content/drive/MyDrive/Kophos_Features_MVP_34/features_mp/train/6722427942478536-THINK_flip.npy
8354827353265512-THINK_flip,train,24,UNKNOWN,/content/drive/MyDrive/Kophos_Features_MVP_34/features_mp/train/8354827353265512-THINK_flip.npy
4478704526203494-THINK,train,24,UNKNOWN,/content/drive/MyDrive/Kophos_Features_MVP_34/features_mp/train/4478704526203494-THINK.npy
32286789380855874-THINK,train,24,UNKNOWN,/content/drive/MyDrive/Kophos_Features_MVP_34/features_mp/train/32286789380855874-THINK.npy
9056609153592102-THINK_flip,train,24,UNKNOWN,/content/drive/MyDrive/Kophos_Features_MVP_34/features_mp/train/9056609153592102-THINK_flip.npy
2872524997199077-THINK_flip,train,24,UNKNOWN,/content/drive/MyDrive/Kophos_Features_MVP_34/features_mp/train/2872524997199077-THINK_flip.npy
1950220007170882-THINK_flip,train,24,UNKNOWN,/content/drive/MyDrive/Kophos_Features_MVP_34/features_mp/train/1950220007170882-THINK_flip.npy
08518084784288305-THINK,train,24,UNKNOWN,/content/drive/MyDrive/Kophos_Features_MVP_34/features_mp/train/08518084784288305-THINK.npy
4090968044735846-THINK_flip,train,24,UNKNOWN,/content/drive/MyDrive/Kophos_Features_MVP_34/features_mp/train/4090968044735846-THINK_flip.npy
5323376726252303-THINK_flip,train,24,UNKNOWN,/content/drive/MyDrive/Kophos_Features_MVP_34/features_mp/train/5323376726252303-THINK_flip.npy
4771468633161920-THINK_flip,train,24,UNKNOWN,/content/drive/MyDrive/Kophos_Features_MVP_34/features_mp/train/4771468633161920-THINK_flip.npy
5965960580596394-THINK,train,24,UNKNOWN,/content/drive/MyDrive/Kophos_Features_MVP_34/features_mp/train/5965960580596394-THINK.npy
6318484937161617-THINK,train,24,UNKNOWN,/content/drive/MyDrive/Kophos_Features_MVP_34/features_mp/train/6318484937161617-THINK.npy
4400712275254104-THINK_flip,train,24,UNKNOWN,/content/drive/MyDrive/Kophos_Features_MVP_34/features_mp/train/4400712275254104-THINK_flip.npy
7941765082840509-THINK_flip,train,24,UNKNOWN,/content/drive/MyDrive/Kophos_Features_MVP_34/features_mp/train/7941765082840509-THINK_flip.npy
7815332110154865-THINK,train,24,UNKNOWN,/content/drive/MyDrive/Kophos_Features_MVP_34/features_mp/train/7815332110154865-THINK.npy
7485817082798309-THINK_flip,train,24,UNKNOWN,/content/drive/MyDrive/Kophos_Features_MVP_34/features_mp/train/7485817082798309-THINK_flip.npy
7099155551735082-THINK_flip,train,24,UNKNOWN,/content/drive/MyDrive/Kophos_Features_MVP_34/features_mp/train/7099155551735082-THINK_flip.npy
3128710416698249-THINK_flip,train,24,UNKNOWN,/content/drive/MyDrive/Kophos_Features_MVP_34/features_mp/train/3128710416698249-THINK_flip.npy
7778896730569255-THINK_flip,train,24,UNKNOWN,/content/drive/MyDrive/Kophos_Features_MVP_34/features_mp/train/7778896730569255-THINK_flip.npy
1234144234874453-THINK_flip,train,24,UNKNOWN,/content/drive/MyDrive/Kophos_Features_MVP_34/features_mp/train/1234144234874453-THINK_flip.npy
6135526438502756-THINK_flip,train,24,UNKNOWN,/content/drive/MyDrive/Kophos_Features_MVP_34/features_mp/train/6135526438502756-THINK_flip.npy
5886396334947688-THINK_flip,train,24,UNKNOWN,/content/drive/MyDrive/Kophos_Features_MVP_34/features_mp/train/5886396334947688-THINK_flip.npy
7175856516591857-THINK_flip,train,24,UNKNOWN,/content/drive/MyDrive/Kophos_Features_MVP_34/features_mp/train/7175856516591857-THINK_flip.npy
4645506321756407-THINK_flip,train,24,UNKNOWN,/content/drive/MyDrive/Kophos_Features_MVP_34/features_mp/train/4645506321756407-THINK_flip.npy
8410803588889355-THINK,train,24,UNKNOWN,/content/drive/MyDrive/Kophos_Features_MVP_34/features_mp/train/8410803588889355-THINK.npy
5342802354346374-THINK,train,24,UNKNOWN,/content/drive/MyDrive/Kophos_Features_MVP_34/features_mp/train/5342802354346374-THINK.npy
8017592531750677-THINK_flip,val,24,UNKNOWN,/content/drive/MyDrive/Kophos_Features_MVP_34/features_mp/val/8017592531750677-THINK_flip.npy
5338341147221657-THINK,val,24,UNKNOWN,/content/drive/MyDrive/Kophos_Features_MVP_34/features_mp/val/5338341147221657-THINK.npy
2903285066765289-THINK,val,24,UNKNOWN,/content/drive/MyDrive/Kophos_Features_MVP_34/features_mp/val/2903285066765289-THINK.npy
8569232579936605-THINK,val,24,UNKNOWN,/content/drive/MyDrive/Kophos_Features_MVP_34/features_mp/val/8569232579936605-THINK.npy
9182418417855749-THINK,val,24,UNKNOWN,/content/drive/MyDrive/Kophos_Features_MVP_34/features_mp/val/9182418417855749-THINK.npy
1344586379212962-THINK_flip,val,24,UNKNOWN,/content/drive/MyDrive/Kophos_Features_MVP_34/features_mp/val/1344586379212962-THINK_flip.npy
1900191486784637-THINK,val,24,UNKNOWN,/content/drive/MyDrive/Kophos_Features_MVP_34/features_mp/val/1900191486784637-THINK.npy
31962282125568064-THINK,val,24,UNKNOWN,/content/drive/MyDrive/Kophos_Features_MVP_34/features_mp/val/31962282125568064-THINK.npy
2754147457437850-THINK_flip,val,24,UNKNOWN,/content/drive/MyDrive/Kophos_Features_MVP_34/features_mp/val/2754147457437850-THINK_flip.npy
5699196495189404-THINK_flip,test,24,UNKNOWN,/content/drive/MyDrive/Kophos_Features_MVP_34/features_mp/test/5699196495189404-THINK_flip.npy
3673407106096845-THINK_flip,test,24,UNKNOWN,/content/drive/MyDrive/Kophos_Features_MVP_34/features_mp/test/3673407106096845-THINK_flip.npy
4958280251317906-THINK,test,24,UNKNOWN,/content/drive/MyDrive/Kophos_Features_MVP_34/features_mp/test/4958280251317906-THINK.npy
1213953198168465-THINK_flip,test,24,UNKNOWN,/content/drive/MyDrive/Kophos_Features_MVP_34/features_mp/test/1213953198168465-THINK_flip.npy
2736869319842712-THINK,test,24,UNKNOWN,/content/drive/MyDrive/Kophos_Features_MVP_34/features_mp/test/2736869319842712-THINK.npy
3306884579762375-THINK_flip,test,24,UNKNOWN,/content/drive/MyDrive/Kophos_Features_MVP_34/features_mp/test/3306884579762375-THINK_flip.npy
4459739442345316-THINK_flip,test,24,UNKNOWN,/content/drive/MyDrive/Kophos_Features_MVP_34/features_mp/test/4459739442345316-THINK_flip.npy
2466151737618899-THINK_flip,test,24,UNKNOWN,/content/drive/MyDrive/Kophos_Features_MVP_34/features_mp/test/2466151737618899-THINK_flip.npy
2079784627678156-THINK_flip,test,24,UNKNOWN,/content/drive/MyDrive/Kophos_Features_MVP_34/features_mp/test/2079784627678156-THINK_flip.npy
9153808321812340-TO_flip,train,25,UNKNOWN,/content/drive/MyDrive/Kophos_Features_MVP_34/features_mp/train/9153808321812340-TO_flip.npy
020805068247292002-TO,train,25,UNKNOWN,/content/drive/MyDrive/Kophos_Features_MVP_34/features_mp/train/020805068247292002-TO.npy
4673436152715029-TO_flip,train,25,UNKNOWN,/content/drive/MyDrive/Kophos_Features_MVP_34/features_mp/train/4673436152715029-TO_flip.npy
6604404366404661-TO_flip,train,25,UNKNOWN,/content/drive/MyDrive/Kophos_Features_MVP_34/features_mp/train/6604404366404661-TO_flip.npy
7783205613186133-TO,train,25,UNKNOWN,/content/drive/MyDrive/Kophos_Features_MVP_34/features_mp/train/7783205613186133-TO.npy
9191127393090587-TO_flip,train,25,UNKNOWN,/content/drive/MyDrive/Kophos_Features_MVP_34/features_mp/train/9191127393090587-TO_flip.npy
6557753720396031-TO,train,25,UNKNOWN,/content/drive/MyDrive/Kophos_Features_MVP_34/features_mp/train/6557753720396031-TO.npy
5537159263845670-TO_flip,train,25,UNKNOWN,/content/drive/MyDrive/Kophos_Features_MVP_34/features_mp/train/5537159263845670-TO_flip.npy
04515584665453254-TO,train,25,UNKNOWN,/content/drive/MyDrive/Kophos_Features_MVP_34/features_mp/train/04515584665453254-TO.npy
9934948873024736-TO_flip,train,25,UNKNOWN,/content/drive/MyDrive/Kophos_Features_MVP_34/features_mp/train/9934948873024736-TO_flip.npy
6788135859534841-TO_flip,train,25,UNKNOWN,/content/drive/MyDrive/Kophos_Features_MVP_34/features_mp/train/6788135859534841-TO_flip.npy
7671104953035555-TO_flip,train,25,UNKNOWN,/content/drive/MyDrive/Kophos_Features_MVP_34/features_mp/train/7671104953035555-TO_flip.npy
1486877840015612-TO_flip,train,25,UNKNOWN,/content/drive/MyDrive/Kophos_Features_MVP_34/features_mp/train/1486877840015612-TO_flip.npy
5708302500749316-TO,train,25,UNKNOWN,/content/drive/MyDrive/Kophos_Features_MVP_34/features_mp/train/5708302500749316-TO.npy
2058570469259465-TO_flip,train,25,UNKNOWN,/content/drive/MyDrive/Kophos_Features_MVP_34/features_mp/train/2058570469259465-TO_flip.npy
4370636527220899-TO,train,25,UNKNOWN,/content/drive/MyDrive/Kophos_Features_MVP_34/features_mp/train/4370636527220899-TO.npy
6101010190720713-TO,train,25,UNKNOWN,/content/drive/MyDrive/Kophos_Features_MVP_34/features_mp/train/6101010190720713-TO.npy
3355663938653215-TO_flip,train,25,UNKNOWN,/content/drive/MyDrive/Kophos_Features_MVP_34/features_mp/train/3355663938653215-TO_flip.npy
7984990821302477-TO_flip,train,25,UNKNOWN,/content/drive/MyDrive/Kophos_Features_MVP_34/features_mp/train/7984990821302477-TO_flip.npy
7821227131918892-TO_flip,train,25,UNKNOWN,/content/drive/MyDrive/Kophos_Features_MVP_34/features_mp/train/7821227131918892-TO_flip.npy
4875109296370193-TO_flip,train,25,UNKNOWN,/content/drive/MyDrive/Kophos_Features_MVP_34/features_mp/train/4875109296370193-TO_flip.npy
6057977195540294-TO,train,25,UNKNOWN,/content/drive/MyDrive/Kophos_Features_MVP_34/features_mp/train/6057977195540294-TO.npy
39434248558375007-TO,train,25,UNKNOWN,/content/drive/MyDrive/Kophos_Features_MVP_34/features_mp/train/39434248558375007-TO.npy
4626216020924371-TO_flip,train,25,UNKNOWN,/content/drive/MyDrive/Kophos_Features_MVP_34/features_mp/train/4626216020924371-TO_flip.npy
1397614747827459-TO_flip,train,25,UNKNOWN,/content/drive/MyDrive/Kophos_Features_MVP_34/features_mp/train/1397614747827459-TO_flip.npy
5326028430917451-TO,train,25,UNKNOWN,/content/drive/MyDrive/Kophos_Features_MVP_34/features_mp/train/5326028430917451-TO.npy
9612749675487693-TO_flip,train,25,UNKNOWN,/content/drive/MyDrive/Kophos_Features_MVP_34/features_mp/train/9612749675487693-TO_flip.npy
7120042963993861-TO_flip,train,25,UNKNOWN,/content/drive/MyDrive/Kophos_Features_MVP_34/features_mp/train/7120042963993861-TO_flip.npy
9459453490802729-TO_flip,train,25,UNKNOWN,/content/drive/MyDrive/Kophos_Features_MVP_34/features_mp/train/9459453490802729-TO_flip.npy
22542192344070688-TO,train,25,UNKNOWN,/content/drive/MyDrive/Kophos_Features_MVP_34/features_mp/train/22542192344070688-TO.npy
2528643137941373-TO_flip,train,25,UNKNOWN,/content/drive/MyDrive/Kophos_Features_MVP_34/features_mp/train/2528643137941373-TO_flip.npy
1043458622458557-TO_flip,train,25,UNKNOWN,/content/drive/MyDrive/Kophos_Features_MVP_34/features_mp/train/1043458622458557-TO_flip.npy
6736615813492318-TO_flip,train,25,UNKNOWN,/content/drive/MyDrive/Kophos_Features_MVP_34/features_mp/train/6736615813492318-TO_flip.npy
1364167474640938-TO_flip,train,25,UNKNOWN,/content/drive/MyDrive/Kophos_Features_MVP_34/features_mp/train/1364167474640938-TO_flip.npy
1808569213513038-TO_flip,train,25,UNKNOWN,/content/drive/MyDrive/Kophos_Features_MVP_34/features_mp/train/1808569213513038-TO_flip.npy
9758520719152322-TO,train,25,UNKNOWN,/content/drive/MyDrive/Kophos_Features_MVP_34/features_mp/train/9758520719152322-TO.npy
7988885456787325-TO_flip,train,25,UNKNOWN,/content/drive/MyDrive/Kophos_Features_MVP_34/features_mp/train/7988885456787325-TO_flip.npy
7664751384116033-TO_flip,train,25,UNKNOWN,/content/drive/MyDrive/Kophos_Features_MVP_34/features_mp/train/7664751384116033-TO_flip.npy
8494509045555283-TO_flip,train,25,UNKNOWN,/content/drive/MyDrive/Kophos_Features_MVP_34/features_mp/train/8494509045555283-TO_flip.npy
5661810479332601-TO,train,25,UNKNOWN,/content/drive/MyDrive/Kophos_Features_MVP_34/features_mp/train/5661810479332601-TO.npy
1399560540197135-TO_flip,train,25,UNKNOWN,/content/drive/MyDrive/Kophos_Features_MVP_34/features_mp/train/1399560540197135-TO_flip.npy
6677753461280018-TO_flip,train,25,UNKNOWN,/content/drive/MyDrive/Kophos_Features_MVP_34/features_mp/train/6677753461280018-TO_flip.npy
8799702699591549-TO_flip,train,25,UNKNOWN,/content/drive/MyDrive/Kophos_Features_MVP_34/features_mp/train/8799702699591549-TO_flip.npy
793970673925166-TO,train,25,UNKNOWN,/content/drive/MyDrive/Kophos_Features_MVP_34/features_mp/train/793970673925166-TO.npy
2461260049501918-TO_flip,train,25,UNKNOWN,/content/drive/MyDrive/Kophos_Features_MVP_34/features_mp/train/2461260049501918-TO_flip.npy
8933993857528837-TO_flip,train,25,UNKNOWN,/content/drive/MyDrive/Kophos_Features_MVP_34/features_mp/train/8933993857528837-TO_flip.npy
5155946397296289-TO,train,25,UNKNOWN,/content/drive/MyDrive/Kophos_Features_MVP_34/features_mp/train/5155946397296289-TO.npy
9115665363510697-TO,train,25,UNKNOWN,/content/drive/MyDrive/Kophos_Features_MVP_34/features_mp/train/9115665363510697-TO.npy
3151159609618235-TO,train,25,UNKNOWN,/content/drive/MyDrive/Kophos_Features_MVP_34/features_mp/train/3151159609618235-TO.npy
6225463381067158-TO,train,25,UNKNOWN,/content/drive/MyDrive/Kophos_Features_MVP_34/features_mp/train/6225463381067158-TO.npy
48253131456940523-TO,train,25,UNKNOWN,/content/drive/MyDrive/Kophos_Features_MVP_34/features_mp/train/48253131456940523-TO.npy
1896414552793788-TO_flip,train,25,UNKNOWN,/content/drive/MyDrive/Kophos_Features_MVP_34/features_mp/train/1896414552793788-TO_flip.npy
3996005595787848-TO_flip,train,25,UNKNOWN,/content/drive/MyDrive/Kophos_Features_MVP_34/features_mp/train/3996005595787848-TO_flip.npy
7044936255943271-TO_flip,train,25,UNKNOWN,/content/drive/MyDrive/Kophos_Features_MVP_34/features_mp/train/7044936255943271-TO_flip.npy
2979695475638819-TO_flip,train,25,UNKNOWN,/content/drive/MyDrive/Kophos_Features_MVP_34/features_mp/train/2979695475638819-TO_flip.npy
6576507294697417-TO_flip,train,25,UNKNOWN,/content/drive/MyDrive/Kophos_Features_MVP_34/features_mp/train/6576507294697417-TO_flip.npy
9378105016509394-TO_flip,train,25,UNKNOWN,/content/drive/MyDrive/Kophos_Features_MVP_34/features_mp/train/9378105016509394-TO_flip.npy
2990356583012227-TO_flip,train,25,UNKNOWN,/content/drive/MyDrive/Kophos_Features_MVP_34/features_mp/train/2990356583012227-TO_flip.npy
9294178745895061-TO_flip,train,25,UNKNOWN,/content/drive/MyDrive/Kophos_Features_MVP_34/features_mp/train/9294178745895061-TO_flip.npy
33660180354254776-TO,train,25,UNKNOWN,/content/drive/MyDrive/Kophos_Features_MVP_34/features_mp/train/33660180354254776-TO.npy
5869972126630754-TO,train,25,UNKNOWN,/content/drive/MyDrive/Kophos_Features_MVP_34/features_mp/train/5869972126630754-TO.npy
4538683177238554-TO_flip,train,25,UNKNOWN,/content/drive/MyDrive/Kophos_Features_MVP_34/features_mp/train/4538683177238554-TO_flip.npy
9899842959117846-TO,train,25,UNKNOWN,/content/drive/MyDrive/Kophos_Features_MVP_34/features_mp/train/9899842959117846-TO.npy
3969278535473680-TO_flip,train,25,UNKNOWN,/content/drive/MyDrive/Kophos_Features_MVP_34/features_mp/train/3969278535473680-TO_flip.npy
955671121006822-TO,train,25,UNKNOWN,/content/drive/MyDrive/Kophos_Features_MVP_34/features_mp/train/955671121006822-TO.npy
2488050029845079-TO_flip,train,25,UNKNOWN,/content/drive/MyDrive/Kophos_Features_MVP_34/features_mp/train/2488050029845079-TO_flip.npy
8078279528907383-TO_flip,train,25,UNKNOWN,/content/drive/MyDrive/Kophos_Features_MVP_34/features_mp/train/8078279528907383-TO_flip.npy
6669850327923011-TO_flip,val,25,UNKNOWN,/content/drive/MyDrive/Kophos_Features_MVP_34/features_mp/val/6669850327923011-TO_flip.npy
4642820993791864-TO_flip,val,25,UNKNOWN,/content/drive/MyDrive/Kophos_Features_MVP_34/features_mp/val/4642820993791864-TO_flip.npy
4259599681070968-TO_flip,val,25,UNKNOWN,/content/drive/MyDrive/Kophos_Features_MVP_34/features_mp/val/4259599681070968-TO_flip.npy
1921899845923728-TO_flip,val,25,UNKNOWN,/content/drive/MyDrive/Kophos_Features_MVP_34/features_mp/val/1921899845923728-TO_flip.npy
2832379717174406-TO_flip,val,25,UNKNOWN,/content/drive/MyDrive/Kophos_Features_MVP_34/features_mp/val/2832379717174406-TO_flip.npy
7677532228024171-TO_flip,val,25,UNKNOWN,/content/drive/MyDrive/Kophos_Features_MVP_34/features_mp/val/7677532228024171-TO_flip.npy
7311352446331734-TO,val,25,UNKNOWN,/content/drive/MyDrive/Kophos_Features_MVP_34/features_mp/val/7311352446331734-TO.npy
11077818738004175-TO,val,25,UNKNOWN,/content/drive/MyDrive/Kophos_Features_MVP_34/features_mp/val/11077818738004175-TO.npy
2708877100927527-TO,test,25,UNKNOWN,/content/drive/MyDrive/Kophos_Features_MVP_34/features_mp/test/2708877100927527-TO.npy
6409999627218917-TO_flip,test,25,UNKNOWN,/content/drive/MyDrive/Kophos_Features_MVP_34/features_mp/test/6409999627218917-TO_flip.npy
5356379452910163-TO,test,25,UNKNOWN,/content/drive/MyDrive/Kophos_Features_MVP_34/features_mp/test/5356379452910163-TO.npy
4737122289708770-TO_flip,test,25,UNKNOWN,/content/drive/MyDrive/Kophos_Features_MVP_34/features_mp/test/4737122289708770-TO_flip.npy
18609107139990644-TO,test,25,UNKNOWN,/content/drive/MyDrive/Kophos_Features_MVP_34/features_mp/test/18609107139990644-TO.npy
2166475123759534-TO_flip,test,25,UNKNOWN,/content/drive/MyDrive/Kophos_Features_MVP_34/features_mp/test/2166475123759534-TO_flip.npy
6740690600322434-TO_flip,test,25,UNKNOWN,/content/drive/MyDrive/Kophos_Features_MVP_34/features_mp/test/6740690600322434-TO_flip.npy
5853758237416207-TO_flip,test,25,UNKNOWN,/content/drive/MyDrive/Kophos_Features_MVP_34/features_mp/test/5853758237416207-TO_flip.npy
8278947776596932-TO_flip,test,25,UNKNOWN,/content/drive/MyDrive/Kophos_Features_MVP_34/features_mp/test/8278947776596932-TO_flip.npy
9793622607310460-UNDERSTAND_flip,train,26,UNKNOWN,/content/drive/MyDrive/Kophos_Features_MVP_34/features_mp/train/9793622607310460-UNDERSTAND_flip.npy
6424637597161564-UNDERSTAND,train,26,UNKNOWN,/content/drive/MyDrive/Kophos_Features_MVP_34/features_mp/train/6424637597161564-UNDERSTAND.npy
8911919318470100-UNDERSTAND_flip,train,26,UNKNOWN,/content/drive/MyDrive/Kophos_Features_MVP_34/features_mp/train/8911919318470100-UNDERSTAND_flip.npy
4994367714832122-UNDERSTAND_flip,train,26,UNKNOWN,/content/drive/MyDrive/Kophos_Features_MVP_34/features_mp/train/4994367714832122-UNDERSTAND_flip.npy
6612683097049890-UNDERSTAND_flip,train,26,UNKNOWN,/content/drive/MyDrive/Kophos_Features_MVP_34/features_mp/train/6612683097049890-UNDERSTAND_flip.npy
1670003665074661-UNDERSTAND_flip,train,26,UNKNOWN,/content/drive/MyDrive/Kophos_Features_MVP_34/features_mp/train/1670003665074661-UNDERSTAND_flip.npy
1445309304155769-UNDERSTAND_flip,train,26,UNKNOWN,/content/drive/MyDrive/Kophos_Features_MVP_34/features_mp/train/1445309304155769-UNDERSTAND_flip.npy
2545238147717298-UNDERSTAND_flip,train,26,UNKNOWN,/content/drive/MyDrive/Kophos_Features_MVP_34/features_mp/train/2545238147717298-UNDERSTAND_flip.npy
5066655173947985-UNDERSTAND_flip,train,26,UNKNOWN,/content/drive/MyDrive/Kophos_Features_MVP_34/features_mp/train/5066655173947985-UNDERSTAND_flip.npy
1710021079776378-UNDERSTAND_flip,train,26,UNKNOWN,/content/drive/MyDrive/Kophos_Features_MVP_34/features_mp/train/1710021079776378-UNDERSTAND_flip.npy
7593661084101285-UNDERSTAND_flip,train,26,UNKNOWN,/content/drive/MyDrive/Kophos_Features_MVP_34/features_mp/train/7593661084101285-UNDERSTAND_flip.npy
6745834273988278-UNDERSTAND,train,26,UNKNOWN,/content/drive/MyDrive/Kophos_Features_MVP_34/features_mp/train/6745834273988278-UNDERSTAND.npy
5510653389136646-UNDERSTAND_flip,train,26,UNKNOWN,/content/drive/MyDrive/Kophos_Features_MVP_34/features_mp/train/5510653389136646-UNDERSTAND_flip.npy
27832701315476815-UNDERSTAND,train,26,UNKNOWN,/content/drive/MyDrive/Kophos_Features_MVP_34/features_mp/train/27832701315476815-UNDERSTAND.npy
1162402829641506-UNDERSTAND_flip,train,26,UNKNOWN,/content/drive/MyDrive/Kophos_Features_MVP_34/features_mp/train/1162402829641506-UNDERSTAND_flip.npy
5695842789364522-UNDERSTAND_flip,train,26,UNKNOWN,/content/drive/MyDrive/Kophos_Features_MVP_34/features_mp/train/5695842789364522-UNDERSTAND_flip.npy
6391301835498255-UNDERSTAND_flip,train,26,UNKNOWN,/content/drive/MyDrive/Kophos_Features_MVP_34/features_mp/train/6391301835498255-UNDERSTAND_flip.npy
3937510884706102-UNDERSTAND_flip,train,26,UNKNOWN,/content/drive/MyDrive/Kophos_Features_MVP_34/features_mp/train/3937510884706102-UNDERSTAND_flip.npy
6762437534373142-UNDERSTAND,train,26,UNKNOWN,/content/drive/MyDrive/Kophos_Features_MVP_34/features_mp/train/6762437534373142-UNDERSTAND.npy
7132582358098527-UNDERSTAND_flip,train,26,UNKNOWN,/content/drive/MyDrive/Kophos_Features_MVP_34/features_mp/train/7132582358098527-UNDERSTAND_flip.npy
40156343723600907-UNDERSTAND,train,26,UNKNOWN,/content/drive/MyDrive/Kophos_Features_MVP_34/features_mp/train/40156343723600907-UNDERSTAND.npy
4760398048860097-UNDERSTAND_flip,train,26,UNKNOWN,/content/drive/MyDrive/Kophos_Features_MVP_34/features_mp/train/4760398048860097-UNDERSTAND_flip.npy
4721912122945802-UNDERSTAND_flip,train,26,UNKNOWN,/content/drive/MyDrive/Kophos_Features_MVP_34/features_mp/train/4721912122945802-UNDERSTAND_flip.npy
4392432819513526-UNDERSTAND_flip,train,26,UNKNOWN,/content/drive/MyDrive/Kophos_Features_MVP_34/features_mp/train/4392432819513526-UNDERSTAND_flip.npy
7279019189952118-UNDERSTAND_flip,train,26,UNKNOWN,/content/drive/MyDrive/Kophos_Features_MVP_34/features_mp/train/7279019189952118-UNDERSTAND_flip.npy
9909435178086437-UNDERSTAND_flip,train,26,UNKNOWN,/content/drive/MyDrive/Kophos_Features_MVP_34/features_mp/train/9909435178086437-UNDERSTAND_flip.npy
7104877102262822-UNDERSTAND_flip,train,26,UNKNOWN,/content/drive/MyDrive/Kophos_Features_MVP_34/features_mp/train/7104877102262822-UNDERSTAND_flip.npy
8409422601351279-UNDERSTAND_flip,train,26,UNKNOWN,/content/drive/MyDrive/Kophos_Features_MVP_34/features_mp/train/8409422601351279-UNDERSTAND_flip.npy
7409213410493059-UNDERSTAND_flip,train,26,UNKNOWN,/content/drive/MyDrive/Kophos_Features_MVP_34/features_mp/train/7409213410493059-UNDERSTAND_flip.npy
31049412762325446-UNDERSTAND,train,26,UNKNOWN,/content/drive/MyDrive/Kophos_Features_MVP_34/features_mp/train/31049412762325446-UNDERSTAND.npy
2694634682513938-UNDERSTAND_flip,train,26,UNKNOWN,/content/drive/MyDrive/Kophos_Features_MVP_34/features_mp/train/2694634682513938-UNDERSTAND_flip.npy
8444846223717289-UNDERSTAND_flip,train,26,UNKNOWN,/content/drive/MyDrive/Kophos_Features_MVP_34/features_mp/train/8444846223717289-UNDERSTAND_flip.npy
3018334807491294-UNDERSTAND,train,26,UNKNOWN,/content/drive/MyDrive/Kophos_Features_MVP_34/features_mp/train/3018334807491294-UNDERSTAND.npy
9952960952530591-UNDERSTAND_flip,train,26,UNKNOWN,/content/drive/MyDrive/Kophos_Features_MVP_34/features_mp/train/9952960952530591-UNDERSTAND_flip.npy
7319290101509725-UNDERSTAND_flip,train,26,UNKNOWN,/content/drive/MyDrive/Kophos_Features_MVP_34/features_mp/train/7319290101509725-UNDERSTAND_flip.npy
1634576880910958-UNDERSTAND_flip,train,26,UNKNOWN,/content/drive/MyDrive/Kophos_Features_MVP_34/features_mp/train/1634576880910958-UNDERSTAND_flip.npy
8074888722893125-UNDERSTAND_flip,train,26,UNKNOWN,/content/drive/MyDrive/Kophos_Features_MVP_34/features_mp/train/8074888722893125-UNDERSTAND_flip.npy
3938374587100670-UNDERSTAND_flip,train,26,UNKNOWN,/content/drive/MyDrive/Kophos_Features_MVP_34/features_mp/train/3938374587100670-UNDERSTAND_flip.npy
9734177141118820-UNDERSTAND_flip,train,26,UNKNOWN,/content/drive/MyDrive/Kophos_Features_MVP_34/features_mp/train/9734177141118820-UNDERSTAND_flip.npy
2999107393441156-UNDERSTAND,train,26,UNKNOWN,/content/drive/MyDrive/Kophos_Features_MVP_34/features_mp/train/2999107393441156-UNDERSTAND.npy
2600766605065974-UNDERSTAND_flip,train,26,UNKNOWN,/content/drive/MyDrive/Kophos_Features_MVP_34/features_mp/train/2600766605065974-UNDERSTAND_flip.npy
2415193783792853-UNDERSTAND_flip,train,26,UNKNOWN,/content/drive/MyDrive/Kophos_Features_MVP_34/features_mp/train/2415193783792853-UNDERSTAND_flip.npy
8652123560487763-UNDERSTAND_flip,train,26,UNKNOWN,/content/drive/MyDrive/Kophos_Features_MVP_34/features_mp/train/8652123560487763-UNDERSTAND_flip.npy
7823563215446309-UNDERSTAND_flip,train,26,UNKNOWN,/content/drive/MyDrive/Kophos_Features_MVP_34/features_mp/train/7823563215446309-UNDERSTAND_flip.npy
40550375821025386-UNDERSTAND,train,26,UNKNOWN,/content/drive/MyDrive/Kophos_Features_MVP_34/features_mp/train/40550375821025386-UNDERSTAND.npy
6864052280820390-UNDERSTAND_flip,train,26,UNKNOWN,/content/drive/MyDrive/Kophos_Features_MVP_34/features_mp/train/6864052280820390-UNDERSTAND_flip.npy
5957860749189984-UNDERSTAND_flip,train,26,UNKNOWN,/content/drive/MyDrive/Kophos_Features_MVP_34/features_mp/train/5957860749189984-UNDERSTAND_flip.npy
4687993210650012-UNDERSTAND,train,26,UNKNOWN,/content/drive/MyDrive/Kophos_Features_MVP_34/features_mp/train/4687993210650012-UNDERSTAND.npy
8135405868517125-UNDERSTAND_flip,train,26,UNKNOWN,/content/drive/MyDrive/Kophos_Features_MVP_34/features_mp/train/8135405868517125-UNDERSTAND_flip.npy
5930672580744230-UNDERSTAND_flip,train,26,UNKNOWN,/content/drive/MyDrive/Kophos_Features_MVP_34/features_mp/train/5930672580744230-UNDERSTAND_flip.npy
2041299587339169-UNDERSTAND_flip,train,26,UNKNOWN,/content/drive/MyDrive/Kophos_Features_MVP_34/features_mp/train/2041299587339169-UNDERSTAND_flip.npy
9720233797060560-UNDERSTAND_flip,train,26,UNKNOWN,/content/drive/MyDrive/Kophos_Features_MVP_34/features_mp/train/9720233797060560-UNDERSTAND_flip.npy
5780442434437047-UNDERSTAND_flip,train,26,UNKNOWN,/content/drive/MyDrive/Kophos_Features_MVP_34/features_mp/train/5780442434437047-UNDERSTAND_flip.npy
9319237734723145-UNDERSTAND_flip,train,26,UNKNOWN,/content/drive/MyDrive/Kophos_Features_MVP_34/features_mp/train/9319237734723145-UNDERSTAND_flip.npy
7903893233633115-UNDERSTAND,train,26,UNKNOWN,/content/drive/MyDrive/Kophos_Features_MVP_34/features_mp/train/7903893233633115-UNDERSTAND.npy
5004659728802335-UNDERSTAND_flip,train,26,UNKNOWN,/content/drive/MyDrive/Kophos_Features_MVP_34/features_mp/train/5004659728802335-UNDERSTAND_flip.npy
7619277309512252-UNDERSTAND_flip,train,26,UNKNOWN,/content/drive/MyDrive/Kophos_Features_MVP_34/features_mp/train/7619277309512252-UNDERSTAND_flip.npy
2083988275558574-UNDERSTAND_flip,train,26,UNKNOWN,/content/drive/MyDrive/Kophos_Features_MVP_34/features_mp/train/2083988275558574-UNDERSTAND_flip.npy
4156372049585132-UNDERSTAND_flip,train,26,UNKNOWN,/content/drive/MyDrive/Kophos_Features_MVP_34/features_mp/train/4156372049585132-UNDERSTAND_flip.npy
8604241021179426-UNDERSTAND,train,26,UNKNOWN,/content/drive/MyDrive/Kophos_Features_MVP_34/features_mp/train/8604241021179426-UNDERSTAND.npy
4268222409175071-UNDERSTAND,train,26,UNKNOWN,/content/drive/MyDrive/Kophos_Features_MVP_34/features_mp/train/4268222409175071-UNDERSTAND.npy
030959011181703078-UNDERSTAND,train,26,UNKNOWN,/content/drive/MyDrive/Kophos_Features_MVP_34/features_mp/train/030959011181703078-UNDERSTAND.npy
6508787541133374-UNDERSTAND,train,26,UNKNOWN,/content/drive/MyDrive/Kophos_Features_MVP_34/features_mp/train/6508787541133374-UNDERSTAND.npy
6593382490905721-UNDERSTAND,train,26,UNKNOWN,/content/drive/MyDrive/Kophos_Features_MVP_34/features_mp/train/6593382490905721-UNDERSTAND.npy
6605969835390502-UNDERSTAND,train,26,UNKNOWN,/content/drive/MyDrive/Kophos_Features_MVP_34/features_mp/train/6605969835390502-UNDERSTAND.npy
6191415507296982-UNDERSTAND,train,26,UNKNOWN,/content/drive/MyDrive/Kophos_Features_MVP_34/features_mp/train/6191415507296982-UNDERSTAND.npy
2621288608804102-UNDERSTAND,train,26,UNKNOWN,/content/drive/MyDrive/Kophos_Features_MVP_34/features_mp/train/2621288608804102-UNDERSTAND.npy
2817194705366426-UNDERSTAND_flip,train,26,UNKNOWN,/content/drive/MyDrive/Kophos_Features_MVP_34/features_mp/train/2817194705366426-UNDERSTAND_flip.npy
3904208409477974-UNDERSTAND_flip,train,26,UNKNOWN,/content/drive/MyDrive/Kophos_Features_MVP_34/features_mp/train/3904208409477974-UNDERSTAND_flip.npy
9739460524840495-UNDERSTAND_flip,train,26,UNKNOWN,/content/drive/MyDrive/Kophos_Features_MVP_34/features_mp/train/9739460524840495-UNDERSTAND_flip.npy
9764028504791580-UNDERSTAND_flip,train,26,UNKNOWN,/content/drive/MyDrive/Kophos_Features_MVP_34/features_mp/train/9764028504791580-UNDERSTAND_flip.npy
2374155228317818-UNDERSTAND,train,26,UNKNOWN,/content/drive/MyDrive/Kophos_Features_MVP_34/features_mp/train/2374155228317818-UNDERSTAND.npy
5169212541197368-UNDERSTAND,train,26,UNKNOWN,/content/drive/MyDrive/Kophos_Features_MVP_34/features_mp/train/5169212541197368-UNDERSTAND.npy
0497069696398067-UNDERSTAND,train,26,UNKNOWN,/content/drive/MyDrive/Kophos_Features_MVP_34/features_mp/train/0497069696398067-UNDERSTAND.npy
9663239092789866-UNDERSTAND,val,26,UNKNOWN,/content/drive/MyDrive/Kophos_Features_MVP_34/features_mp/val/9663239092789866-UNDERSTAND.npy
3230345110792440-UNDERSTAND_flip,val,26,UNKNOWN,/content/drive/MyDrive/Kophos_Features_MVP_34/features_mp/val/3230345110792440-UNDERSTAND_flip.npy
6810397598953175-UNDERSTAND,val,26,UNKNOWN,/content/drive/MyDrive/Kophos_Features_MVP_34/features_mp/val/6810397598953175-UNDERSTAND.npy
8071758688201891-UNDERSTAND,val,26,UNKNOWN,/content/drive/MyDrive/Kophos_Features_MVP_34/features_mp/val/8071758688201891-UNDERSTAND.npy
2115142841651775-UNDERSTAND_flip,val,26,UNKNOWN,/content/drive/MyDrive/Kophos_Features_MVP_34/features_mp/val/2115142841651775-UNDERSTAND_flip.npy
8284757342495583-UNDERSTAND_flip,val,26,UNKNOWN,/content/drive/MyDrive/Kophos_Features_MVP_34/features_mp/val/8284757342495583-UNDERSTAND_flip.npy
2596813944213621-UNDERSTAND_flip,val,26,UNKNOWN,/content/drive/MyDrive/Kophos_Features_MVP_34/features_mp/val/2596813944213621-UNDERSTAND_flip.npy
8957172870029923-UNDERSTAND_flip,val,26,UNKNOWN,/content/drive/MyDrive/Kophos_Features_MVP_34/features_mp/val/8957172870029923-UNDERSTAND_flip.npy
5190569218964376-UNDERSTAND,val,26,UNKNOWN,/content/drive/MyDrive/Kophos_Features_MVP_34/features_mp/val/5190569218964376-UNDERSTAND.npy
3316014181785448-UNDERSTAND_flip,test,26,UNKNOWN,/content/drive/MyDrive/Kophos_Features_MVP_34/features_mp/test/3316014181785448-UNDERSTAND_flip.npy
1376861841044581-UNDERSTAND,test,26,UNKNOWN,/content/drive/MyDrive/Kophos_Features_MVP_34/features_mp/test/1376861841044581-UNDERSTAND.npy
9717361996927067-UNDERSTAND,test,26,UNKNOWN,/content/drive/MyDrive/Kophos_Features_MVP_34/features_mp/test/9717361996927067-UNDERSTAND.npy
4222945630230382-UNDERSTAND_flip,test,26,UNKNOWN,/content/drive/MyDrive/Kophos_Features_MVP_34/features_mp/test/4222945630230382-UNDERSTAND_flip.npy
941475953685674-UNDERSTAND,test,26,UNKNOWN,/content/drive/MyDrive/Kophos_Features_MVP_34/features_mp/test/941475953685674-UNDERSTAND.npy
7820583681485189-UNDERSTAND_flip,test,26,UNKNOWN,/content/drive/MyDrive/Kophos_Features_MVP_34/features_mp/test/7820583681485189-UNDERSTAND_flip.npy
9943393544301015-UNDERSTAND_flip,test,26,UNKNOWN,/content/drive/MyDrive/Kophos_Features_MVP_34/features_mp/test/9943393544301015-UNDERSTAND_flip.npy
9301981833487285-UNDERSTAND_flip,test,26,UNKNOWN,/content/drive/MyDrive/Kophos_Features_MVP_34/features_mp/test/9301981833487285-UNDERSTAND_flip.npy
9618610602589022-UNDERSTAND,test,26,UNKNOWN,/content/drive/MyDrive/Kophos_Features_MVP_34/features_mp/test/9618610602589022-UNDERSTAND.npy
6504234134902995-UNDERSTAND,test,26,UNKNOWN,/content/drive/MyDrive/Kophos_Features_MVP_34/features_mp/test/6504234134902995-UNDERSTAND.npy
5693314622804720-WANT_flip,train,27,UNKNOWN,/content/drive/MyDrive/Kophos_Features_MVP_34/features_mp/train/5693314622804720-WANT_flip.npy
1817660259027953-WANT_flip,train,27,UNKNOWN,/content/drive/MyDrive/Kophos_Features_MVP_34/features_mp/train/1817660259027953-WANT_flip.npy
7674111054179705-WANT_flip,train,27,UNKNOWN,/content/drive/MyDrive/Kophos_Features_MVP_34/features_mp/train/7674111054179705-WANT_flip.npy
7928029591771477-WANT_flip,train,27,UNKNOWN,/content/drive/MyDrive/Kophos_Features_MVP_34/features_mp/train/7928029591771477-WANT_flip.npy
006759596328494544-WANT,train,27,UNKNOWN,/content/drive/MyDrive/Kophos_Features_MVP_34/features_mp/train/006759596328494544-WANT.npy
8459253067700705-WANT,train,27,UNKNOWN,/content/drive/MyDrive/Kophos_Features_MVP_34/features_mp/train/8459253067700705-WANT.npy
41884104518222887-WANT,train,27,UNKNOWN,/content/drive/MyDrive/Kophos_Features_MVP_34/features_mp/train/41884104518222887-WANT.npy
5893101049934577-WANT,train,27,UNKNOWN,/content/drive/MyDrive/Kophos_Features_MVP_34/features_mp/train/5893101049934577-WANT.npy
5315295353789104-WANT_flip,train,27,UNKNOWN,/content/drive/MyDrive/Kophos_Features_MVP_34/features_mp/train/5315295353789104-WANT_flip.npy
02600379174001821-WANT,train,27,UNKNOWN,/content/drive/MyDrive/Kophos_Features_MVP_34/features_mp/train/02600379174001821-WANT.npy
3000295554614107-WANT_flip,train,27,UNKNOWN,/content/drive/MyDrive/Kophos_Features_MVP_34/features_mp/train/3000295554614107-WANT_flip.npy
1698981166778217-WANT_flip,train,27,UNKNOWN,/content/drive/MyDrive/Kophos_Features_MVP_34/features_mp/train/1698981166778217-WANT_flip.npy
2155045647013336-WANT,train,27,UNKNOWN,/content/drive/MyDrive/Kophos_Features_MVP_34/features_mp/train/2155045647013336-WANT.npy
4510121340470290-WANT_flip,train,27,UNKNOWN,/content/drive/MyDrive/Kophos_Features_MVP_34/features_mp/train/4510121340470290-WANT_flip.npy
6291853492454742-WANT_flip,train,27,UNKNOWN,/content/drive/MyDrive/Kophos_Features_MVP_34/features_mp/train/6291853492454742-WANT_flip.npy
7748999045318134-WANT_flip,train,27,UNKNOWN,/content/drive/MyDrive/Kophos_Features_MVP_34/features_mp/train/7748999045318134-WANT_flip.npy
6216537751149322-WANT_flip,train,27,UNKNOWN,/content/drive/MyDrive/Kophos_Features_MVP_34/features_mp/train/6216537751149322-WANT_flip.npy
3823601020588675-WANT_flip,train,27,UNKNOWN,/content/drive/MyDrive/Kophos_Features_MVP_34/features_mp/train/3823601020588675-WANT_flip.npy
4893264345340208-WANT_flip,train,27,UNKNOWN,/content/drive/MyDrive/Kophos_Features_MVP_34/features_mp/train/4893264345340208-WANT_flip.npy
5273902293292198-WANT_flip,train,27,UNKNOWN,/content/drive/MyDrive/Kophos_Features_MVP_34/features_mp/train/5273902293292198-WANT_flip.npy
6837164955689031-WANT_flip,train,27,UNKNOWN,/content/drive/MyDrive/Kophos_Features_MVP_34/features_mp/train/6837164955689031-WANT_flip.npy
5645847735732817-WANT_flip,train,27,UNKNOWN,/content/drive/MyDrive/Kophos_Features_MVP_34/features_mp/train/5645847735732817-WANT_flip.npy
6506851052549632-WANT_flip,train,27,UNKNOWN,/content/drive/MyDrive/Kophos_Features_MVP_34/features_mp/train/6506851052549632-WANT_flip.npy
7463145172879508-WANT_flip,train,27,UNKNOWN,/content/drive/MyDrive/Kophos_Features_MVP_34/features_mp/train/7463145172879508-WANT_flip.npy
3784244879043257-WANT_flip,train,27,UNKNOWN,/content/drive/MyDrive/Kophos_Features_MVP_34/features_mp/train/3784244879043257-WANT_flip.npy
4764899254063222-WANT,train,27,UNKNOWN,/content/drive/MyDrive/Kophos_Features_MVP_34/features_mp/train/4764899254063222-WANT.npy
49163773457742876-WANT,train,27,UNKNOWN,/content/drive/MyDrive/Kophos_Features_MVP_34/features_mp/train/49163773457742876-WANT.npy
5786079236416358-WANT_flip,train,27,UNKNOWN,/content/drive/MyDrive/Kophos_Features_MVP_34/features_mp/train/5786079236416358-WANT_flip.npy
7018981359142265-WANT,train,27,UNKNOWN,/content/drive/MyDrive/Kophos_Features_MVP_34/features_mp/train/7018981359142265-WANT.npy
2417183351017528-WANT_flip,train,27,UNKNOWN,/content/drive/MyDrive/Kophos_Features_MVP_34/features_mp/train/2417183351017528-WANT_flip.npy
9310781022563859-WANT,train,27,UNKNOWN,/content/drive/MyDrive/Kophos_Features_MVP_34/features_mp/train/9310781022563859-WANT.npy
1440820400441463-WANT_flip,train,27,UNKNOWN,/content/drive/MyDrive/Kophos_Features_MVP_34/features_mp/train/1440820400441463-WANT_flip.npy
6160055442217601-WANT_flip,train,27,UNKNOWN,/content/drive/MyDrive/Kophos_Features_MVP_34/features_mp/train/6160055442217601-WANT_flip.npy
9307476320071650-WANT_flip,train,27,UNKNOWN,/content/drive/MyDrive/Kophos_Features_MVP_34/features_mp/train/9307476320071650-WANT_flip.npy
3447546388497515-WANT_flip,train,27,UNKNOWN,/content/drive/MyDrive/Kophos_Features_MVP_34/features_mp/train/3447546388497515-WANT_flip.npy
530531684380597-WANT,train,27,UNKNOWN,/content/drive/MyDrive/Kophos_Features_MVP_34/features_mp/train/530531684380597-WANT.npy
7062152776904819-WANT_flip,train,27,UNKNOWN,/content/drive/MyDrive/Kophos_Features_MVP_34/features_mp/train/7062152776904819-WANT_flip.npy
1924840220623281-WANT_flip,train,27,UNKNOWN,/content/drive/MyDrive/Kophos_Features_MVP_34/features_mp/train/1924840220623281-WANT_flip.npy
2460067291525151-WANT_flip,train,27,UNKNOWN,/content/drive/MyDrive/Kophos_Features_MVP_34/features_mp/train/2460067291525151-WANT_flip.npy
2887959255283897-WANT_flip,train,27,UNKNOWN,/content/drive/MyDrive/Kophos_Features_MVP_34/features_mp/train/2887959255283897-WANT_flip.npy
5018643547255005-WANT_flip,train,27,UNKNOWN,/content/drive/MyDrive/Kophos_Features_MVP_34/features_mp/train/5018643547255005-WANT_flip.npy
3368624973869013-WANT_flip,train,27,UNKNOWN,/content/drive/MyDrive/Kophos_Features_MVP_34/features_mp/train/3368624973869013-WANT_flip.npy
5444480431812395-WANT_flip,train,27,UNKNOWN,/content/drive/MyDrive/Kophos_Features_MVP_34/features_mp/train/5444480431812395-WANT_flip.npy
5786053977452852-WANT_flip,train,27,UNKNOWN,/content/drive/MyDrive/Kophos_Features_MVP_34/features_mp/train/5786053977452852-WANT_flip.npy
1831074933050929-WANT_flip,train,27,UNKNOWN,/content/drive/MyDrive/Kophos_Features_MVP_34/features_mp/train/1831074933050929-WANT_flip.npy
4912279937692121-WANT,train,27,UNKNOWN,/content/drive/MyDrive/Kophos_Features_MVP_34/features_mp/train/4912279937692121-WANT.npy
1827977127463142-WANT_flip,train,27,UNKNOWN,/content/drive/MyDrive/Kophos_Features_MVP_34/features_mp/train/1827977127463142-WANT_flip.npy
823110623400116-WANT,train,27,UNKNOWN,/content/drive/MyDrive/Kophos_Features_MVP_34/features_mp/train/823110623400116-WANT.npy
4896827787619412-WANT_flip,train,27,UNKNOWN,/content/drive/MyDrive/Kophos_Features_MVP_34/features_mp/train/4896827787619412-WANT_flip.npy
5131134136009967-WANT_flip,train,27,UNKNOWN,/content/drive/MyDrive/Kophos_Features_MVP_34/features_mp/train/5131134136009967-WANT_flip.npy
3243330513888747-WANT,train,27,UNKNOWN,/content/drive/MyDrive/Kophos_Features_MVP_34/features_mp/train/3243330513888747-WANT.npy
2809787835848126-WANT_flip,train,27,UNKNOWN,/content/drive/MyDrive/Kophos_Features_MVP_34/features_mp/train/2809787835848126-WANT_flip.npy
5802048259362406-WANT_flip,train,27,UNKNOWN,/content/drive/MyDrive/Kophos_Features_MVP_34/features_mp/train/5802048259362406-WANT_flip.npy
7340640373745668-WANT,train,27,UNKNOWN,/content/drive/MyDrive/Kophos_Features_MVP_34/features_mp/train/7340640373745668-WANT.npy
6536837281418952-WANT_flip,train,27,UNKNOWN,/content/drive/MyDrive/Kophos_Features_MVP_34/features_mp/train/6536837281418952-WANT_flip.npy
9437906887417977-WANT_flip,train,27,UNKNOWN,/content/drive/MyDrive/Kophos_Features_MVP_34/features_mp/train/9437906887417977-WANT_flip.npy
6601065950115660-WANT_flip,train,27,UNKNOWN,/content/drive/MyDrive/Kophos_Features_MVP_34/features_mp/train/6601065950115660-WANT_flip.npy
4008235907770839-WANT_flip,train,27,UNKNOWN,/content/drive/MyDrive/Kophos_Features_MVP_34/features_mp/train/4008235907770839-WANT_flip.npy
9445700887047773-WANT_flip,train,27,UNKNOWN,/content/drive/MyDrive/Kophos_Features_MVP_34/features_mp/train/9445700887047773-WANT_flip.npy
10421760727572105-WANT,train,27,UNKNOWN,/content/drive/MyDrive/Kophos_Features_MVP_34/features_mp/train/10421760727572105-WANT.npy
0379196499588077-WANT,train,27,UNKNOWN,/content/drive/MyDrive/Kophos_Features_MVP_34/features_mp/train/0379196499588077-WANT.npy
1119383962866078-WANT_flip,train,27,UNKNOWN,/content/drive/MyDrive/Kophos_Features_MVP_34/features_mp/train/1119383962866078-WANT_flip.npy
0736334414323001-WANT,train,27,UNKNOWN,/content/drive/MyDrive/Kophos_Features_MVP_34/features_mp/train/0736334414323001-WANT.npy
6285630118257322-WANT,train,27,UNKNOWN,/content/drive/MyDrive/Kophos_Features_MVP_34/features_mp/train/6285630118257322-WANT.npy
4792813849752543-WANT_flip,train,27,UNKNOWN,/content/drive/MyDrive/Kophos_Features_MVP_34/features_mp/train/4792813849752543-WANT_flip.npy
7361516326952664-WANT,train,27,UNKNOWN,/content/drive/MyDrive/Kophos_Features_MVP_34/features_mp/train/7361516326952664-WANT.npy
6686807738711529-WANT_flip,train,27,UNKNOWN,/content/drive/MyDrive/Kophos_Features_MVP_34/features_mp/train/6686807738711529-WANT_flip.npy
3330583417668693-WANT,train,27,UNKNOWN,/content/drive/MyDrive/Kophos_Features_MVP_34/features_mp/train/3330583417668693-WANT.npy
3806176742244156-WANT,train,27,UNKNOWN,/content/drive/MyDrive/Kophos_Features_MVP_34/features_mp/train/3806176742244156-WANT.npy
4112986912815155-WANT,val,27,UNKNOWN,/content/drive/MyDrive/Kophos_Features_MVP_34/features_mp/val/4112986912815155-WANT.npy
7315299526625414-WANT,val,27,UNKNOWN,/content/drive/MyDrive/Kophos_Features_MVP_34/features_mp/val/7315299526625414-WANT.npy
2133778854392388-WANT_flip,val,27,UNKNOWN,/content/drive/MyDrive/Kophos_Features_MVP_34/features_mp/val/2133778854392388-WANT_flip.npy
7352863133413479-WANT_flip,val,27,UNKNOWN,/content/drive/MyDrive/Kophos_Features_MVP_34/features_mp/val/7352863133413479-WANT_flip.npy
1549671141661335-WANT,val,27,UNKNOWN,/content/drive/MyDrive/Kophos_Features_MVP_34/features_mp/val/1549671141661335-WANT.npy
7097897697523095-WANT_flip,val,27,UNKNOWN,/content/drive/MyDrive/Kophos_Features_MVP_34/features_mp/val/7097897697523095-WANT_flip.npy
5935927846691731-WANT,val,27,UNKNOWN,/content/drive/MyDrive/Kophos_Features_MVP_34/features_mp/val/5935927846691731-WANT.npy
5092869326019552-WANT_flip,val,27,UNKNOWN,/content/drive/MyDrive/Kophos_Features_MVP_34/features_mp/val/5092869326019552-WANT_flip.npy
5676022999784702-WANT,val,27,UNKNOWN,/content/drive/MyDrive/Kophos_Features_MVP_34/features_mp/val/5676022999784702-WANT.npy
9184366037069630-WANT_flip,test,27,UNKNOWN,/content/drive/MyDrive/Kophos_Features_MVP_34/features_mp/test/9184366037069630-WANT_flip.npy
35453002868935335-WANT,test,27,UNKNOWN,/content/drive/MyDrive/Kophos_Features_MVP_34/features_mp/test/35453002868935335-WANT.npy
5317803637507207-WANT_flip,test,27,UNKNOWN,/content/drive/MyDrive/Kophos_Features_MVP_34/features_mp/test/5317803637507207-WANT_flip.npy
28865913696775825-WANT,test,27,UNKNOWN,/content/drive/MyDrive/Kophos_Features_MVP_34/features_mp/test/28865913696775825-WANT.npy
7612394617949974-WANT_flip,test,27,UNKNOWN,/content/drive/MyDrive/Kophos_Features_MVP_34/features_mp/test/7612394617949974-WANT_flip.npy
4791686768071489-WANT_flip,test,27,UNKNOWN,/content/drive/MyDrive/Kophos_Features_MVP_34/features_mp/test/4791686768071489-WANT_flip.npy
4274297551800265-WANT_flip,test,27,UNKNOWN,/content/drive/MyDrive/Kophos_Features_MVP_34/features_mp/test/4274297551800265-WANT_flip.npy
6775372012422238-WANT_flip,test,27,UNKNOWN,/content/drive/MyDrive/Kophos_Features_MVP_34/features_mp/test/6775372012422238-WANT_flip.npy
6802310534183186-WANT_flip,test,27,UNKNOWN,/content/drive/MyDrive/Kophos_Features_MVP_34/features_mp/test/6802310534183186-WANT_flip.npy
32552115561898876-WHERE,train,28,UNKNOWN,/content/drive/MyDrive/Kophos_Features_MVP_34/features_mp/train/32552115561898876-WHERE.npy
7750734997528588-WHERE,train,28,UNKNOWN,/content/drive/MyDrive/Kophos_Features_MVP_34/features_mp/train/7750734997528588-WHERE.npy
5163319925830589-WHERE_flip,train,28,UNKNOWN,/content/drive/MyDrive/Kophos_Features_MVP_34/features_mp/train/5163319925830589-WHERE_flip.npy
5985508360496106-WHERE,train,28,UNKNOWN,/content/drive/MyDrive/Kophos_Features_MVP_34/features_mp/train/5985508360496106-WHERE.npy
6471203705029369-WHERE,train,28,UNKNOWN,/content/drive/MyDrive/Kophos_Features_MVP_34/features_mp/train/6471203705029369-WHERE.npy
4648984490427129-WHERE_flip,train,28,UNKNOWN,/content/drive/MyDrive/Kophos_Features_MVP_34/features_mp/train/4648984490427129-WHERE_flip.npy
2834924707595988-WHERE_flip,train,28,UNKNOWN,/content/drive/MyDrive/Kophos_Features_MVP_34/features_mp/train/2834924707595988-WHERE_flip.npy
17354191997018575-WHERE,train,28,UNKNOWN,/content/drive/MyDrive/Kophos_Features_MVP_34/features_mp/train/17354191997018575-WHERE.npy
7968041209479837-WHERE,train,28,UNKNOWN,/content/drive/MyDrive/Kophos_Features_MVP_34/features_mp/train/7968041209479837-WHERE.npy
7250155607202244-WHERE_flip,train,28,UNKNOWN,/content/drive/MyDrive/Kophos_Features_MVP_34/features_mp/train/7250155607202244-WHERE_flip.npy
5194308575650113-WHERE,train,28,UNKNOWN,/content/drive/MyDrive/Kophos_Features_MVP_34/features_mp/train/5194308575650113-WHERE.npy
4602411201766235-WHERE_flip,train,28,UNKNOWN,/content/drive/MyDrive/Kophos_Features_MVP_34/features_mp/train/4602411201766235-WHERE_flip.npy
3443387316120375-WHERE_flip,train,28,UNKNOWN,/content/drive/MyDrive/Kophos_Features_MVP_34/features_mp/train/3443387316120375-WHERE_flip.npy
9957868929062672-WHERE,train,28,UNKNOWN,/content/drive/MyDrive/Kophos_Features_MVP_34/features_mp/train/9957868929062672-WHERE.npy
1025497206297289-WHERE_flip,train,28,UNKNOWN,/content/drive/MyDrive/Kophos_Features_MVP_34/features_mp/train/1025497206297289-WHERE_flip.npy
6999394901611251-WHERE,train,28,UNKNOWN,/content/drive/MyDrive/Kophos_Features_MVP_34/features_mp/train/6999394901611251-WHERE.npy
9824526442836845-WHERE,train,28,UNKNOWN,/content/drive/MyDrive/Kophos_Features_MVP_34/features_mp/train/9824526442836845-WHERE.npy
8638546337770016-WHERE_flip,train,28,UNKNOWN,/content/drive/MyDrive/Kophos_Features_MVP_34/features_mp/train/8638546337770016-WHERE_flip.npy
1922498930500433-WHERE_flip,train,28,UNKNOWN,/content/drive/MyDrive/Kophos_Features_MVP_34/features_mp/train/1922498930500433-WHERE_flip.npy
8035695575043026-WHERE_flip,train,28,UNKNOWN,/content/drive/MyDrive/Kophos_Features_MVP_34/features_mp/train/8035695575043026-WHERE_flip.npy
5184428142201855-WHERE_flip,train,28,UNKNOWN,/content/drive/MyDrive/Kophos_Features_MVP_34/features_mp/train/5184428142201855-WHERE_flip.npy
3227845753007452-WHERE,train,28,UNKNOWN,/content/drive/MyDrive/Kophos_Features_MVP_34/features_mp/train/3227845753007452-WHERE.npy
3243236964291878-WHERE_flip,train,28,UNKNOWN,/content/drive/MyDrive/Kophos_Features_MVP_34/features_mp/train/3243236964291878-WHERE_flip.npy
7657156429611965-WHERE_flip,train,28,UNKNOWN,/content/drive/MyDrive/Kophos_Features_MVP_34/features_mp/train/7657156429611965-WHERE_flip.npy
7774017115901912-WHERE_flip,train,28,UNKNOWN,/content/drive/MyDrive/Kophos_Features_MVP_34/features_mp/train/7774017115901912-WHERE_flip.npy
4223618248504115-WHERE,train,28,UNKNOWN,/content/drive/MyDrive/Kophos_Features_MVP_34/features_mp/train/4223618248504115-WHERE.npy
12174913678763644-WHERE,train,28,UNKNOWN,/content/drive/MyDrive/Kophos_Features_MVP_34/features_mp/train/12174913678763644-WHERE.npy
8728839222341029-WHERE,train,28,UNKNOWN,/content/drive/MyDrive/Kophos_Features_MVP_34/features_mp/train/8728839222341029-WHERE.npy
37418457822538387-WHERE,train,28,UNKNOWN,/content/drive/MyDrive/Kophos_Features_MVP_34/features_mp/train/37418457822538387-WHERE.npy
7165036884614022-WHERE_flip,train,28,UNKNOWN,/content/drive/MyDrive/Kophos_Features_MVP_34/features_mp/train/7165036884614022-WHERE_flip.npy
2868358953291379-WHERE,train,28,UNKNOWN,/content/drive/MyDrive/Kophos_Features_MVP_34/features_mp/train/2868358953291379-WHERE.npy
8036495170691517-WHERE_flip,train,28,UNKNOWN,/content/drive/MyDrive/Kophos_Features_MVP_34/features_mp/train/8036495170691517-WHERE_flip.npy
5589002661440625-WHERE,train,28,UNKNOWN,/content/drive/MyDrive/Kophos_Features_MVP_34/features_mp/train/5589002661440625-WHERE.npy
09379414966671162-WHERE,train,28,UNKNOWN,/content/drive/MyDrive/Kophos_Features_MVP_34/features_mp/train/09379414966671162-WHERE.npy
8031700973268553-WHERE_flip,train,28,UNKNOWN,/content/drive/MyDrive/Kophos_Features_MVP_34/features_mp/train/8031700973268553-WHERE_flip.npy
5384115196640392-WHERE_flip,train,28,UNKNOWN,/content/drive/MyDrive/Kophos_Features_MVP_34/features_mp/train/5384115196640392-WHERE_flip.npy
41673665309194896-WHERE,train,28,UNKNOWN,/content/drive/MyDrive/Kophos_Features_MVP_34/features_mp/train/41673665309194896-WHERE.npy
37275461912744046-WHERE,train,28,UNKNOWN,/content/drive/MyDrive/Kophos_Features_MVP_34/features_mp/train/37275461912744046-WHERE.npy
6926819508889349-WHERE_flip,train,28,UNKNOWN,/content/drive/MyDrive/Kophos_Features_MVP_34/features_mp/train/6926819508889349-WHERE_flip.npy
2948501475098507-WHERE_flip,train,28,UNKNOWN,/content/drive/MyDrive/Kophos_Features_MVP_34/features_mp/train/2948501475098507-WHERE_flip.npy
19532533865671398-WHERE,train,28,UNKNOWN,/content/drive/MyDrive/Kophos_Features_MVP_34/features_mp/train/19532533865671398-WHERE.npy
8973225790767777-WHERE_flip,train,28,UNKNOWN,/content/drive/MyDrive/Kophos_Features_MVP_34/features_mp/train/8973225790767777-WHERE_flip.npy
4408635959843264-WHERE_flip,val,28,UNKNOWN,/content/drive/MyDrive/Kophos_Features_MVP_34/features_mp/val/4408635959843264-WHERE_flip.npy
9574229853297838-WHERE,val,28,UNKNOWN,/content/drive/MyDrive/Kophos_Features_MVP_34/features_mp/val/9574229853297838-WHERE.npy
9317687529080529-WHERE,val,28,UNKNOWN,/content/drive/MyDrive/Kophos_Features_MVP_34/features_mp/val/9317687529080529-WHERE.npy
9649854501303664-WHERE_flip,val,28,UNKNOWN,/content/drive/MyDrive/Kophos_Features_MVP_34/features_mp/val/9649854501303664-WHERE_flip.npy
8969965061622676-WHERE,val,28,UNKNOWN,/content/drive/MyDrive/Kophos_Features_MVP_34/features_mp/val/8969965061622676-WHERE.npy
8908811666463687-WHERE_flip,val,28,UNKNOWN,/content/drive/MyDrive/Kophos_Features_MVP_34/features_mp/val/8908811666463687-WHERE_flip.npy
3614350392614152-WHERE,val,28,UNKNOWN,/content/drive/MyDrive/Kophos_Features_MVP_34/features_mp/val/3614350392614152-WHERE.npy
3581725522494301-WHERE_flip,val,28,UNKNOWN,/content/drive/MyDrive/Kophos_Features_MVP_34/features_mp/val/3581725522494301-WHERE_flip.npy
9308246772428356-WHERE_flip,test,28,UNKNOWN,/content/drive/MyDrive/Kophos_Features_MVP_34/features_mp/test/9308246772428356-WHERE_flip.npy
8616380639473190-WHERE_flip,test,28,UNKNOWN,/content/drive/MyDrive/Kophos_Features_MVP_34/features_mp/test/8616380639473190-WHERE_flip.npy
2469677887389576-WHERE_flip,test,28,UNKNOWN,/content/drive/MyDrive/Kophos_Features_MVP_34/features_mp/test/2469677887389576-WHERE_flip.npy
6928288368771804-WHERE_flip,test,28,UNKNOWN,/content/drive/MyDrive/Kophos_Features_MVP_34/features_mp/test/6928288368771804-WHERE_flip.npy
8876049490095655-WHERE_flip,test,28,UNKNOWN,/content/drive/MyDrive/Kophos_Features_MVP_34/features_mp/test/8876049490095655-WHERE_flip.npy
6997365376367899-WHERE,test,28,UNKNOWN,/content/drive/MyDrive/Kophos_Features_MVP_34/features_mp/test/6997365376367899-WHERE.npy
03717365663139738-WHERE,test,28,UNKNOWN,/content/drive/MyDrive/Kophos_Features_MVP_34/features_mp/test/03717365663139738-WHERE.npy
7404223141679687-WHERE,test,28,UNKNOWN,/content/drive/MyDrive/Kophos_Features_MVP_34/features_mp/test/7404223141679687-WHERE.npy
9084539059220444-WHERE,test,28,UNKNOWN,/content/drive/MyDrive/Kophos_Features_MVP_34/features_mp/test/9084539059220444-WHERE.npy
34697989347891944-WHERE,test,28,UNKNOWN,/content/drive/MyDrive/Kophos_Features_MVP_34/features_mp/test/34697989347891944-WHERE.npy
24758144482774802-WHO,train,29,UNKNOWN,/content/drive/MyDrive/Kophos_Features_MVP_34/features_mp/train/24758144482774802-WHO.npy
16927688445154376-WHO,train,29,UNKNOWN,/content/drive/MyDrive/Kophos_Features_MVP_34/features_mp/train/16927688445154376-WHO.npy
7014874783799300-WHO_flip,train,29,UNKNOWN,/content/drive/MyDrive/Kophos_Features_MVP_34/features_mp/train/7014874783799300-WHO_flip.npy
6303826382019421-WHO_flip,train,29,UNKNOWN,/content/drive/MyDrive/Kophos_Features_MVP_34/features_mp/train/6303826382019421-WHO_flip.npy
18521627111046346-WHO,train,29,UNKNOWN,/content/drive/MyDrive/Kophos_Features_MVP_34/features_mp/train/18521627111046346-WHO.npy
1717400280182987-WHO_flip,train,29,UNKNOWN,/content/drive/MyDrive/Kophos_Features_MVP_34/features_mp/train/1717400280182987-WHO_flip.npy
1338656658912877-WHO_flip,train,29,UNKNOWN,/content/drive/MyDrive/Kophos_Features_MVP_34/features_mp/train/1338656658912877-WHO_flip.npy
803567742919048-WHO,train,29,UNKNOWN,/content/drive/MyDrive/Kophos_Features_MVP_34/features_mp/train/803567742919048-WHO.npy
6013608694688473-WHO,train,29,UNKNOWN,/content/drive/MyDrive/Kophos_Features_MVP_34/features_mp/train/6013608694688473-WHO.npy
10251163827204302-WHO,train,29,UNKNOWN,/content/drive/MyDrive/Kophos_Features_MVP_34/features_mp/train/10251163827204302-WHO.npy
4511690696706836-WHO_flip,train,29,UNKNOWN,/content/drive/MyDrive/Kophos_Features_MVP_34/features_mp/train/4511690696706836-WHO_flip.npy
17383536861491344-WHO,train,29,UNKNOWN,/content/drive/MyDrive/Kophos_Features_MVP_34/features_mp/train/17383536861491344-WHO.npy
042301515237099796-WHO,train,29,UNKNOWN,/content/drive/MyDrive/Kophos_Features_MVP_34/features_mp/train/042301515237099796-WHO.npy
2590814753491968-WHO,train,29,UNKNOWN,/content/drive/MyDrive/Kophos_Features_MVP_34/features_mp/train/2590814753491968-WHO.npy
05073186101305538-WHO,train,29,UNKNOWN,/content/drive/MyDrive/Kophos_Features_MVP_34/features_mp/train/05073186101305538-WHO.npy
1060761790068515-WHO_flip,train,29,UNKNOWN,/content/drive/MyDrive/Kophos_Features_MVP_34/features_mp/train/1060761790068515-WHO_flip.npy
9635917455221304-WHO_flip,train,29,UNKNOWN,/content/drive/MyDrive/Kophos_Features_MVP_34/features_mp/train/9635917455221304-WHO_flip.npy
044977332478077336-WHO,train,29,UNKNOWN,/content/drive/MyDrive/Kophos_Features_MVP_34/features_mp/train/044977332478077336-WHO.npy
21560081346679438-WHO,train,29,UNKNOWN,/content/drive/MyDrive/Kophos_Features_MVP_34/features_mp/train/21560081346679438-WHO.npy
2479763008061619-WHO_flip,train,29,UNKNOWN,/content/drive/MyDrive/Kophos_Features_MVP_34/features_mp/train/2479763008061619-WHO_flip.npy
7695840649837028-WHO_flip,train,29,UNKNOWN,/content/drive/MyDrive/Kophos_Features_MVP_34/features_mp/train/7695840649837028-WHO_flip.npy
9738453337311435-WHO,train,29,UNKNOWN,/content/drive/MyDrive/Kophos_Features_MVP_34/features_mp/train/9738453337311435-WHO.npy
3555027495454013-WHO_flip,train,29,UNKNOWN,/content/drive/MyDrive/Kophos_Features_MVP_34/features_mp/train/3555027495454013-WHO_flip.npy
5976649786622064-WHO_flip,train,29,UNKNOWN,/content/drive/MyDrive/Kophos_Features_MVP_34/features_mp/train/5976649786622064-WHO_flip.npy
9311041997261886-WHO,train,29,UNKNOWN,/content/drive/MyDrive/Kophos_Features_MVP_34/features_mp/train/9311041997261886-WHO.npy
1773899339491414-WHO_flip,train,29,UNKNOWN,/content/drive/MyDrive/Kophos_Features_MVP_34/features_mp/train/1773899339491414-WHO_flip.npy
60520933432529-WHO,train,29,UNKNOWN,/content/drive/MyDrive/Kophos_Features_MVP_34/features_mp/train/60520933432529-WHO.npy
6339230507709075-WHO,train,29,UNKNOWN,/content/drive/MyDrive/Kophos_Features_MVP_34/features_mp/train/6339230507709075-WHO.npy
1788921553709799-WHO,train,29,UNKNOWN,/content/drive/MyDrive/Kophos_Features_MVP_34/features_mp/train/1788921553709799-WHO.npy
2490207286824341-WHO_flip,train,29,UNKNOWN,/content/drive/MyDrive/Kophos_Features_MVP_34/features_mp/train/2490207286824341-WHO_flip.npy
0015092814988848513-WHO,train,29,UNKNOWN,/content/drive/MyDrive/Kophos_Features_MVP_34/features_mp/train/0015092814988848513-WHO.npy
2207685389697760-WHO_flip,train,29,UNKNOWN,/content/drive/MyDrive/Kophos_Features_MVP_34/features_mp/train/2207685389697760-WHO_flip.npy
6287897454648847-WHO_flip,train,29,UNKNOWN,/content/drive/MyDrive/Kophos_Features_MVP_34/features_mp/train/6287897454648847-WHO_flip.npy
1803959842032520-WHO_flip,train,29,UNKNOWN,/content/drive/MyDrive/Kophos_Features_MVP_34/features_mp/train/1803959842032520-WHO_flip.npy
6171755424488109-WHO_flip,train,29,UNKNOWN,/content/drive/MyDrive/Kophos_Features_MVP_34/features_mp/train/6171755424488109-WHO_flip.npy
9816718901577759-WHO,train,29,UNKNOWN,/content/drive/MyDrive/Kophos_Features_MVP_34/features_mp/train/9816718901577759-WHO.npy
2996924249120939-WHO_flip,train,29,UNKNOWN,/content/drive/MyDrive/Kophos_Features_MVP_34/features_mp/train/2996924249120939-WHO_flip.npy
22349971035391758-WHO,train,29,UNKNOWN,/content/drive/MyDrive/Kophos_Features_MVP_34/features_mp/train/22349971035391758-WHO.npy
4721568510398810-WHO_flip,train,29,UNKNOWN,/content/drive/MyDrive/Kophos_Features_MVP_34/features_mp/train/4721568510398810-WHO_flip.npy
2514502163194198-WHO_flip,train,29,UNKNOWN,/content/drive/MyDrive/Kophos_Features_MVP_34/features_mp/train/2514502163194198-WHO_flip.npy
7025049389690415-WHO_flip,train,29,UNKNOWN,/content/drive/MyDrive/Kophos_Features_MVP_34/features_mp/train/7025049389690415-WHO_flip.npy
1830009936727366-WHO,train,29,UNKNOWN,/content/drive/MyDrive/Kophos_Features_MVP_34/features_mp/train/1830009936727366-WHO.npy
5788460385097332-WHO,val,29,UNKNOWN,/content/drive/MyDrive/Kophos_Features_MVP_34/features_mp/val/5788460385097332-WHO.npy
1100202470414901-WHO_flip,val,29,UNKNOWN,/content/drive/MyDrive/Kophos_Features_MVP_34/features_mp/val/1100202470414901-WHO_flip.npy
5344192765643432-WHO,val,29,UNKNOWN,/content/drive/MyDrive/Kophos_Features_MVP_34/features_mp/val/5344192765643432-WHO.npy
14452193915198386-WHO,val,29,UNKNOWN,/content/drive/MyDrive/Kophos_Features_MVP_34/features_mp/val/14452193915198386-WHO.npy
8661268196723311-WHO,val,29,UNKNOWN,/content/drive/MyDrive/Kophos_Features_MVP_34/features_mp/val/8661268196723311-WHO.npy
06061818404678454-WHO,val,29,UNKNOWN,/content/drive/MyDrive/Kophos_Features_MVP_34/features_mp/val/06061818404678454-WHO.npy
2856734840093310-WHO_flip,val,29,UNKNOWN,/content/drive/MyDrive/Kophos_Features_MVP_34/features_mp/val/2856734840093310-WHO_flip.npy
7514874316009592-WHO_flip,val,29,UNKNOWN,/content/drive/MyDrive/Kophos_Features_MVP_34/features_mp/val/7514874316009592-WHO_flip.npy
1159323794539309-WHO_flip,val,29,UNKNOWN,/content/drive/MyDrive/Kophos_Features_MVP_34/features_mp/val/1159323794539309-WHO_flip.npy
7170942131637366-WHO_flip,val,29,UNKNOWN,/content/drive/MyDrive/Kophos_Features_MVP_34/features_mp/val/7170942131637366-WHO_flip.npy
8123911938944048-WHO_flip,test,29,UNKNOWN,/content/drive/MyDrive/Kophos_Features_MVP_34/features_mp/test/8123911938944048-WHO_flip.npy
2343762546162562-WHO_flip,test,29,UNKNOWN,/content/drive/MyDrive/Kophos_Features_MVP_34/features_mp/test/2343762546162562-WHO_flip.npy
9585370629470593-WHO_flip,test,29,UNKNOWN,/content/drive/MyDrive/Kophos_Features_MVP_34/features_mp/test/9585370629470593-WHO_flip.npy
8795571081681577-WHO,test,29,UNKNOWN,/content/drive/MyDrive/Kophos_Features_MVP_34/features_mp/test/8795571081681577-WHO.npy
6506737411983545-WHO,test,29,UNKNOWN,/content/drive/MyDrive/Kophos_Features_MVP_34/features_mp/test/6506737411983545-WHO.npy
9988330359710198-WHO_flip,test,29,UNKNOWN,/content/drive/MyDrive/Kophos_Features_MVP_34/features_mp/test/9988330359710198-WHO_flip.npy
6257839200605431-WHO,test,29,UNKNOWN,/content/drive/MyDrive/Kophos_Features_MVP_34/features_mp/test/6257839200605431-WHO.npy
9790302153060182-WHO,test,29,UNKNOWN,/content/drive/MyDrive/Kophos_Features_MVP_34/features_mp/test/9790302153060182-WHO.npy
8040413047655517-WHO,test,29,UNKNOWN,/content/drive/MyDrive/Kophos_Features_MVP_34/features_mp/test/8040413047655517-WHO.npy
3057294620507835-WHO_flip,test,29,UNKNOWN,/content/drive/MyDrive/Kophos_Features_MVP_34/features_mp/test/3057294620507835-WHO_flip.npy
4388431713513487-WHY_flip,train,30,UNKNOWN,/content/drive/MyDrive/Kophos_Features_MVP_34/features_mp/train/4388431713513487-WHY_flip.npy
7508574803030745-WHY,train,30,UNKNOWN,/content/drive/MyDrive/Kophos_Features_MVP_34/features_mp/train/7508574803030745-WHY.npy
17485211510665932-WHY,train,30,UNKNOWN,/content/drive/MyDrive/Kophos_Features_MVP_34/features_mp/train/17485211510665932-WHY.npy
5209250285154333-WHY_flip,train,30,UNKNOWN,/content/drive/MyDrive/Kophos_Features_MVP_34/features_mp/train/5209250285154333-WHY_flip.npy
32965084799922706-WHY,train,30,UNKNOWN,/content/drive/MyDrive/Kophos_Features_MVP_34/features_mp/train/32965084799922706-WHY.npy
7408589778605166-WHY_flip,train,30,UNKNOWN,/content/drive/MyDrive/Kophos_Features_MVP_34/features_mp/train/7408589778605166-WHY_flip.npy
2202058060794531-WHY_flip,train,30,UNKNOWN,/content/drive/MyDrive/Kophos_Features_MVP_34/features_mp/train/2202058060794531-WHY_flip.npy
1861131167759893-WHY,train,30,UNKNOWN,/content/drive/MyDrive/Kophos_Features_MVP_34/features_mp/train/1861131167759893-WHY.npy
5222609707833990-WHY_flip,train,30,UNKNOWN,/content/drive/MyDrive/Kophos_Features_MVP_34/features_mp/train/5222609707833990-WHY_flip.npy
5515812173475934-WHY_flip,train,30,UNKNOWN,/content/drive/MyDrive/Kophos_Features_MVP_34/features_mp/train/5515812173475934-WHY_flip.npy
5717158083156924-WHY_flip,train,30,UNKNOWN,/content/drive/MyDrive/Kophos_Features_MVP_34/features_mp/train/5717158083156924-WHY_flip.npy
015395985479345287-WHY,train,30,UNKNOWN,/content/drive/MyDrive/Kophos_Features_MVP_34/features_mp/train/015395985479345287-WHY.npy
6220173213417262-WHY,train,30,UNKNOWN,/content/drive/MyDrive/Kophos_Features_MVP_34/features_mp/train/6220173213417262-WHY.npy
7317136659517625-WHY,train,30,UNKNOWN,/content/drive/MyDrive/Kophos_Features_MVP_34/features_mp/train/7317136659517625-WHY.npy
9298192130374778-WHY_flip,train,30,UNKNOWN,/content/drive/MyDrive/Kophos_Features_MVP_34/features_mp/train/9298192130374778-WHY_flip.npy
30163868001403205-WHY,train,30,UNKNOWN,/content/drive/MyDrive/Kophos_Features_MVP_34/features_mp/train/30163868001403205-WHY.npy
41986547104124017-WHY,train,30,UNKNOWN,/content/drive/MyDrive/Kophos_Features_MVP_34/features_mp/train/41986547104124017-WHY.npy
3194411982735713-WHY_flip,train,30,UNKNOWN,/content/drive/MyDrive/Kophos_Features_MVP_34/features_mp/train/3194411982735713-WHY_flip.npy
6217493782065597-WHY,train,30,UNKNOWN,/content/drive/MyDrive/Kophos_Features_MVP_34/features_mp/train/6217493782065597-WHY.npy
6826221641932357-WHY_flip,train,30,UNKNOWN,/content/drive/MyDrive/Kophos_Features_MVP_34/features_mp/train/6826221641932357-WHY_flip.npy
2672756967434549-WHY_flip,train,30,UNKNOWN,/content/drive/MyDrive/Kophos_Features_MVP_34/features_mp/train/2672756967434549-WHY_flip.npy
5584013314005547-WHY,train,30,UNKNOWN,/content/drive/MyDrive/Kophos_Features_MVP_34/features_mp/train/5584013314005547-WHY.npy
5556122623546499-WHY_flip,train,30,UNKNOWN,/content/drive/MyDrive/Kophos_Features_MVP_34/features_mp/train/5556122623546499-WHY_flip.npy
3866568461228612-WHY,train,30,UNKNOWN,/content/drive/MyDrive/Kophos_Features_MVP_34/features_mp/train/3866568461228612-WHY.npy
5782871073440683-WHY_flip,train,30,UNKNOWN,/content/drive/MyDrive/Kophos_Features_MVP_34/features_mp/train/5782871073440683-WHY_flip.npy
2062843085686857-WHY_flip,train,30,UNKNOWN,/content/drive/MyDrive/Kophos_Features_MVP_34/features_mp/train/2062843085686857-WHY_flip.npy
5182126640691064-WHY_flip,train,30,UNKNOWN,/content/drive/MyDrive/Kophos_Features_MVP_34/features_mp/train/5182126640691064-WHY_flip.npy
5132756077874947-WHY,train,30,UNKNOWN,/content/drive/MyDrive/Kophos_Features_MVP_34/features_mp/train/5132756077874947-WHY.npy
9579391541087037-WHY,train,30,UNKNOWN,/content/drive/MyDrive/Kophos_Features_MVP_34/features_mp/train/9579391541087037-WHY.npy
8351529407222296-WHY,train,30,UNKNOWN,/content/drive/MyDrive/Kophos_Features_MVP_34/features_mp/train/8351529407222296-WHY.npy
5236898172561582-WHY,train,30,UNKNOWN,/content/drive/MyDrive/Kophos_Features_MVP_34/features_mp/train/5236898172561582-WHY.npy
1300954775217905-WHY_flip,train,30,UNKNOWN,/content/drive/MyDrive/Kophos_Features_MVP_34/features_mp/train/1300954775217905-WHY_flip.npy
38099175964004983-WHY,train,30,UNKNOWN,/content/drive/MyDrive/Kophos_Features_MVP_34/features_mp/train/38099175964004983-WHY.npy
4137463794517875-WHY_flip,train,30,UNKNOWN,/content/drive/MyDrive/Kophos_Features_MVP_34/features_mp/train/4137463794517875-WHY_flip.npy
7383248765291396-WHY_flip,train,30,UNKNOWN,/content/drive/MyDrive/Kophos_Features_MVP_34/features_mp/train/7383248765291396-WHY_flip.npy
576863051440268-WHY,train,30,UNKNOWN,/content/drive/MyDrive/Kophos_Features_MVP_34/features_mp/train/576863051440268-WHY.npy
48459131285186974-WHY,train,30,UNKNOWN,/content/drive/MyDrive/Kophos_Features_MVP_34/features_mp/train/48459131285186974-WHY.npy
7869444110196682-WHY_flip,train,30,UNKNOWN,/content/drive/MyDrive/Kophos_Features_MVP_34/features_mp/train/7869444110196682-WHY_flip.npy
28913897920899023-WHY,train,30,UNKNOWN,/content/drive/MyDrive/Kophos_Features_MVP_34/features_mp/train/28913897920899023-WHY.npy
9265107126391253-WHY_flip,train,30,UNKNOWN,/content/drive/MyDrive/Kophos_Features_MVP_34/features_mp/train/9265107126391253-WHY_flip.npy
8754510988508951-WHY_flip,train,30,UNKNOWN,/content/drive/MyDrive/Kophos_Features_MVP_34/features_mp/train/8754510988508951-WHY_flip.npy
20564555475489255-WHY,train,30,UNKNOWN,/content/drive/MyDrive/Kophos_Features_MVP_34/features_mp/train/20564555475489255-WHY.npy
9178007741963472-WHY,val,30,UNKNOWN,/content/drive/MyDrive/Kophos_Features_MVP_34/features_mp/val/9178007741963472-WHY.npy
15735328773357837-WHY,val,30,UNKNOWN,/content/drive/MyDrive/Kophos_Features_MVP_34/features_mp/val/15735328773357837-WHY.npy
6392085873567048-WHY,val,30,UNKNOWN,/content/drive/MyDrive/Kophos_Features_MVP_34/features_mp/val/6392085873567048-WHY.npy
7308465390923164-WHY,val,30,UNKNOWN,/content/drive/MyDrive/Kophos_Features_MVP_34/features_mp/val/7308465390923164-WHY.npy
8217491954996677-WHY_flip,val,30,UNKNOWN,/content/drive/MyDrive/Kophos_Features_MVP_34/features_mp/val/8217491954996677-WHY_flip.npy
4149649445893967-WHY_flip,val,30,UNKNOWN,/content/drive/MyDrive/Kophos_Features_MVP_34/features_mp/val/4149649445893967-WHY_flip.npy
3534961452372804-WHY_flip,val,30,UNKNOWN,/content/drive/MyDrive/Kophos_Features_MVP_34/features_mp/val/3534961452372804-WHY_flip.npy
4222796924276950-WHY_flip,val,30,UNKNOWN,/content/drive/MyDrive/Kophos_Features_MVP_34/features_mp/val/4222796924276950-WHY_flip.npy
10953401131792706-WHY,val,30,UNKNOWN,/content/drive/MyDrive/Kophos_Features_MVP_34/features_mp/val/10953401131792706-WHY.npy
4515263106781160-WHY_flip,val,30,UNKNOWN,/content/drive/MyDrive/Kophos_Features_MVP_34/features_mp/val/4515263106781160-WHY_flip.npy
2465645316499164-WHY_flip,test,30,UNKNOWN,/content/drive/MyDrive/Kophos_Features_MVP_34/features_mp/test/2465645316499164-WHY_flip.npy
6154548835011300-WHY_flip,test,30,UNKNOWN,/content/drive/MyDrive/Kophos_Features_MVP_34/features_mp/test/6154548835011300-WHY_flip.npy
7885296477376487-WHY,test,30,UNKNOWN,/content/drive/MyDrive/Kophos_Features_MVP_34/features_mp/test/7885296477376487-WHY.npy
9354462317123299-WHY_flip,test,30,UNKNOWN,/content/drive/MyDrive/Kophos_Features_MVP_34/features_mp/test/9354462317123299-WHY_flip.npy
2952311704357522-WHY,test,30,UNKNOWN,/content/drive/MyDrive/Kophos_Features_MVP_34/features_mp/test/2952311704357522-WHY.npy
3494011243215858-WHY_flip,test,30,UNKNOWN,/content/drive/MyDrive/Kophos_Features_MVP_34/features_mp/test/3494011243215858-WHY_flip.npy
09164331443344143-WHY,test,30,UNKNOWN,/content/drive/MyDrive/Kophos_Features_MVP_34/features_mp/test/09164331443344143-WHY.npy
5565004653112563-WHY_flip,test,30,UNKNOWN,/content/drive/MyDrive/Kophos_Features_MVP_34/features_mp/test/5565004653112563-WHY_flip.npy
36979047566586587-WHY,test,30,UNKNOWN,/content/drive/MyDrive/Kophos_Features_MVP_34/features_mp/test/36979047566586587-WHY.npy
2565336440424879-WHY,test,30,UNKNOWN,/content/drive/MyDrive/Kophos_Features_MVP_34/features_mp/test/2565336440424879-WHY.npy
8039016658445225-WRITE_flip,train,31,UNKNOWN,/content/drive/MyDrive/Kophos_Features_MVP_34/features_mp/train/8039016658445225-WRITE_flip.npy
4390289106690757-WRITE,train,31,UNKNOWN,/content/drive/MyDrive/Kophos_Features_MVP_34/features_mp/train/4390289106690757-WRITE.npy
9959384247496594-WRITE,train,31,UNKNOWN,/content/drive/MyDrive/Kophos_Features_MVP_34/features_mp/train/9959384247496594-WRITE.npy
1506973776924854-WRITE_flip,train,31,UNKNOWN,/content/drive/MyDrive/Kophos_Features_MVP_34/features_mp/train/1506973776924854-WRITE_flip.npy
16452616343668436-WRITE,train,31,UNKNOWN,/content/drive/MyDrive/Kophos_Features_MVP_34/features_mp/train/16452616343668436-WRITE.npy
2621215548371312-WRITE_flip,train,31,UNKNOWN,/content/drive/MyDrive/Kophos_Features_MVP_34/features_mp/train/2621215548371312-WRITE_flip.npy
9157203181078101-WRITE_flip,train,31,UNKNOWN,/content/drive/MyDrive/Kophos_Features_MVP_34/features_mp/train/9157203181078101-WRITE_flip.npy
8903054743444117-WRITE,train,31,UNKNOWN,/content/drive/MyDrive/Kophos_Features_MVP_34/features_mp/train/8903054743444117-WRITE.npy
3352837049745984-WRITE_flip,train,31,UNKNOWN,/content/drive/MyDrive/Kophos_Features_MVP_34/features_mp/train/3352837049745984-WRITE_flip.npy
19978233231036002-WRITE,train,31,UNKNOWN,/content/drive/MyDrive/Kophos_Features_MVP_34/features_mp/train/19978233231036002-WRITE.npy
618543700116903-WRITE,train,31,UNKNOWN,/content/drive/MyDrive/Kophos_Features_MVP_34/features_mp/train/618543700116903-WRITE.npy
2271868447651693-WRITE_flip,train,31,UNKNOWN,/content/drive/MyDrive/Kophos_Features_MVP_34/features_mp/train/2271868447651693-WRITE_flip.npy
1508156580679143-WRITE,train,31,UNKNOWN,/content/drive/MyDrive/Kophos_Features_MVP_34/features_mp/train/1508156580679143-WRITE.npy
3417367964723758-WRITE_flip,train,31,UNKNOWN,/content/drive/MyDrive/Kophos_Features_MVP_34/features_mp/train/3417367964723758-WRITE_flip.npy
7921742903318515-WRITE_flip,train,31,UNKNOWN,/content/drive/MyDrive/Kophos_Features_MVP_34/features_mp/train/7921742903318515-WRITE_flip.npy
35097013272968836-WRITE,train,31,UNKNOWN,/content/drive/MyDrive/Kophos_Features_MVP_34/features_mp/train/35097013272968836-WRITE.npy
2570647676865354-WRITE,train,31,UNKNOWN,/content/drive/MyDrive/Kophos_Features_MVP_34/features_mp/train/2570647676865354-WRITE.npy
7670218951500563-WRITE_flip,train,31,UNKNOWN,/content/drive/MyDrive/Kophos_Features_MVP_34/features_mp/train/7670218951500563-WRITE_flip.npy
7186655696204332-WRITE_flip,train,31,UNKNOWN,/content/drive/MyDrive/Kophos_Features_MVP_34/features_mp/train/7186655696204332-WRITE_flip.npy
6212388282245208-WRITE_flip,train,31,UNKNOWN,/content/drive/MyDrive/Kophos_Features_MVP_34/features_mp/train/6212388282245208-WRITE_flip.npy
8695896404892567-WRITE,train,31,UNKNOWN,/content/drive/MyDrive/Kophos_Features_MVP_34/features_mp/train/8695896404892567-WRITE.npy
4141081796223062-WRITE_flip,train,31,UNKNOWN,/content/drive/MyDrive/Kophos_Features_MVP_34/features_mp/train/4141081796223062-WRITE_flip.npy
6951366734317654-WRITE_flip,train,31,UNKNOWN,/content/drive/MyDrive/Kophos_Features_MVP_34/features_mp/train/6951366734317654-WRITE_flip.npy
582860551991583-WRITE,train,31,UNKNOWN,/content/drive/MyDrive/Kophos_Features_MVP_34/features_mp/train/582860551991583-WRITE.npy
6074187915899534-WRITE_flip,train,31,UNKNOWN,/content/drive/MyDrive/Kophos_Features_MVP_34/features_mp/train/6074187915899534-WRITE_flip.npy
8379501891533077-WRITE,train,31,UNKNOWN,/content/drive/MyDrive/Kophos_Features_MVP_34/features_mp/train/8379501891533077-WRITE.npy
7554792853086248-WRITE_flip,train,31,UNKNOWN,/content/drive/MyDrive/Kophos_Features_MVP_34/features_mp/train/7554792853086248-WRITE_flip.npy
3180889343807151-WRITE_flip,train,31,UNKNOWN,/content/drive/MyDrive/Kophos_Features_MVP_34/features_mp/train/3180889343807151-WRITE_flip.npy
6080391494064927-WRITE,train,31,UNKNOWN,/content/drive/MyDrive/Kophos_Features_MVP_34/features_mp/train/6080391494064927-WRITE.npy
3341155432700549-WRITE_flip,train,31,UNKNOWN,/content/drive/MyDrive/Kophos_Features_MVP_34/features_mp/train/3341155432700549-WRITE_flip.npy
4000802766794727-WRITE_flip,train,31,UNKNOWN,/content/drive/MyDrive/Kophos_Features_MVP_34/features_mp/train/4000802766794727-WRITE_flip.npy
39100553497986446-WRITE,train,31,UNKNOWN,/content/drive/MyDrive/Kophos_Features_MVP_34/features_mp/train/39100553497986446-WRITE.npy
4414886761155351-WRITE_flip,train,31,UNKNOWN,/content/drive/MyDrive/Kophos_Features_MVP_34/features_mp/train/4414886761155351-WRITE_flip.npy
7906493779409269-WRITE_flip,train,31,UNKNOWN,/content/drive/MyDrive/Kophos_Features_MVP_34/features_mp/train/7906493779409269-WRITE_flip.npy
28644332710493026-WRITE,train,31,UNKNOWN,/content/drive/MyDrive/Kophos_Features_MVP_34/features_mp/train/28644332710493026-WRITE.npy
0940927928215547-WRITE,train,31,UNKNOWN,/content/drive/MyDrive/Kophos_Features_MVP_34/features_mp/train/0940927928215547-WRITE.npy
9019423966958414-WRITE_flip,train,31,UNKNOWN,/content/drive/MyDrive/Kophos_Features_MVP_34/features_mp/train/9019423966958414-WRITE_flip.npy
4950540994948227-WRITE,train,31,UNKNOWN,/content/drive/MyDrive/Kophos_Features_MVP_34/features_mp/train/4950540994948227-WRITE.npy
6094455498025257-WRITE_flip,train,31,UNKNOWN,/content/drive/MyDrive/Kophos_Features_MVP_34/features_mp/train/6094455498025257-WRITE_flip.npy
1330656461110295-WRITE_flip,train,31,UNKNOWN,/content/drive/MyDrive/Kophos_Features_MVP_34/features_mp/train/1330656461110295-WRITE_flip.npy
49076375253453164-WRITE,train,31,UNKNOWN,/content/drive/MyDrive/Kophos_Features_MVP_34/features_mp/train/49076375253453164-WRITE.npy
4899846843201147-WRITE_flip,train,31,UNKNOWN,/content/drive/MyDrive/Kophos_Features_MVP_34/features_mp/train/4899846843201147-WRITE_flip.npy
5314867682873885-WRITE_flip,train,31,UNKNOWN,/content/drive/MyDrive/Kophos_Features_MVP_34/features_mp/train/5314867682873885-WRITE_flip.npy
9173898440387622-WRITE,train,31,UNKNOWN,/content/drive/MyDrive/Kophos_Features_MVP_34/features_mp/train/9173898440387622-WRITE.npy
6678843333657930-WRITE_flip,train,31,UNKNOWN,/content/drive/MyDrive/Kophos_Features_MVP_34/features_mp/train/6678843333657930-WRITE_flip.npy
0999990986760626-WRITE,train,31,UNKNOWN,/content/drive/MyDrive/Kophos_Features_MVP_34/features_mp/train/0999990986760626-WRITE.npy
32579010273379394-WRITE,train,31,UNKNOWN,/content/drive/MyDrive/Kophos_Features_MVP_34/features_mp/train/32579010273379394-WRITE.npy
1978927525665937-WRITE_flip,train,31,UNKNOWN,/content/drive/MyDrive/Kophos_Features_MVP_34/features_mp/train/1978927525665937-WRITE_flip.npy
3755418058180567-WRITE_flip,train,31,UNKNOWN,/content/drive/MyDrive/Kophos_Features_MVP_34/features_mp/train/3755418058180567-WRITE_flip.npy
5373737884999921-WRITE_flip,train,31,UNKNOWN,/content/drive/MyDrive/Kophos_Features_MVP_34/features_mp/train/5373737884999921-WRITE_flip.npy
9007766981804861-WRITE_flip,train,31,UNKNOWN,/content/drive/MyDrive/Kophos_Features_MVP_34/features_mp/train/9007766981804861-WRITE_flip.npy
6181457066678018-WRITE_flip,train,31,UNKNOWN,/content/drive/MyDrive/Kophos_Features_MVP_34/features_mp/train/6181457066678018-WRITE_flip.npy
8226435542993346-WRITE_flip,train,31,UNKNOWN,/content/drive/MyDrive/Kophos_Features_MVP_34/features_mp/train/8226435542993346-WRITE_flip.npy
7241712002802467-WRITE,train,31,UNKNOWN,/content/drive/MyDrive/Kophos_Features_MVP_34/features_mp/train/7241712002802467-WRITE.npy
9488878912606028-WRITE_flip,train,31,UNKNOWN,/content/drive/MyDrive/Kophos_Features_MVP_34/features_mp/train/9488878912606028-WRITE_flip.npy
1025649967931151-WRITE_flip,train,31,UNKNOWN,/content/drive/MyDrive/Kophos_Features_MVP_34/features_mp/train/1025649967931151-WRITE_flip.npy
17177027793632993-WRITE,train,31,UNKNOWN,/content/drive/MyDrive/Kophos_Features_MVP_34/features_mp/train/17177027793632993-WRITE.npy
7326855771738956-WRITE,train,31,UNKNOWN,/content/drive/MyDrive/Kophos_Features_MVP_34/features_mp/train/7326855771738956-WRITE.npy
6388011661368364-WRITE_flip,train,31,UNKNOWN,/content/drive/MyDrive/Kophos_Features_MVP_34/features_mp/train/6388011661368364-WRITE_flip.npy
9254211847632843-WRITE_flip,train,31,UNKNOWN,/content/drive/MyDrive/Kophos_Features_MVP_34/features_mp/train/9254211847632843-WRITE_flip.npy
8940834130363486-WRITE,train,31,UNKNOWN,/content/drive/MyDrive/Kophos_Features_MVP_34/features_mp/train/8940834130363486-WRITE.npy
2611703822829325-WRITE_flip,train,31,UNKNOWN,/content/drive/MyDrive/Kophos_Features_MVP_34/features_mp/train/2611703822829325-WRITE_flip.npy
3641102853103543-WRITE_flip,train,31,UNKNOWN,/content/drive/MyDrive/Kophos_Features_MVP_34/features_mp/train/3641102853103543-WRITE_flip.npy
8748483297438530-WRITE_flip,train,31,UNKNOWN,/content/drive/MyDrive/Kophos_Features_MVP_34/features_mp/train/8748483297438530-WRITE_flip.npy
7241575323561384-WRITE_flip,train,31,UNKNOWN,/content/drive/MyDrive/Kophos_Features_MVP_34/features_mp/train/7241575323561384-WRITE_flip.npy
6285144828863525-WRITE_flip,train,31,UNKNOWN,/content/drive/MyDrive/Kophos_Features_MVP_34/features_mp/train/6285144828863525-WRITE_flip.npy
41981255125221795-WRITE,train,31,UNKNOWN,/content/drive/MyDrive/Kophos_Features_MVP_34/features_mp/train/41981255125221795-WRITE.npy
5895185276153687-WRITE_flip,train,31,UNKNOWN,/content/drive/MyDrive/Kophos_Features_MVP_34/features_mp/train/5895185276153687-WRITE_flip.npy
8725632424402950-WRITE_flip,train,31,UNKNOWN,/content/drive/MyDrive/Kophos_Features_MVP_34/features_mp/train/8725632424402950-WRITE_flip.npy
3482678416066407-WRITE,train,31,UNKNOWN,/content/drive/MyDrive/Kophos_Features_MVP_34/features_mp/train/3482678416066407-WRITE.npy
038974698230258786-WRITE,train,31,UNKNOWN,/content/drive/MyDrive/Kophos_Features_MVP_34/features_mp/train/038974698230258786-WRITE.npy
9442315450970353-WRITE_flip,train,31,UNKNOWN,/content/drive/MyDrive/Kophos_Features_MVP_34/features_mp/train/9442315450970353-WRITE_flip.npy
4718791148697645-WRITE_flip,val,31,UNKNOWN,/content/drive/MyDrive/Kophos_Features_MVP_34/features_mp/val/4718791148697645-WRITE_flip.npy
3646728667209455-WRITE_flip,val,31,UNKNOWN,/content/drive/MyDrive/Kophos_Features_MVP_34/features_mp/val/3646728667209455-WRITE_flip.npy
7738515830484078-WRITE_flip,val,31,UNKNOWN,/content/drive/MyDrive/Kophos_Features_MVP_34/features_mp/val/7738515830484078-WRITE_flip.npy
5004731967326184-WRITE_flip,val,31,UNKNOWN,/content/drive/MyDrive/Kophos_Features_MVP_34/features_mp/val/5004731967326184-WRITE_flip.npy
9064878248311363-WRITE_flip,val,31,UNKNOWN,/content/drive/MyDrive/Kophos_Features_MVP_34/features_mp/val/9064878248311363-WRITE_flip.npy
3010190681855909-WRITE_flip,val,31,UNKNOWN,/content/drive/MyDrive/Kophos_Features_MVP_34/features_mp/val/3010190681855909-WRITE_flip.npy
2713865939958481-WRITE_flip,val,31,UNKNOWN,/content/drive/MyDrive/Kophos_Features_MVP_34/features_mp/val/2713865939958481-WRITE_flip.npy
7354635122183871-WRITE_flip,val,31,UNKNOWN,/content/drive/MyDrive/Kophos_Features_MVP_34/features_mp/val/7354635122183871-WRITE_flip.npy
8287576020477247-WRITE_flip,val,31,UNKNOWN,/content/drive/MyDrive/Kophos_Features_MVP_34/features_mp/val/8287576020477247-WRITE_flip.npy
6652210332597957-WRITE_flip,test,31,UNKNOWN,/content/drive/MyDrive/Kophos_Features_MVP_34/features_mp/test/6652210332597957-WRITE_flip.npy
3752401928662797-WRITE_flip,test,31,UNKNOWN,/content/drive/MyDrive/Kophos_Features_MVP_34/features_mp/test/3752401928662797-WRITE_flip.npy
7389026313346527-WRITE,test,31,UNKNOWN,/content/drive/MyDrive/Kophos_Features_MVP_34/features_mp/test/7389026313346527-WRITE.npy
6870691241219624-WRITE_flip,test,31,UNKNOWN,/content/drive/MyDrive/Kophos_Features_MVP_34/features_mp/test/6870691241219624-WRITE_flip.npy
9207650208931104-WRITE,test,31,UNKNOWN,/content/drive/MyDrive/Kophos_Features_MVP_34/features_mp/test/9207650208931104-WRITE.npy
8793675797350192-WRITE_flip,test,31,UNKNOWN,/content/drive/MyDrive/Kophos_Features_MVP_34/features_mp/test/8793675797350192-WRITE_flip.npy
9849607551588524-WRITE_flip,test,31,UNKNOWN,/content/drive/MyDrive/Kophos_Features_MVP_34/features_mp/test/9849607551588524-WRITE_flip.npy
2177481230276229-WRITE_flip,test,31,UNKNOWN,/content/drive/MyDrive/Kophos_Features_MVP_34/features_mp/test/2177481230276229-WRITE_flip.npy
5944535075231647-WRITE_flip,test,31,UNKNOWN,/content/drive/MyDrive/Kophos_Features_MVP_34/features_mp/test/5944535075231647-WRITE_flip.npy
2482487687934478-YES_flip,train,32,UNKNOWN,/content/drive/MyDrive/Kophos_Features_MVP_34/features_mp/train/2482487687934478-YES_flip.npy
42327270691916885-YES,train,32,UNKNOWN,/content/drive/MyDrive/Kophos_Features_MVP_34/features_mp/train/42327270691916885-YES.npy
9605571410103191-YES,train,32,UNKNOWN,/content/drive/MyDrive/Kophos_Features_MVP_34/features_mp/train/9605571410103191-YES.npy
8363645765977556-YES_flip,train,32,UNKNOWN,/content/drive/MyDrive/Kophos_Features_MVP_34/features_mp/train/8363645765977556-YES_flip.npy
3397253875822322-YES_flip,train,32,UNKNOWN,/content/drive/MyDrive/Kophos_Features_MVP_34/features_mp/train/3397253875822322-YES_flip.npy
9161842981344352-YES,train,32,UNKNOWN,/content/drive/MyDrive/Kophos_Features_MVP_34/features_mp/train/9161842981344352-YES.npy
38970444942928073-YES,train,32,UNKNOWN,/content/drive/MyDrive/Kophos_Features_MVP_34/features_mp/train/38970444942928073-YES.npy
029563612799205163-YES,train,32,UNKNOWN,/content/drive/MyDrive/Kophos_Features_MVP_34/features_mp/train/029563612799205163-YES.npy
3897949168113639-YES_flip,train,32,UNKNOWN,/content/drive/MyDrive/Kophos_Features_MVP_34/features_mp/train/3897949168113639-YES_flip.npy
26056519285644875-YES,train,32,UNKNOWN,/content/drive/MyDrive/Kophos_Features_MVP_34/features_mp/train/26056519285644875-YES.npy
8238076586608235-YES_flip,train,32,UNKNOWN,/content/drive/MyDrive/Kophos_Features_MVP_34/features_mp/train/8238076586608235-YES_flip.npy
05574938180658928-YES,train,32,UNKNOWN,/content/drive/MyDrive/Kophos_Features_MVP_34/features_mp/train/05574938180658928-YES.npy
09905526235759088-YES,train,32,UNKNOWN,/content/drive/MyDrive/Kophos_Features_MVP_34/features_mp/train/09905526235759088-YES.npy
5551555374562080-YES_flip,train,32,UNKNOWN,/content/drive/MyDrive/Kophos_Features_MVP_34/features_mp/train/5551555374562080-YES_flip.npy
6792940671871152-YES_flip,train,32,UNKNOWN,/content/drive/MyDrive/Kophos_Features_MVP_34/features_mp/train/6792940671871152-YES_flip.npy
5835869601143671-YES_flip,train,32,UNKNOWN,/content/drive/MyDrive/Kophos_Features_MVP_34/features_mp/train/5835869601143671-YES_flip.npy
050364485120873326-YES,train,32,UNKNOWN,/content/drive/MyDrive/Kophos_Features_MVP_34/features_mp/train/050364485120873326-YES.npy
6033310923027002-YES_flip,train,32,UNKNOWN,/content/drive/MyDrive/Kophos_Features_MVP_34/features_mp/train/6033310923027002-YES_flip.npy
32941176670637984-YES,train,32,UNKNOWN,/content/drive/MyDrive/Kophos_Features_MVP_34/features_mp/train/32941176670637984-YES.npy
541403296602635-YES,train,32,UNKNOWN,/content/drive/MyDrive/Kophos_Features_MVP_34/features_mp/train/541403296602635-YES.npy
5663813951977947-YES_flip,train,32,UNKNOWN,/content/drive/MyDrive/Kophos_Features_MVP_34/features_mp/train/5663813951977947-YES_flip.npy
15689453699180178-YES,train,32,UNKNOWN,/content/drive/MyDrive/Kophos_Features_MVP_34/features_mp/train/15689453699180178-YES.npy
16728596536749274-YES,train,32,UNKNOWN,/content/drive/MyDrive/Kophos_Features_MVP_34/features_mp/train/16728596536749274-YES.npy
709429051156695-YES,train,32,UNKNOWN,/content/drive/MyDrive/Kophos_Features_MVP_34/features_mp/train/709429051156695-YES.npy
3806043962250232-YES_flip,train,32,UNKNOWN,/content/drive/MyDrive/Kophos_Features_MVP_34/features_mp/train/3806043962250232-YES_flip.npy
6544658318787274-YES_flip,train,32,UNKNOWN,/content/drive/MyDrive/Kophos_Features_MVP_34/features_mp/train/6544658318787274-YES_flip.npy
5018846402950331-YES_flip,train,32,UNKNOWN,/content/drive/MyDrive/Kophos_Features_MVP_34/features_mp/train/5018846402950331-YES_flip.npy
9554512702300976-YES_flip,train,32,UNKNOWN,/content/drive/MyDrive/Kophos_Features_MVP_34/features_mp/train/9554512702300976-YES_flip.npy
7442618628569746-YES,train,32,UNKNOWN,/content/drive/MyDrive/Kophos_Features_MVP_34/features_mp/train/7442618628569746-YES.npy
3182335109172960-YES_flip,train,32,UNKNOWN,/content/drive/MyDrive/Kophos_Features_MVP_34/features_mp/train/3182335109172960-YES_flip.npy
2374148577791515-YES_flip,train,32,UNKNOWN,/content/drive/MyDrive/Kophos_Features_MVP_34/features_mp/train/2374148577791515-YES_flip.npy
2115548552270346-YES_flip,train,32,UNKNOWN,/content/drive/MyDrive/Kophos_Features_MVP_34/features_mp/train/2115548552270346-YES_flip.npy
2129433236703108-YES_flip,train,32,UNKNOWN,/content/drive/MyDrive/Kophos_Features_MVP_34/features_mp/train/2129433236703108-YES_flip.npy
15498675309554577-YES,train,32,UNKNOWN,/content/drive/MyDrive/Kophos_Features_MVP_34/features_mp/train/15498675309554577-YES.npy
9009854854743657-YES,train,32,UNKNOWN,/content/drive/MyDrive/Kophos_Features_MVP_34/features_mp/train/9009854854743657-YES.npy
7199140986089654-YES,train,32,UNKNOWN,/content/drive/MyDrive/Kophos_Features_MVP_34/features_mp/train/7199140986089654-YES.npy
44146024789241256-YES,train,32,UNKNOWN,/content/drive/MyDrive/Kophos_Features_MVP_34/features_mp/train/44146024789241256-YES.npy
7172929161447691-YES_flip,train,32,UNKNOWN,/content/drive/MyDrive/Kophos_Features_MVP_34/features_mp/train/7172929161447691-YES_flip.npy
5327840336837257-YES,train,32,UNKNOWN,/content/drive/MyDrive/Kophos_Features_MVP_34/features_mp/train/5327840336837257-YES.npy
1161269618921975-YES_flip,train,32,UNKNOWN,/content/drive/MyDrive/Kophos_Features_MVP_34/features_mp/train/1161269618921975-YES_flip.npy
5909633297167585-YES_flip,val,32,UNKNOWN,/content/drive/MyDrive/Kophos_Features_MVP_34/features_mp/val/5909633297167585-YES_flip.npy
41279108584600577-YES,val,32,UNKNOWN,/content/drive/MyDrive/Kophos_Features_MVP_34/features_mp/val/41279108584600577-YES.npy
9640249488987476-YES_flip,val,32,UNKNOWN,/content/drive/MyDrive/Kophos_Features_MVP_34/features_mp/val/9640249488987476-YES_flip.npy
9745193589356485-YES_flip,val,32,UNKNOWN,/content/drive/MyDrive/Kophos_Features_MVP_34/features_mp/val/9745193589356485-YES_flip.npy
1555998439795525-YES,val,32,UNKNOWN,/content/drive/MyDrive/Kophos_Features_MVP_34/features_mp/val/1555998439795525-YES.npy
6123348430925253-YES_flip,val,32,UNKNOWN,/content/drive/MyDrive/Kophos_Features_MVP_34/features_mp/val/6123348430925253-YES_flip.npy
9715589334909431-YES,val,32,UNKNOWN,/content/drive/MyDrive/Kophos_Features_MVP_34/features_mp/val/9715589334909431-YES.npy
9092689562509508-YES,val,32,UNKNOWN,/content/drive/MyDrive/Kophos_Features_MVP_34/features_mp/val/9092689562509508-YES.npy
9953610281521326-YES,test,32,UNKNOWN,/content/drive/MyDrive/Kophos_Features_MVP_34/features_mp/test/9953610281521326-YES.npy
8699610978899361-YES,test,32,UNKNOWN,/content/drive/MyDrive/Kophos_Features_MVP_34/features_mp/test/8699610978899361-YES.npy
3986266897444720-YES_flip,test,32,UNKNOWN,/content/drive/MyDrive/Kophos_Features_MVP_34/features_mp/test/3986266897444720-YES_flip.npy
9231800047937354-YES_flip,test,32,UNKNOWN,/content/drive/MyDrive/Kophos_Features_MVP_34/features_mp/test/9231800047937354-YES_flip.npy
7199652013477922-YES,test,32,UNKNOWN,/content/drive/MyDrive/Kophos_Features_MVP_34/features_mp/test/7199652013477922-YES.npy
8977694836593926-YES,test,32,UNKNOWN,/content/drive/MyDrive/Kophos_Features_MVP_34/features_mp/test/8977694836593926-YES.npy
5637482955987382-YES_flip,test,32,UNKNOWN,/content/drive/MyDrive/Kophos_Features_MVP_34/features_mp/test/5637482955987382-YES_flip.npy
9782863224987515-YES,test,32,UNKNOWN,/content/drive/MyDrive/Kophos_Features_MVP_34/features_mp/test/9782863224987515-YES.npy
9533846343933081-YES_flip,test,32,UNKNOWN,/content/drive/MyDrive/Kophos_Features_MVP_34/features_mp/test/9533846343933081-YES_flip.npy
6271483553404480-YES_flip,test,32,UNKNOWN,/content/drive/MyDrive/Kophos_Features_MVP_34/features_mp/test/6271483553404480-YES_flip.npy
8372573044841672-YOU_flip,train,33,UNKNOWN,/content/drive/MyDrive/Kophos_Features_MVP_34/features_mp/train/8372573044841672-YOU_flip.npy
1676923032981314-YOU_flip,train,33,UNKNOWN,/content/drive/MyDrive/Kophos_Features_MVP_34/features_mp/train/1676923032981314-YOU_flip.npy
6515372118413638-YOU,train,33,UNKNOWN,/content/drive/MyDrive/Kophos_Features_MVP_34/features_mp/train/6515372118413638-YOU.npy
7900211756909432-YOU,train,33,UNKNOWN,/content/drive/MyDrive/Kophos_Features_MVP_34/features_mp/train/7900211756909432-YOU.npy
3273120364218567-YOU,train,33,UNKNOWN,/content/drive/MyDrive/Kophos_Features_MVP_34/features_mp/train/3273120364218567-YOU.npy
2585581282288061-YOU,train,33,UNKNOWN,/content/drive/MyDrive/Kophos_Features_MVP_34/features_mp/train/2585581282288061-YOU.npy
7807683495721192-YOU,train,33,UNKNOWN,/content/drive/MyDrive/Kophos_Features_MVP_34/features_mp/train/7807683495721192-YOU.npy
35038040842137197-YOU,train,33,UNKNOWN,/content/drive/MyDrive/Kophos_Features_MVP_34/features_mp/train/35038040842137197-YOU.npy
7924736335453846-YOU,train,33,UNKNOWN,/content/drive/MyDrive/Kophos_Features_MVP_34/features_mp/train/7924736335453846-YOU.npy
677386009297865-YOU,train,33,UNKNOWN,/content/drive/MyDrive/Kophos_Features_MVP_34/features_mp/train/677386009297865-YOU.npy
15737752814991346-YOU,train,33,UNKNOWN,/content/drive/MyDrive/Kophos_Features_MVP_34/features_mp/train/15737752814991346-YOU.npy
2775935043696396-YOU,train,33,UNKNOWN,/content/drive/MyDrive/Kophos_Features_MVP_34/features_mp/train/2775935043696396-YOU.npy
298155207775465-YOU,train,33,UNKNOWN,/content/drive/MyDrive/Kophos_Features_MVP_34/features_mp/train/298155207775465-YOU.npy
7753495420447481-YOU_flip,train,33,UNKNOWN,/content/drive/MyDrive/Kophos_Features_MVP_34/features_mp/train/7753495420447481-YOU_flip.npy
2390092533494634-YOU_flip,train,33,UNKNOWN,/content/drive/MyDrive/Kophos_Features_MVP_34/features_mp/train/2390092533494634-YOU_flip.npy
548210838440605-YOU,train,33,UNKNOWN,/content/drive/MyDrive/Kophos_Features_MVP_34/features_mp/train/548210838440605-YOU.npy
4091388061019394-YOU,train,33,UNKNOWN,/content/drive/MyDrive/Kophos_Features_MVP_34/features_mp/train/4091388061019394-YOU.npy
8172093179963935-YOU_flip,train,33,UNKNOWN,/content/drive/MyDrive/Kophos_Features_MVP_34/features_mp/train/8172093179963935-YOU_flip.npy
6229294436435182-YOU,train,33,UNKNOWN,/content/drive/MyDrive/Kophos_Features_MVP_34/features_mp/train/6229294436435182-YOU.npy
4615046990058205-YOU,train,33,UNKNOWN,/content/drive/MyDrive/Kophos_Features_MVP_34/features_mp/train/4615046990058205-YOU.npy
5982110232052347-YOU_flip,train,33,UNKNOWN,/content/drive/MyDrive/Kophos_Features_MVP_34/features_mp/train/5982110232052347-YOU_flip.npy
1031660715883846-YOU_flip,train,33,UNKNOWN,/content/drive/MyDrive/Kophos_Features_MVP_34/features_mp/train/1031660715883846-YOU_flip.npy
2680212659993994-YOU_flip,train,33,UNKNOWN,/content/drive/MyDrive/Kophos_Features_MVP_34/features_mp/train/2680212659993994-YOU_flip.npy
2469160099314488-YOU_flip,train,33,UNKNOWN,/content/drive/MyDrive/Kophos_Features_MVP_34/features_mp/train/2469160099314488-YOU_flip.npy
5974966655442653-YOU_flip,train,33,UNKNOWN,/content/drive/MyDrive/Kophos_Features_MVP_34/features_mp/train/5974966655442653-YOU_flip.npy
8795086806161251-YOU_flip,train,33,UNKNOWN,/content/drive/MyDrive/Kophos_Features_MVP_34/features_mp/train/8795086806161251-YOU_flip.npy
19643383002170656-YOU,train,33,UNKNOWN,/content/drive/MyDrive/Kophos_Features_MVP_34/features_mp/train/19643383002170656-YOU.npy
8915233086431233-YOU_flip,train,33,UNKNOWN,/content/drive/MyDrive/Kophos_Features_MVP_34/features_mp/train/8915233086431233-YOU_flip.npy
8939964231134803-YOU_flip,train,33,UNKNOWN,/content/drive/MyDrive/Kophos_Features_MVP_34/features_mp/train/8939964231134803-YOU_flip.npy
2348422756793034-YOU_flip,train,33,UNKNOWN,/content/drive/MyDrive/Kophos_Features_MVP_34/features_mp/train/2348422756793034-YOU_flip.npy
9524701086617219-YOU_flip,train,33,UNKNOWN,/content/drive/MyDrive/Kophos_Features_MVP_34/features_mp/train/9524701086617219-YOU_flip.npy
6676008088218767-YOU_flip,train,33,UNKNOWN,/content/drive/MyDrive/Kophos_Features_MVP_34/features_mp/train/6676008088218767-YOU_flip.npy
2971632137497740-YOU_flip,train,33,UNKNOWN,/content/drive/MyDrive/Kophos_Features_MVP_34/features_mp/train/2971632137497740-YOU_flip.npy
7353090392997512-YOU_flip,train,33,UNKNOWN,/content/drive/MyDrive/Kophos_Features_MVP_34/features_mp/train/7353090392997512-YOU_flip.npy
7590157290604365-YOU,train,33,UNKNOWN,/content/drive/MyDrive/Kophos_Features_MVP_34/features_mp/train/7590157290604365-YOU.npy
5547769757240029-YOU,train,33,UNKNOWN,/content/drive/MyDrive/Kophos_Features_MVP_34/features_mp/train/5547769757240029-YOU.npy
5421499605195368-YOU_flip,train,33,UNKNOWN,/content/drive/MyDrive/Kophos_Features_MVP_34/features_mp/train/5421499605195368-YOU_flip.npy
14637905185166056-YOU,train,33,UNKNOWN,/content/drive/MyDrive/Kophos_Features_MVP_34/features_mp/train/14637905185166056-YOU.npy
39734251970462897-YOU,train,33,UNKNOWN,/content/drive/MyDrive/Kophos_Features_MVP_34/features_mp/train/39734251970462897-YOU.npy
2047839328632270-YOU_flip,train,33,UNKNOWN,/content/drive/MyDrive/Kophos_Features_MVP_34/features_mp/train/2047839328632270-YOU_flip.npy
08882787638193945-YOU,train,33,UNKNOWN,/content/drive/MyDrive/Kophos_Features_MVP_34/features_mp/train/08882787638193945-YOU.npy
6675256796589644-YOU_flip,train,33,UNKNOWN,/content/drive/MyDrive/Kophos_Features_MVP_34/features_mp/train/6675256796589644-YOU_flip.npy
6400058281825894-YOU_flip,val,33,UNKNOWN,/content/drive/MyDrive/Kophos_Features_MVP_34/features_mp/val/6400058281825894-YOU_flip.npy
3597347232405589-YOU_flip,val,33,UNKNOWN,/content/drive/MyDrive/Kophos_Features_MVP_34/features_mp/val/3597347232405589-YOU_flip.npy
6198968659630029-YOU,val,33,UNKNOWN,/content/drive/MyDrive/Kophos_Features_MVP_34/features_mp/val/6198968659630029-YOU.npy
1645074828583613-YOU_flip,val,33,UNKNOWN,/content/drive/MyDrive/Kophos_Features_MVP_34/features_mp/val/1645074828583613-YOU_flip.npy
9902995590504236-YOU,val,33,UNKNOWN,/content/drive/MyDrive/Kophos_Features_MVP_34/features_mp/val/9902995590504236-YOU.npy
03323585576449206-YOU,val,33,UNKNOWN,/content/drive/MyDrive/Kophos_Features_MVP_34/features_mp/val/03323585576449206-YOU.npy
3116477573260960-YOU_flip,val,33,UNKNOWN,/content/drive/MyDrive/Kophos_Features_MVP_34/features_mp/val/3116477573260960-YOU_flip.npy
6436088371555648-YOU,val,33,UNKNOWN,/content/drive/MyDrive/Kophos_Features_MVP_34/features_mp/val/6436088371555648-YOU.npy
6511510993659421-YOU_flip,test,33,UNKNOWN,/content/drive/MyDrive/Kophos_Features_MVP_34/features_mp/test/6511510993659421-YOU_flip.npy
1192289475439687-YOU_flip,test,33,UNKNOWN,/content/drive/MyDrive/Kophos_Features_MVP_34/features_mp/test/1192289475439687-YOU_flip.npy
6298308396800849-YOU,test,33,UNKNOWN,/content/drive/MyDrive/Kophos_Features_MVP_34/features_mp/test/6298308396800849-YOU.npy
17987836792170242-YOU,test,33,UNKNOWN,/content/drive/MyDrive/Kophos_Features_MVP_34/features_mp/test/17987836792170242-YOU.npy
4214552830735946-YOU_flip,test,33,UNKNOWN,/content/drive/MyDrive/Kophos_Features_MVP_34/features_mp/test/4214552830735946-YOU_flip.npy
5594754583672770-YOU_flip,test,33,UNKNOWN,/content/drive/MyDrive/Kophos_Features_MVP_34/features_mp/test/5594754583672770-YOU_flip.npy
9739021665350334-YOU,test,33,UNKNOWN,/content/drive/MyDrive/Kophos_Features_MVP_34/features_mp/test/9739021665350334-YOU.npy
01653635897919692-YOU,test,33,UNKNOWN,/content/drive/MyDrive/Kophos_Features_MVP_34/features_mp/test/01653635897919692-YOU.npy
5521129539800975-YOU,test,33,UNKNOWN,/content/drive/MyDrive/Kophos_Features_MVP_34/features_mp/test/5521129539800975-YOU.npy
9150643832155461-YOU_flip,test,33,UNKNOWN,/content/drive/MyDrive/Kophos_Features_MVP_34/features_mp/test/9150643832155461-YOU_flip.npy
